status_conta,duracao_meses,historico_credito,proposito,valor_credito,poupanca,tempo_emprego,taxa_parcela,status_sexo,outros_devedores,residencia_desde,propriedades,idade,outros_planos_parcelas,moradia,creditos_existentes,emprego,dependentes,telefone,trabalhador_estrangeiro,target
A11,0.029411764705882346,A34,A43,0.0505667436997909,A65,A75,4,A93,A101,4,A121,0.8571428571428572,A143,A152,2,A173,1,A192,A201,0
A12,0.6470588235294117,A32,A43,0.3136898866512601,A61,A73,2,A92,A101,2,A121,0.0535714285714286,A143,A152,1,A173,1,A191,A201,1
A14,0.1176470588235294,A34,A46,0.10157367668097282,A61,A74,2,A93,A101,3,A121,0.5357142857142858,A143,A152,1,A172,2,A191,A201,0
A11,0.5588235294117647,A32,A42,0.4199405744470122,A61,A74,2,A93,A103,4,A122,0.46428571428571425,A143,A153,1,A173,2,A191,A201,0
A11,0.2941176470588235,A33,A40,0.25420931000330144,A61,A73,3,A93,A101,4,A124,0.6071428571428572,A143,A153,2,A173,2,A191,A201,1
A14,0.47058823529411764,A32,A46,0.4844833278309673,A65,A73,2,A93,A101,4,A124,0.28571428571428575,A143,A153,1,A172,2,A192,A201,0
A14,0.2941176470588235,A32,A42,0.14223616154946628,A63,A75,3,A93,A101,4,A122,0.6071428571428572,A143,A152,1,A173,1,A191,A201,0
A12,0.47058823529411764,A32,A41,0.3685484758446132,A61,A73,2,A93,A101,2,A123,0.28571428571428575,A143,A151,1,A174,1,A192,A201,0
A14,0.1176470588235294,A32,A43,0.15456146142841423,A64,A74,2,A91,A101,4,A121,0.75,A143,A152,1,A172,1,A191,A201,0
A12,0.38235294117647056,A34,A40,0.27423792230659183,A61,A71,4,A94,A101,2,A123,0.16071428571428575,A143,A152,2,A174,1,A191,A201,1
A12,0.1176470588235294,A32,A40,0.05749972488169913,A61,A72,3,A92,A101,1,A123,0.10714285714285715,A143,A151,1,A173,1,A191,A201,1
A11,0.6470588235294117,A32,A49,0.22328601298558381,A61,A72,3,A92,A101,4,A122,0.0892857142857143,A143,A151,1,A173,1,A191,A201,1
A12,0.1176470588235294,A32,A43,0.07246616044899307,A61,A73,1,A92,A101,1,A123,0.0535714285714286,A143,A152,1,A173,1,A192,A201,0
A11,0.2941176470588235,A34,A40,0.052217453505007144,A61,A75,4,A93,A101,4,A123,0.7321428571428572,A143,A152,2,A172,1,A191,A201,1
A11,0.16176470588235292,A32,A40,0.06344228018047761,A61,A73,2,A92,A101,4,A123,0.16071428571428575,A143,A151,1,A173,1,A191,A201,0
A11,0.2941176470588235,A32,A43,0.056784417299438755,A62,A73,4,A92,A101,2,A123,0.23214285714285715,A143,A152,1,A172,1,A191,A201,1
A14,0.2941176470588235,A34,A43,0.11962143721800374,A65,A75,4,A93,A101,4,A122,0.6071428571428572,A143,A152,2,A173,1,A191,A201,0
A11,0.38235294117647056,A30,A49,0.43039506988004844,A65,A72,2,A93,A101,3,A123,0.10714285714285715,A141,A152,3,A173,1,A191,A201,0
A12,0.2941176470588235,A32,A41,0.6783867062837019,A61,A75,4,A92,A101,2,A124,0.44642857142857145,A143,A153,1,A174,1,A192,A201,1
A14,0.2941176470588235,A32,A43,0.17497523935292178,A63,A75,3,A93,A101,2,A123,0.21428571428571425,A143,A152,1,A173,2,A192,A201,0
A14,0.07352941176470588,A34,A40,0.10366457576758006,A61,A73,4,A93,A101,4,A123,0.5178571428571428,A143,A152,3,A173,1,A192,A201,0
A11,0.029411764705882346,A32,A43,0.13189171343677783,A63,A73,2,A93,A101,3,A121,0.44642857142857145,A143,A151,1,A173,2,A191,A201,0
A11,0.08823529411764706,A34,A40,0.10955210740618465,A61,A72,1,A93,A101,3,A121,0.5178571428571428,A143,A151,2,A172,2,A191,A202,0
A12,0.1176470588235294,A34,A41,0.08550676791020138,A62,A72,3,A93,A101,4,A122,0.44642857142857145,A143,A152,1,A173,1,A191,A201,0
A14,0.08823529411764706,A34,A42,0.10008803785627819,A65,A73,2,A94,A101,1,A123,0.125,A143,A152,2,A173,1,A191,A202,0
A11,0.029411764705882346,A32,A42,0.06184659403543523,A61,A73,1,A93,A101,2,A121,0.30357142857142855,A141,A152,1,A172,1,A192,A201,0
A14,0.029411764705882346,A30,A43,0.00968416419060196,A61,A75,4,A94,A101,4,A123,0.35714285714285715,A143,A152,1,A172,1,A191,A201,0
A13,0.1176470588235294,A31,A43,0.008748761967646089,A64,A73,3,A92,A101,3,A121,0.41071428571428575,A143,A151,2,A173,1,A191,A201,0
A12,0.044117647058823525,A32,A43,0.11912622427643886,A61,A73,3,A93,A103,2,A121,0.26785714285714285,A143,A152,1,A173,1,A191,A201,0
A11,0.8235294117647058,A33,A49,0.36238582590513924,A61,A75,3,A93,A101,4,A124,0.7857142857142858,A143,A152,2,A173,1,A192,A201,1
A12,0.20588235294117646,A32,A49,0.09150434686915374,A64,A72,3,A94,A101,3,A121,0.30357142857142855,A141,A152,1,A173,1,A192,A201,0
A11,0.2941176470588235,A32,A42,0.20743919885550788,A61,A73,2,A93,A101,2,A123,0.14285714285714285,A142,A152,1,A173,1,A191,A201,0
A12,0.20588235294117646,A32,A40,0.3090128755364807,A62,A73,2,A93,A101,2,A123,0.19642857142857145,A143,A152,2,A173,1,A192,A201,0
A14,0.1176470588235294,A34,A49,0.055793991416309016,A65,A75,4,A93,A101,4,A124,0.6785714285714286,A143,A151,1,A172,1,A191,A201,0
A13,0.1176470588235294,A32,A42,0.06734896005282272,A61,A72,4,A92,A101,1,A122,0.25000000000000006,A141,A152,1,A174,1,A192,A201,0
A12,0.6029411764705882,A34,A43,0.24738637614174097,A61,A72,4,A93,A101,2,A122,0.10714285714285715,A143,A152,2,A172,1,A191,A201,1
A14,0.6470588235294117,A34,A46,0.32243864861890614,A61,A73,1,A93,A101,3,A124,0.21428571428571425,A141,A153,1,A173,1,A192,A201,0
A13,0.20588235294117646,A32,A43,0.10179377132166832,A61,A73,4,A93,A102,2,A121,0.32142857142857145,A142,A152,1,A173,1,A191,A201,1
A13,0.08823529411764706,A32,A44,0.0536480686695279,A61,A73,2,A93,A101,2,A123,0.32142857142857145,A143,A152,1,A173,1,A192,A201,0
A12,0.07352941176470588,A32,A43,0.011444921316165951,A61,A73,4,A93,A101,3,A121,0.0892857142857143,A143,A152,1,A173,1,A191,A201,0
A14,0.38235294117647056,A32,A43,0.11461428414218112,A63,A75,4,A93,A101,2,A123,0.19642857142857145,A141,A152,1,A174,1,A191,A201,0
A12,0.1176470588235294,A32,A43,0.04996148343787829,A63,A73,3,A91,A101,1,A123,0.125,A143,A152,1,A173,1,A192,A201,0
A12,0.20588235294117646,A33,A45,0.32761087267525035,A61,A73,2,A93,A101,4,A121,0.44642857142857145,A143,A152,1,A172,2,A192,A201,0
A11,0.38235294117647056,A34,A41,0.3266754704522945,A62,A74,1,A94,A101,4,A123,0.0892857142857143,A143,A151,2,A173,1,A191,A201,0
A11,0.6470588235294117,A34,A41,0.324254429404644,A61,A75,4,A92,A101,4,A124,0.6964285714285714,A142,A153,2,A172,1,A191,A201,1
A14,0.10294117647058824,A34,A40,0.06289204357873886,A61,A72,4,A92,A101,4,A123,0.28571428571428575,A143,A152,2,A174,1,A191,A201,0
A14,0.47058823529411764,A32,A43,0.1127434796962694,A63,A75,4,A93,A101,4,A123,0.35714285714285715,A143,A152,1,A173,1,A191,A201,0
A11,0.029411764705882346,A32,A41,0.06063607351160999,A63,A71,1,A92,A101,2,A122,0.07142857142857145,A143,A151,1,A171,1,A192,A201,0
A14,0.10294117647058824,A34,A40,0.38395510069329813,A61,A73,1,A93,A101,4,A122,0.35714285714285715,A143,A152,2,A172,1,A191,A201,0
A14,0.1176470588235294,A32,A43,0.10030813249697369,A62,A73,4,A92,A102,2,A121,0.16071428571428575,A143,A152,1,A173,1,A191,A201,0
A12,0.2941176470588235,A33,A42,0.11461428414218112,A65,A72,4,A93,A101,2,A122,0.17857142857142855,A141,A152,1,A172,1,A191,A201,0
A12,0.338235294117647,A33,A41,0.3144602178936943,A61,A75,1,A93,A101,2,A123,0.19642857142857145,A143,A152,2,A174,1,A192,A201,0
A14,0.1176470588235294,A32,A43,0.055683944095961266,A61,A73,3,A93,A101,2,A123,0.10714285714285715,A143,A152,1,A173,1,A191,A201,0
A14,0.20588235294117646,A32,A41,0.17211400902388027,A65,A73,2,A93,A101,1,A122,0.21428571428571425,A143,A152,1,A173,1,A192,A201,0
A12,0.47058823529411764,A33,A40,0.10867172884340266,A61,A75,4,A93,A101,4,A124,0.6785714285714286,A141,A153,2,A173,1,A192,A201,1
A14,0.029411764705882346,A31,A40,0.029327610872675252,A65,A73,1,A93,A103,2,A121,0.125,A142,A152,1,A172,2,A191,A201,0
A12,0.1176470588235294,A32,A43,0.3421371189611533,A65,A71,2,A93,A101,1,A124,0.5892857142857142,A143,A152,1,A174,1,A192,A201,1
A14,0.47058823529411764,A34,A43,0.5126004181798173,A61,A73,2,A92,A101,2,A123,0.21428571428571425,A142,A152,2,A173,1,A191,A201,0
A13,0.20588235294117646,A32,A40,0.09414548255749973,A61,A75,3,A92,A101,2,A123,0.07142857142857145,A143,A152,1,A174,1,A191,A201,0
A11,0.47058823529411764,A34,A42,0.32898646417959726,A61,A72,4,A92,A102,4,A124,0.07142857142857145,A143,A151,2,A172,1,A192,A201,1
A12,0.07352941176470588,A32,A49,0.0627819962583911,A61,A73,2,A94,A101,1,A121,0.14285714285714285,A141,A152,1,A173,1,A192,A201,0
A12,0.16176470588235292,A34,A43,0.07081545064377683,A65,A75,4,A93,A103,4,A121,0.5535714285714286,A143,A152,2,A173,1,A192,A201,0
A12,0.47058823529411764,A30,A49,0.09370529327610873,A61,A75,4,A93,A101,4,A124,0.75,A143,A153,1,A174,1,A192,A201,1
A12,0.6470588235294117,A30,A49,0.7797402883239792,A61,A73,2,A93,A101,2,A123,0.10714285714285715,A143,A152,1,A173,1,A192,A201,1
A14,0.2941176470588235,A32,A43,0.16127434796962695,A61,A72,4,A92,A101,4,A122,0.125,A143,A152,1,A173,1,A192,A201,0
A14,0.338235294117647,A32,A45,0.2718168812589414,A65,A75,4,A93,A101,4,A122,0.5178571428571428,A143,A152,4,A173,2,A192,A201,0
A14,0.1176470588235294,A32,A43,0.10570045119401342,A61,A72,2,A92,A101,2,A123,0.17857142857142855,A141,A152,1,A173,1,A191,A201,0
A12,0.1176470588235294,A32,A40,0.041652910751623196,A64,A73,4,A94,A101,1,A121,0.0535714285714286,A143,A152,1,A173,1,A191,A201,0
A14,0.47058823529411764,A32,A46,0.08633212281280951,A61,A73,4,A93,A101,4,A124,0.32142857142857145,A142,A153,1,A173,1,A192,A201,1
A14,0.47058823529411764,A32,A43,0.11797072741278751,A65,A73,4,A92,A101,4,A123,0.10714285714285715,A143,A152,1,A173,1,A191,A201,0
A14,0.47058823529411764,A32,A41,0.4337515131506548,A61,A73,1,A92,A101,2,A122,0.19642857142857145,A141,A152,1,A173,1,A191,A201,0
A14,0.044117647058823525,A34,A43,0.02641135688345989,A65,A75,4,A93,A101,2,A122,0.48214285714285715,A143,A151,2,A172,1,A192,A201,0
A11,0.058823529411764705,A34,A410,0.05029162539892153,A61,A75,3,A93,A101,4,A124,0.5714285714285714,A141,A153,2,A174,2,A192,A201,0
A12,0.5588235294117647,A34,A49,0.3138549576317817,A61,A74,2,A92,A101,1,A121,0.39285714285714285,A141,A152,2,A172,1,A191,A201,0
A11,0.47058823529411764,A32,A46,0.09502586112028172,A65,A75,4,A93,A101,4,A124,0.37499999999999994,A143,A152,1,A174,1,A192,A201,1
A11,0.1176470588235294,A34,A41,0.0702101903818642,A61,A75,4,A93,A101,4,A124,0.8392857142857144,A143,A153,2,A174,1,A191,A201,0
A11,0.5588235294117647,A32,A43,0.20441289754594477,A61,A72,4,A93,A101,3,A123,0.26785714285714285,A143,A152,1,A173,1,A191,A201,1
A12,0.10294117647058824,A33,A43,0.24876196764608782,A61,A74,2,A93,A101,4,A122,0.5714285714285714,A143,A152,1,A173,1,A191,A201,0
A14,0.7352941176470588,A30,A41,0.5054473423572136,A65,A73,2,A93,A101,2,A122,0.35714285714285715,A143,A152,1,A172,2,A191,A201,0
A12,0.38235294117647056,A32,A42,0.19709475074281943,A61,A72,2,A94,A101,1,A122,0.0535714285714286,A143,A152,1,A173,1,A191,A201,0
A14,0.2941176470588235,A32,A43,0.3132496973698691,A65,A72,1,A92,A101,1,A123,0.44642857142857145,A143,A152,2,A173,1,A192,A201,1
A14,0.16176470588235292,A32,A43,0.0529877847474414,A63,A75,4,A93,A101,3,A122,0.49999999999999994,A142,A152,1,A173,1,A192,A201,0
A14,0.20588235294117646,A32,A49,0.07252118410916694,A62,A73,3,A92,A101,4,A122,0.0892857142857143,A143,A151,1,A172,1,A191,A201,0
A11,0.2941176470588235,A32,A410,0.08281060856168151,A61,A75,4,A92,A103,4,A121,0.6964285714285714,A143,A152,1,A172,1,A192,A201,0
A11,0.08823529411764706,A32,A43,0.1136238582590514,A61,A75,3,A93,A101,4,A121,0.5892857142857142,A143,A152,1,A172,1,A191,A201,0
A14,0.1176470588235294,A34,A49,0.06393749312204247,A61,A73,4,A92,A103,2,A121,0.17857142857142855,A143,A152,2,A174,1,A192,A201,0
A12,0.20588235294117646,A34,A42,0.05749972488169913,A61,A72,4,A92,A101,1,A122,0.14285714285714285,A143,A152,2,A173,1,A191,A201,0
A12,0.47058823529411764,A32,A46,0.6802024870694399,A62,A73,1,A93,A101,4,A124,0.49999999999999994,A143,A153,1,A173,2,A192,A201,1
A11,0.20588235294117646,A32,A40,0.10999229668757565,A62,A74,4,A93,A101,3,A123,0.19642857142857145,A143,A152,1,A174,2,A192,A201,0
A11,0.1176470588235294,A30,A45,0.047210300429184546,A61,A74,4,A93,A101,3,A121,0.16071428571428575,A143,A152,2,A173,1,A191,A201,1
A14,0.1176470588235294,A34,A43,0.020248706943985912,A61,A75,4,A93,A101,4,A121,0.6607142857142858,A143,A152,1,A173,1,A191,A201,0
A11,0.1176470588235294,A34,A41,0.06377242214152085,A61,A75,4,A93,A101,3,A121,0.625,A143,A152,1,A173,1,A191,A201,0
A14,0.1176470588235294,A34,A43,0.030097942115109497,A65,A75,4,A92,A101,3,A122,0.25000000000000006,A141,A152,1,A172,2,A191,A201,1
A13,0.2941176470588235,A34,A42,0.18526466380543635,A65,A75,4,A93,A102,4,A124,0.01785714285714285,A143,A151,2,A173,1,A191,A201,0
A12,0.1176470588235294,A32,A40,0.05876526906569825,A64,A75,4,A93,A101,4,A121,0.625,A143,A152,1,A173,1,A192,A201,0
A12,0.7352941176470588,A30,A49,0.8635963464289644,A61,A72,3,A93,A101,4,A124,0.6964285714285714,A143,A151,1,A173,1,A192,A201,1
A14,0.1176470588235294,A34,A46,0.09695168922636734,A65,A74,4,A92,A101,2,A123,0.75,A143,A152,1,A173,1,A191,A201,0
A12,0.20588235294117646,A32,A49,0.13051612193243095,A62,A73,4,A93,A101,4,A123,0.26785714285714285,A143,A152,1,A173,1,A191,A201,0
A12,0.47058823529411764,A34,A43,0.11483437878287663,A61,A75,4,A93,A101,4,A121,0.30357142857142855,A143,A152,1,A173,1,A191,A201,0
A12,0.23529411764705882,A33,A41,0.37454605480356556,A65,A74,3,A93,A101,4,A122,0.30357142857142855,A141,A151,2,A174,2,A192,A201,0
A14,0.2941176470588235,A32,A40,0.06707384175195334,A62,A75,4,A94,A101,4,A121,0.39285714285714285,A143,A151,1,A172,1,A191,A201,0
A12,0.47058823529411764,A32,A43,0.1140640475404424,A61,A74,4,A93,A101,4,A123,0.0892857142857143,A143,A151,1,A173,1,A191,A201,0
A14,0.029411764705882346,A33,A43,0.037526136238582586,A61,A73,3,A92,A101,2,A121,0.0892857142857143,A143,A152,1,A173,1,A191,A201,0
A12,0.07352941176470588,A34,A42,0.09183448883019699,A61,A74,4,A93,A101,3,A123,0.28571428571428575,A143,A151,1,A173,1,A192,A201,0
A14,0.1176470588235294,A32,A41,0.12077693408165512,A65,A72,2,A94,A101,4,A123,0.125,A143,A151,1,A173,1,A192,A201,0
A12,0.2941176470588235,A34,A410,0.6431165401122483,A61,A73,2,A93,A102,3,A123,0.35714285714285715,A143,A152,2,A174,2,A192,A201,1
A14,0.20588235294117646,A31,A40,0.34158688235941453,A61,A75,2,A93,A101,4,A124,0.35714285714285715,A141,A152,2,A174,2,A192,A201,1
A12,0.1176470588235294,A32,A40,0.32067789149334214,A61,A74,2,A93,A101,2,A123,0.23214285714285715,A143,A152,1,A173,1,A191,A201,0
A11,0.2941176470588235,A32,A42,0.4110817651590184,A65,A72,1,A92,A101,2,A122,0.19642857142857145,A143,A152,1,A173,1,A192,A202,0
A12,0.14705882352941174,A32,A49,0.06382744580169472,A63,A75,1,A94,A101,2,A121,0.28571428571428575,A143,A152,1,A173,1,A192,A201,0
A12,0.029411764705882346,A33,A49,0.06597336854847584,A62,A75,1,A91,A101,2,A123,0.21428571428571425,A141,A152,2,A173,2,A191,A201,0
A13,0.16176470588235292,A32,A46,0.007813359744690218,A61,A72,4,A92,A101,4,A122,0.07142857142857145,A143,A151,1,A173,1,A192,A201,0
A12,0.20588235294117646,A32,A40,0.33069219764498736,A61,A74,3,A93,A101,3,A121,0.16071428571428575,A143,A151,1,A172,1,A191,A201,0
A14,0.47058823529411764,A34,A40,0.4184549356223176,A61,A73,4,A92,A101,2,A121,0.10714285714285715,A142,A152,2,A173,1,A192,A201,1
A11,0.1176470588235294,A32,A43,0.07868383404864092,A63,A75,3,A94,A101,1,A121,0.28571428571428575,A143,A152,1,A173,1,A191,A201,0
A14,0.6470588235294117,A34,A43,0.18311874105865522,A65,A75,4,A93,A101,1,A121,0.49999999999999994,A143,A152,1,A173,1,A192,A201,0
A11,0.5588235294117647,A32,A43,0.3809838230439089,A65,A74,4,A92,A101,3,A123,0.19642857142857145,A143,A152,1,A174,1,A192,A201,1
A11,0.08823529411764706,A34,A42,0.10355452844723231,A65,A72,2,A92,A102,3,A121,0.14285714285714285,A143,A151,2,A173,1,A191,A202,0
A11,0.4264705882352941,A34,A42,0.22180037416088919,A63,A73,1,A92,A101,4,A123,0.07142857142857145,A143,A152,2,A173,1,A191,A201,1
A12,0.1176470588235294,A34,A40,0.116430064927919,A63,A74,3,A91,A101,3,A123,0.30357142857142855,A143,A152,1,A174,1,A192,A201,0
A11,0.25,A32,A43,0.0872125013755915,A61,A73,3,A92,A101,2,A121,0.10714285714285715,A143,A152,2,A173,1,A192,A201,1
A14,0.2941176470588235,A34,A41,0.1990756025090789,A61,A75,4,A92,A101,2,A123,0.39285714285714285,A143,A151,2,A174,1,A192,A201,0
A14,0.1176470588235294,A32,A42,0.08352591614394189,A61,A73,3,A93,A101,2,A121,0.0892857142857143,A143,A151,1,A172,1,A191,A201,0
A13,0.08823529411764706,A34,A40,0.0292175635523275,A61,A75,4,A93,A101,4,A124,0.7857142857142858,A143,A153,2,A173,1,A192,A201,0
A12,0.20588235294117646,A32,A42,0.09210960713106636,A65,A72,4,A92,A101,3,A121,0.14285714285714285,A143,A151,1,A173,1,A191,A201,1
A11,0.1176470588235294,A34,A40,0.10294926818531969,A61,A73,4,A93,A101,2,A122,0.19642857142857145,A143,A152,2,A173,1,A191,A201,0
A11,0.1176470588235294,A32,A43,0.024815670738417523,A61,A73,4,A94,A101,2,A121,0.37499999999999994,A143,A152,1,A172,1,A191,A201,0
A12,0.1176470588235294,A32,A45,0.021404203807637284,A61,A73,4,A93,A101,2,A123,0.19642857142857145,A143,A152,1,A173,1,A191,A201,1
A12,0.1176470588235294,A34,A41,0.08858809287993837,A61,A71,4,A93,A101,2,A123,0.26785714285714285,A143,A152,2,A174,1,A192,A201,0
A11,0.1176470588235294,A34,A40,0.17877187190491914,A61,A73,3,A92,A102,2,A121,0.17857142857142855,A143,A152,2,A173,1,A191,A201,1
A12,0.6470588235294117,A32,A40,0.45322988885220644,A65,A74,1,A92,A101,2,A123,0.0892857142857143,A143,A152,1,A173,1,A191,A201,0
A11,0.47058823529411764,A33,A46,0.36519203257400684,A61,A73,4,A93,A101,3,A122,0.17857142857142855,A142,A152,1,A173,1,A192,A201,1
A14,0.16176470588235292,A32,A42,0.1352481567073842,A61,A72,2,A93,A101,3,A122,0.14285714285714285,A141,A152,2,A172,1,A191,A201,0
A14,0.20588235294117646,A32,A42,0.09541102674149884,A61,A73,4,A93,A101,4,A124,0.49999999999999994,A141,A153,2,A173,1,A191,A201,0
A14,0.8235294117647058,A32,A43,0.5444040937603168,A62,A74,2,A92,A101,4,A121,0.035714285714285754,A143,A152,1,A173,1,A192,A201,0
A14,0.1176470588235294,A34,A43,0.05447342357213601,A65,A75,4,A92,A101,2,A121,0.33928571428571425,A143,A152,2,A173,1,A192,A201,0
A14,0.338235294117647,A33,A41,0.46016287003411466,A64,A73,2,A93,A101,2,A123,0.14285714285714285,A143,A152,2,A173,1,A191,A201,0
A12,0.1176470588235294,A32,A43,0.02839220864971938,A63,A73,4,A93,A101,3,A121,0.8392857142857144,A143,A152,1,A172,1,A191,A201,1
A12,0.16176470588235292,A34,A43,0.1363486299108617,A65,A74,4,A93,A103,2,A121,0.28571428571428575,A141,A152,3,A173,1,A192,A201,0
A13,0.1176470588235294,A32,A43,0.08974358974358974,A61,A73,2,A92,A101,2,A123,0.44642857142857145,A143,A151,1,A172,1,A192,A201,0
A13,0.029411764705882346,A32,A40,0.025255860019808517,A64,A72,2,A94,A101,2,A121,0.14285714285714285,A143,A152,1,A171,1,A191,A202,0
A12,0.47058823529411764,A32,A43,0.2500825354902608,A61,A72,4,A92,A101,1,A124,0.19642857142857145,A143,A152,1,A174,1,A192,A201,0
A11,0.338235294117647,A32,A43,0.17420490811048753,A61,A73,3,A93,A101,2,A123,0.14285714285714285,A143,A152,1,A174,1,A191,A201,0
A11,0.20588235294117646,A32,A42,0.121712336304611,A61,A73,2,A93,A101,2,A123,0.0535714285714286,A143,A152,1,A173,1,A191,A201,1
A14,0.25,A34,A42,0.11213821943435677,A61,A72,4,A92,A101,4,A122,0.07142857142857145,A143,A152,1,A173,1,A192,A201,0
A12,0.6470588235294117,A31,A49,0.18245845713656875,A62,A74,4,A93,A101,2,A123,0.19642857142857145,A143,A152,1,A173,1,A191,A201,0
A11,0.029411764705882346,A34,A40,0.0335644327060636,A61,A75,1,A92,A101,4,A124,0.35714285714285715,A143,A152,2,A173,1,A192,A201,0
A14,0.1176470588235294,A34,A40,0.023770221195113902,A62,A74,4,A92,A101,3,A123,0.5714285714285714,A143,A152,2,A173,1,A192,A201,0
A11,0.47058823529411764,A34,A42,0.2817761637504127,A61,A73,3,A93,A103,2,A122,0.16071428571428575,A143,A152,2,A173,1,A191,A201,0
A14,0.20588235294117646,A34,A43,0.07329151535160118,A64,A75,4,A93,A101,4,A123,0.48214285714285715,A143,A152,2,A173,1,A191,A201,0
A14,0.029411764705882346,A32,A43,0.06030593155056674,A62,A75,2,A93,A101,4,A124,0.41071428571428575,A141,A153,1,A173,2,A192,A201,0
A14,0.08823529411764706,A32,A43,0.09210960713106636,A61,A73,1,A93,A101,4,A122,0.33928571428571425,A143,A152,1,A173,1,A192,A202,0
A13,0.47058823529411764,A32,A43,0.30802244965335096,A61,A73,4,A93,A101,1,A123,0.0892857142857143,A143,A152,1,A173,1,A191,A201,0
A12,0.2941176470588235,A34,A41,0.41311764058545175,A64,A75,2,A92,A101,4,A124,0.17857142857142855,A143,A151,1,A173,1,A191,A201,0
A12,0.2941176470588235,A33,A49,0.3695939253879168,A62,A74,4,A93,A101,4,A123,0.30357142857142855,A143,A151,1,A174,1,A192,A201,0
A11,0.1176470588235294,A32,A42,0.056784417299438755,A61,A73,2,A92,A101,4,A123,0.01785714285714285,A143,A151,1,A173,1,A191,A201,1
A11,0.07352941176470588,A34,A45,0.057114559260482006,A62,A75,3,A93,A103,4,A121,0.5178571428571428,A143,A152,2,A173,2,A191,A202,0
A11,0.1176470588235294,A31,A48,0.004897105755474855,A61,A75,4,A94,A101,1,A123,0.46428571428571425,A141,A152,1,A172,1,A191,A201,0
A12,0.2941176470588235,A32,A40,0.1794871794871795,A62,A74,2,A93,A101,3,A123,0.33928571428571425,A141,A152,2,A173,1,A192,A201,0
A14,0.029411764705882346,A34,A43,0.09067899196654561,A65,A73,1,A93,A101,2,A121,0.26785714285714285,A143,A152,2,A172,2,A191,A201,0
A14,0.2941176470588235,A34,A43,0.14427203697589966,A62,A75,3,A93,A101,4,A121,0.30357142857142855,A143,A152,1,A173,2,A192,A201,0
A14,0.20588235294117646,A34,A40,0.04429404643996919,A61,A72,4,A92,A101,1,A122,0.19642857142857145,A143,A152,2,A173,1,A191,A201,0
A14,0.16176470588235292,A32,A44,0.055683944095961266,A63,A74,4,A93,A101,3,A122,0.30357142857142855,A143,A152,2,A173,1,A192,A201,0
A12,0.08823529411764706,A32,A40,0.3883569935072081,A61,A71,2,A93,A101,4,A124,0.9107142857142858,A141,A153,1,A174,1,A192,A201,0
A14,0.47058823529411764,A32,A40,0.03626059205458347,A63,A75,4,A93,A101,4,A122,0.30357142857142855,A143,A152,1,A173,1,A191,A201,0
A14,0.029411764705882346,A32,A42,0.15010454495433037,A63,A73,1,A93,A101,2,A123,0.23214285714285715,A143,A152,1,A173,1,A192,A201,0
A11,0.20588235294117646,A32,A42,0.048475844613183675,A61,A71,4,A92,A101,2,A123,0.25000000000000006,A143,A152,1,A173,1,A191,A201,1
A12,0.10294117647058824,A32,A42,0.07301639705073182,A64,A72,4,A92,A101,1,A121,0.01785714285714285,A143,A152,1,A173,1,A191,A201,0
A14,0.2941176470588235,A32,A42,0.2047980631671619,A61,A74,2,A92,A101,4,A122,0.10714285714285715,A143,A151,1,A173,1,A192,A201,0
A12,0.2941176470588235,A34,A49,0.09271486739297898,A61,A75,4,A91,A101,4,A121,0.21428571428571425,A143,A152,2,A173,1,A192,A201,1
A11,0.16176470588235292,A30,A40,0.03851656212171234,A61,A75,4,A93,A101,3,A123,0.25000000000000006,A143,A151,2,A173,2,A191,A201,1
A14,0.1176470588235294,A32,A42,0.028227137669197756,A61,A73,4,A92,A101,1,A121,0.125,A143,A152,1,A173,1,A192,A201,0
A12,0.2941176470588235,A33,A42,0.09981291955540883,A61,A71,3,A92,A101,2,A122,0.26785714285714285,A143,A152,1,A174,1,A192,A201,1
A12,0.058823529411764705,A32,A43,0.06404754044239022,A61,A73,4,A93,A103,2,A121,0.25000000000000006,A143,A152,1,A173,1,A191,A202,0
A11,0.25,A33,A46,0.17409486079013978,A61,A72,2,A93,A101,1,A122,0.125,A143,A152,2,A173,1,A191,A201,1
A14,0.38235294117647056,A31,A41,0.39809618135798397,A65,A71,4,A92,A101,1,A121,0.6071428571428572,A141,A152,1,A174,1,A192,A201,1
A11,0.1176470588235294,A32,A42,0.1280400572246066,A61,A73,2,A91,A101,1,A123,0.41071428571428575,A143,A152,1,A173,1,A191,A201,0
A11,0.029411764705882346,A34,A43,0.00484208209530098,A63,A75,4,A93,A101,4,A123,0.5892857142857142,A143,A152,2,A173,1,A191,A201,0
A14,0.1176470588235294,A32,A43,0.09425552987784747,A61,A74,4,A93,A101,2,A123,0.21428571428571425,A143,A151,2,A174,2,A192,A201,0
A11,0.25,A34,A40,0.0176625949158138,A61,A75,4,A93,A101,4,A121,0.8214285714285714,A143,A152,2,A173,1,A191,A201,0
A14,0.47058823529411764,A33,A49,0.5129305601408606,A61,A72,1,A91,A101,1,A123,0.16071428571428575,A143,A152,2,A173,1,A191,A201,1
A12,0.47058823529411764,A33,A49,0.2313744910311434,A61,A73,2,A91,A101,2,A121,0.19642857142857145,A142,A152,2,A174,1,A192,A201,1
A11,0.25,A31,A40,0.07686805326290305,A65,A73,4,A93,A101,2,A122,0.37499999999999994,A143,A152,2,A172,2,A191,A201,1
A14,0.2941176470588235,A34,A42,0.19406844943325632,A64,A73,4,A93,A101,4,A121,0.5535714285714286,A143,A152,1,A173,1,A192,A201,0
A12,0.20588235294117646,A34,A40,0.034885000550236606,A61,A75,4,A93,A101,4,A123,0.30357142857142855,A141,A152,1,A173,2,A192,A201,1
A14,0.16176470588235292,A34,A43,0.06107626279300099,A61,A73,4,A93,A101,2,A122,0.21428571428571425,A143,A152,2,A173,1,A191,A201,0
A12,0.07352941176470588,A31,A41,0.268460437988335,A61,A75,2,A92,A101,4,A124,0.9821428571428572,A141,A153,1,A174,2,A192,A201,1
A12,0.1764705882352941,A34,A40,0.050896885660834154,A61,A71,2,A93,A101,3,A123,0.875,A143,A153,3,A171,1,A192,A201,0
A11,0.1176470588235294,A32,A43,0.0233300319137229,A62,A74,4,A94,A101,1,A122,0.01785714285714285,A143,A152,1,A173,1,A191,A201,1
A12,0.20588235294117646,A30,A42,0.16474083856058105,A61,A73,1,A92,A101,4,A123,0.25000000000000006,A141,A152,2,A173,1,A192,A201,0
A14,0.2941176470588235,A32,A49,0.23885770881479035,A64,A73,2,A93,A101,3,A122,0.625,A143,A152,3,A174,1,A192,A201,1
A12,0.6470588235294117,A30,A49,0.19775503466490593,A62,A74,4,A93,A101,4,A124,0.26785714285714285,A143,A153,1,A172,2,A191,A201,1
A12,0.338235294117647,A32,A49,0.20166171453725104,A61,A73,4,A93,A101,2,A123,0.30357142857142855,A143,A152,1,A173,2,A192,A201,1
A14,0.029411764705882346,A32,A43,0.10223396060305931,A61,A74,2,A94,A101,2,A121,0.17857142857142855,A143,A151,1,A173,1,A191,A201,0
A12,0.6029411764705882,A32,A43,0.15302079894354573,A62,A73,4,A93,A103,4,A122,0.035714285714285754,A143,A151,1,A173,1,A191,A201,1
A12,0.07352941176470588,A34,A46,0.06883459887751733,A61,A75,2,A92,A101,3,A123,0.26785714285714285,A143,A152,2,A174,1,A192,A201,1
A14,0.029411764705882346,A34,A43,0.06228678331682623,A61,A73,1,A92,A101,1,A123,0.16071428571428575,A143,A152,2,A173,1,A192,A201,0
A12,0.1176470588235294,A32,A42,0.038571585781886214,A62,A72,4,A92,A101,4,A123,0.14285714285714285,A141,A151,4,A173,1,A191,A201,1
A12,0.2941176470588235,A32,A41,0.13810938703642567,A65,A75,4,A93,A101,4,A124,0.30357142857142855,A141,A153,1,A173,1,A192,A201,0
A12,0.20588235294117646,A33,A42,0.2226807527236712,A61,A75,4,A91,A101,3,A124,0.37499999999999994,A143,A152,1,A174,1,A192,A201,1
A14,0.07352941176470588,A34,A46,0.037746230879278087,A63,A75,4,A93,A101,2,A123,0.5892857142857142,A143,A152,2,A173,1,A192,A201,0
A11,0.1176470588235294,A32,A40,0.05051172003961703,A61,A73,4,A94,A101,3,A121,0.14285714285714285,A143,A152,1,A172,1,A191,A201,0
A14,0.338235294117647,A33,A49,0.2678001540662485,A61,A74,3,A93,A101,4,A123,0.125,A143,A152,2,A173,1,A191,A201,0
A11,0.1176470588235294,A32,A48,0.035875426433366345,A61,A74,4,A94,A101,4,A122,0.035714285714285754,A143,A151,1,A173,1,A191,A201,1
A14,0.1176470588235294,A34,A40,0.06850445691647408,A61,A75,4,A93,A101,1,A121,0.33928571428571425,A143,A152,2,A172,2,A191,A201,0
A11,0.38235294117647056,A34,A41,0.5707604269836029,A61,A75,3,A93,A101,4,A124,0.33928571428571425,A143,A153,3,A174,2,A192,A201,0
A14,0.1176470588235294,A34,A42,0.09271486739297898,A61,A75,4,A93,A101,4,A121,0.42857142857142855,A143,A152,3,A173,1,A192,A201,0
A12,0.1176470588235294,A34,A44,0.06459777704412897,A61,A74,4,A93,A101,3,A122,0.125,A143,A152,1,A173,1,A191,A201,0
A11,0.2941176470588235,A32,A49,0.3476394849785408,A61,A73,2,A94,A101,2,A123,0.035714285714285754,A142,A152,1,A172,1,A191,A201,0
A14,0.1176470588235294,A32,A41,0.06399251678221635,A64,A74,3,A93,A101,2,A122,0.6428571428571428,A143,A152,1,A173,1,A191,A202,0
A14,0.07352941176470588,A34,A43,0.15538681633102236,A65,A73,1,A93,A101,2,A121,0.25000000000000006,A143,A152,2,A173,2,A191,A201,0
A14,0.47058823529411764,A32,A43,0.19725982172334106,A65,A75,2,A92,A101,4,A121,0.46428571428571425,A143,A152,1,A172,1,A192,A201,0
A11,0.338235294117647,A30,A49,0.27748431825685044,A61,A71,2,A93,A101,4,A122,0.5535714285714286,A142,A152,2,A173,1,A192,A201,1
A13,0.38235294117647056,A33,A49,0.09122922856828436,A61,A75,4,A93,A101,4,A121,0.8392857142857144,A143,A152,1,A174,1,A192,A201,1
A14,0.47058823529411764,A34,A43,0.1701331572576208,A65,A75,4,A93,A101,2,A123,0.5714285714285714,A143,A152,1,A173,1,A192,A201,0
A12,0.029411764705882346,A34,A48,0.037526136238582586,A65,A74,1,A92,A101,3,A122,0.35714285714285715,A143,A152,2,A172,1,A191,A201,0
A11,0.20588235294117646,A30,A49,0.1570375261362386,A61,A74,3,A93,A101,1,A122,0.21428571428571425,A141,A152,1,A173,1,A192,A201,0
A13,0.47058823529411764,A32,A43,0.2015516672169033,A61,A73,2,A93,A101,2,A121,0.07142857142857145,A143,A152,1,A173,1,A192,A201,0
A11,0.2941176470588235,A32,A42,0.15247056234180698,A61,A73,2,A91,A101,2,A121,0.0892857142857143,A143,A151,1,A172,1,A191,A201,0
A14,0.08823529411764706,A32,A40,0.06129635743369649,A61,A73,2,A92,A101,4,A123,0.8035714285714286,A143,A152,1,A173,1,A192,A201,0
A12,0.1176470588235294,A32,A43,0.020633872565203038,A61,A72,4,A94,A103,1,A121,0.125,A141,A152,1,A172,1,A191,A201,0
A11,0.1176470588235294,A32,A46,0.05227247716518102,A65,A73,4,A92,A101,4,A122,0.07142857142857145,A141,A151,1,A173,1,A192,A201,0
A14,0.1176470588235294,A32,A43,0.025145812699460767,A61,A73,4,A93,A101,2,A121,0.19642857142857145,A141,A152,2,A173,1,A191,A201,0
A14,0.2941176470588235,A33,A49,0.15010454495433037,A65,A73,4,A93,A101,4,A121,0.23214285714285715,A143,A152,2,A173,2,A192,A201,0
A14,0.16176470588235292,A32,A41,0.2424892703862661,A61,A73,3,A93,A101,2,A123,0.19642857142857145,A143,A152,1,A173,1,A192,A201,0
A14,0.47058823529411764,A30,A45,0.13002090899086607,A61,A73,4,A93,A101,2,A123,0.14285714285714285,A143,A152,2,A173,1,A191,A201,0
A12,0.6470588235294117,A32,A43,0.5893584241223726,A64,A74,1,A93,A102,2,A124,0.14285714285714285,A141,A152,2,A173,1,A192,A201,1
A11,0.1176470588235294,A32,A42,0.41900517222405637,A61,A75,4,A93,A101,4,A124,0.6071428571428572,A143,A153,1,A174,1,A192,A201,1
A14,0.07352941176470588,A32,A43,0.0675690546935182,A61,A74,4,A93,A101,2,A123,0.0535714285714286,A143,A152,1,A173,1,A191,A201,1
A11,0.2941176470588235,A32,A42,0.15951359084406297,A61,A72,4,A93,A101,1,A124,0.0535714285714286,A141,A153,1,A173,1,A191,A201,0
A13,0.47058823529411764,A32,A43,0.21789369428854408,A61,A73,4,A93,A101,2,A123,0.125,A143,A152,1,A173,1,A191,A201,1
A14,0.07352941176470588,A32,A40,0.12418840101243535,A63,A75,2,A93,A101,4,A124,0.5714285714285714,A143,A153,1,A172,1,A191,A201,0
A14,0.1176470588235294,A32,A43,0.10404974138879718,A62,A74,3,A93,A101,1,A124,0.28571428571428575,A143,A152,1,A173,1,A191,A201,0
A12,0.20588235294117646,A32,A43,0.03389457466710685,A61,A73,4,A94,A103,2,A121,0.10714285714285715,A143,A152,1,A172,1,A191,A201,0
A14,0.0,A34,A43,0.07120061626499395,A61,A74,2,A93,A101,1,A121,0.41071428571428575,A143,A152,3,A172,2,A191,A201,0
A11,0.2941176470588235,A32,A43,0.086552217453505,A61,A71,4,A93,A101,2,A123,0.19642857142857145,A142,A152,1,A174,2,A191,A201,1
A12,0.029411764705882346,A32,A40,0.7871134587872785,A65,A71,1,A93,A101,2,A122,0.07142857142857145,A143,A152,1,A171,1,A192,A201,1
A12,0.25,A32,A49,0.1384945526576428,A62,A75,4,A91,A101,2,A123,0.75,A141,A151,2,A172,1,A191,A201,1
A14,0.1176470588235294,A34,A43,0.05727963024100363,A61,A73,4,A92,A101,2,A122,0.28571428571428575,A143,A152,2,A173,1,A191,A201,0
A11,0.38235294117647056,A32,A43,0.1250137559150435,A61,A75,1,A93,A103,3,A122,0.35714285714285715,A143,A152,1,A173,2,A191,A201,0
A11,0.2941176470588235,A32,A40,0.03659073401562672,A65,A75,4,A92,A101,2,A123,0.17857142857142855,A141,A152,1,A173,1,A191,A201,1
A14,0.029411764705882346,A32,A43,0.07400682293386156,A61,A74,3,A93,A101,2,A122,0.5714285714285714,A143,A152,1,A173,2,A191,A201,0
A11,0.6470588235294117,A30,A41,0.2396280400572246,A61,A75,3,A93,A101,4,A124,0.0892857142857143,A143,A153,2,A173,2,A191,A201,1
A14,0.1176470588235294,A34,A49,0.051447122262572906,A61,A73,3,A92,A101,2,A121,0.14285714285714285,A143,A152,2,A173,1,A191,A201,0
A14,0.1176470588235294,A31,A48,0.17591064157587763,A63,A73,4,A92,A101,3,A121,0.28571428571428575,A143,A152,1,A172,2,A191,A201,0
A14,0.2941176470588235,A32,A49,0.055463849455265765,A61,A74,4,A93,A101,1,A121,0.10714285714285715,A143,A152,1,A173,1,A192,A201,0
A14,0.1176470588235294,A34,A43,0.02569604930119952,A61,A75,4,A93,A101,4,A121,0.5892857142857142,A143,A152,3,A173,1,A191,A201,0
A14,0.029411764705882346,A30,A40,0.05249257180587652,A62,A73,4,A93,A101,1,A124,0.28571428571428575,A141,A151,1,A173,1,A191,A202,0
A13,0.2941176470588235,A32,A42,0.09216463079124024,A61,A73,2,A93,A101,2,A121,0.125,A143,A152,1,A173,1,A191,A201,0
A14,0.20588235294117646,A32,A43,0.010069329811819083,A61,A71,3,A92,A102,4,A121,0.0535714285714286,A143,A151,1,A173,1,A191,A201,1
A11,0.029411764705882346,A34,A40,0.022889842632331906,A64,A74,3,A92,A101,4,A121,0.35714285714285715,A143,A152,2,A172,1,A192,A201,0
A13,0.1176470588235294,A32,A42,0.1101023440079234,A61,A73,1,A92,A101,2,A123,0.48214285714285715,A143,A152,1,A172,1,A191,A201,0
A12,0.38235294117647056,A32,A40,0.10454495433036205,A61,A73,4,A92,A103,2,A124,0.0892857142857143,A141,A152,1,A173,1,A191,A201,1
A14,0.2941176470588235,A33,A42,0.21464729833828547,A62,A73,2,A93,A101,3,A122,0.28571428571428575,A143,A152,2,A173,1,A191,A201,0
A12,0.07352941176470588,A32,A42,0.09794211510949709,A65,A74,2,A93,A101,1,A123,0.0892857142857143,A143,A152,1,A173,1,A192,A201,0
A12,0.8235294117647058,A33,A43,0.39440959612633436,A65,A73,1,A93,A101,1,A121,0.14285714285714285,A143,A152,1,A172,1,A191,A201,0
A14,0.2941176470588235,A34,A43,0.13392758886321118,A61,A73,4,A93,A101,2,A121,0.28571428571428575,A143,A152,2,A172,1,A191,A201,0
A11,0.1176470588235294,A31,A43,0.10448993067018818,A61,A73,4,A91,A101,1,A124,0.17857142857142855,A143,A153,1,A173,1,A191,A201,1
A14,0.16176470588235292,A32,A41,0.19599427753934193,A62,A72,1,A92,A101,4,A123,0.07142857142857145,A143,A152,1,A173,1,A192,A201,0
A14,0.10294117647058824,A34,A43,0.04974138879718279,A62,A71,4,A92,A101,4,A121,0.6785714285714286,A143,A152,3,A172,1,A191,A201,0
A11,0.1176470588235294,A32,A42,0.07741828986464179,A61,A73,2,A93,A101,2,A121,0.14285714285714285,A143,A152,1,A173,1,A191,A201,0
A11,0.2941176470588235,A32,A43,0.07444701221525256,A61,A75,4,A92,A101,4,A123,0.6428571428571428,A143,A152,1,A173,1,A191,A201,0
A11,0.20588235294117646,A34,A40,0.27797953119841534,A61,A75,2,A93,A101,4,A124,0.30357142857142855,A143,A153,3,A174,1,A192,A201,0
A14,0.1176470588235294,A34,A46,0.13744910311433917,A61,A75,2,A92,A101,4,A124,0.6785714285714286,A141,A153,3,A172,1,A191,A201,0
A14,0.08823529411764706,A34,A40,0.05397821063057115,A61,A75,3,A93,A101,4,A121,0.23214285714285715,A143,A152,2,A172,2,A191,A202,0
A12,0.16176470588235292,A32,A43,0.030373060415978873,A61,A75,4,A93,A101,3,A123,0.32142857142857145,A143,A152,1,A173,2,A191,A201,1
A14,0.47058823529411764,A34,A49,0.33311323869263787,A65,A75,4,A93,A101,4,A121,0.30357142857142855,A143,A152,2,A173,1,A191,A201,0
A14,0.2941176470588235,A32,A43,0.07059535600308132,A61,A72,4,A92,A101,3,A123,0.33928571428571425,A142,A152,1,A173,1,A192,A201,0
A11,0.14705882352941174,A32,A40,0.48024650599757895,A61,A75,1,A91,A101,4,A122,0.46428571428571425,A143,A152,1,A174,1,A192,A202,1
A14,0.2941176470588235,A32,A43,0.041212721470232194,A65,A75,4,A93,A101,2,A123,0.10714285714285715,A143,A152,2,A173,1,A191,A201,0
A14,0.20588235294117646,A32,A40,0.13271706833938596,A65,A74,4,A93,A101,3,A122,0.23214285714285715,A143,A152,1,A173,1,A191,A202,0
A14,0.1176470588235294,A34,A42,0.06338725652030373,A63,A74,3,A92,A101,4,A123,0.32142857142857145,A143,A151,1,A173,1,A192,A201,0
A12,0.6470588235294117,A31,A40,0.6558270056124132,A65,A71,4,A93,A102,4,A124,0.30357142857142855,A143,A153,1,A174,1,A192,A201,0
A12,0.6470588235294117,A32,A43,0.1546164850885881,A61,A74,4,A93,A101,4,A121,0.16071428571428575,A143,A152,2,A173,1,A191,A201,1
A11,0.38235294117647056,A32,A45,0.6464179597226807,A61,A72,1,A91,A101,1,A124,0.26785714285714285,A143,A152,1,A172,1,A192,A201,1
A14,0.07352941176470588,A32,A43,0.13464289644547156,A61,A73,1,A93,A101,2,A121,0.23214285714285715,A143,A152,1,A173,2,A191,A201,0
A14,0.20588235294117646,A34,A43,0.11852096401452623,A61,A73,2,A92,A101,2,A123,0.125,A143,A152,2,A173,1,A191,A201,0
A11,0.1176470588235294,A32,A42,0.055683944095961266,A65,A75,2,A91,A101,4,A122,0.5357142857142858,A143,A152,1,A172,1,A192,A201,0
A14,0.029411764705882346,A32,A42,0.23995818201826785,A61,A72,1,A92,A101,4,A122,0.23214285714285715,A143,A152,1,A173,1,A191,A201,1
A14,0.2941176470588235,A32,A43,0.09084406294706723,A62,A73,4,A93,A101,4,A123,0.17857142857142855,A143,A151,1,A174,1,A192,A201,0
A14,0.16176470588235292,A34,A41,0.17156377242214152,A64,A75,3,A93,A101,4,A124,0.07142857142857145,A143,A151,2,A173,1,A192,A201,0
A14,0.1176470588235294,A32,A42,0.07285132607021019,A61,A73,4,A93,A101,2,A121,0.5535714285714286,A143,A152,1,A173,1,A191,A201,0
A13,0.20588235294117646,A31,A43,0.06575327390778034,A65,A74,4,A93,A101,4,A123,0.5357142857142858,A141,A152,1,A172,1,A191,A201,0
A14,0.16176470588235292,A34,A42,0.06988004842082095,A65,A75,4,A93,A101,4,A122,0.7857142857142858,A143,A152,1,A173,1,A191,A201,0
A12,0.2941176470588235,A34,A40,0.19962583911081766,A62,A72,4,A91,A101,2,A123,0.32142857142857145,A143,A152,1,A173,1,A192,A201,0
A11,0.6323529411764706,A32,A40,0.5762077693408165,A61,A72,1,A92,A101,1,A121,0.28571428571428575,A143,A152,1,A172,1,A192,A201,0
A11,0.6470588235294117,A32,A41,0.24969736986904373,A61,A74,4,A93,A101,3,A122,0.125,A143,A152,1,A173,2,A191,A201,0
A12,0.6470588235294117,A33,A410,0.4034334763948498,A62,A71,2,A93,A101,4,A124,0.21428571428571425,A143,A153,1,A174,1,A192,A201,0
A12,0.1176470588235294,A32,A43,0.04632992186640256,A61,A73,4,A92,A103,4,A121,0.5357142857142858,A143,A152,2,A173,1,A192,A201,0
A11,0.2941176470588235,A33,A43,0.04258831297457907,A61,A72,4,A94,A101,4,A121,0.5178571428571428,A142,A152,1,A173,1,A191,A201,1
A14,0.1176470588235294,A32,A49,0.045449543303620554,A61,A73,2,A94,A101,2,A121,0.125,A143,A152,1,A173,1,A192,A202,0
A12,0.47058823529411764,A32,A41,0.5033564432706064,A61,A72,1,A94,A101,4,A123,0.16071428571428575,A143,A151,1,A174,1,A192,A201,1
A11,0.2941176470588235,A34,A41,0.33944095961263343,A61,A75,2,A92,A101,4,A124,0.44642857142857145,A143,A153,2,A174,2,A192,A201,0
A13,0.5588235294117647,A34,A41,0.2501375591504347,A61,A75,4,A93,A101,4,A124,0.6607142857142858,A143,A153,1,A173,1,A191,A201,0
A14,0.6470588235294117,A34,A49,0.40601958842302194,A65,A75,4,A91,A101,2,A123,0.48214285714285715,A141,A152,2,A174,2,A191,A201,0
A12,0.6470588235294117,A32,A42,0.5342797402883239,A61,A72,1,A92,A101,2,A123,0.125,A143,A152,1,A173,1,A192,A201,1
A14,0.1176470588235294,A32,A41,0.24347969626939586,A65,A72,1,A92,A101,4,A123,0.01785714285714285,A143,A151,1,A173,1,A191,A201,0
A14,0.08823529411764706,A32,A40,0.05705953560030813,A65,A75,4,A93,A102,2,A122,0.46428571428571425,A143,A152,1,A172,1,A191,A202,0
A14,0.20588235294117646,A32,A42,0.12462859029382635,A61,A73,3,A93,A101,4,A121,0.42857142857142855,A143,A152,1,A173,1,A192,A201,0
A12,0.25,A34,A42,0.13728403213381754,A64,A74,3,A93,A101,2,A123,0.23214285714285715,A143,A152,2,A173,1,A192,A201,0
A14,0.029411764705882346,A32,A40,0.02321998459337515,A61,A71,1,A92,A101,4,A121,0.625,A143,A152,1,A171,1,A192,A201,0
A12,0.47058823529411764,A30,A43,0.19555408825795093,A61,A73,4,A92,A101,1,A123,0.41071428571428575,A143,A152,1,A173,1,A192,A201,1
A13,0.2941176470588235,A34,A40,0.06019588423021899,A65,A74,4,A93,A101,2,A121,0.32142857142857145,A141,A152,2,A172,2,A191,A201,1
A11,0.08823529411764706,A34,A40,0.04335864421701331,A61,A74,4,A93,A102,3,A122,0.5357142857142858,A143,A152,2,A173,1,A192,A201,0
A14,0.6470588235294117,A34,A40,0.543468691537361,A63,A73,2,A93,A101,2,A124,0.44642857142857145,A141,A153,1,A173,1,A191,A201,1
A14,0.029411764705882346,A32,A42,0.07114559260482008,A64,A73,4,A91,A101,2,A121,0.25000000000000006,A143,A152,1,A173,1,A191,A201,0
A14,0.38235294117647056,A32,A41,0.25096291405304283,A65,A74,2,A92,A101,4,A122,0.0892857142857143,A142,A151,1,A172,1,A191,A201,0
A11,0.1176470588235294,A32,A43,0.026246285902938263,A62,A72,4,A94,A101,3,A124,0.25000000000000006,A143,A152,1,A172,1,A192,A201,1
A12,0.058823529411764705,A32,A42,0.05430835259161439,A61,A73,3,A92,A101,4,A121,0.0892857142857143,A143,A152,1,A173,1,A191,A201,1
A12,0.07352941176470588,A32,A40,0.001430615164520744,A61,A73,4,A94,A101,4,A121,0.0535714285714286,A143,A151,1,A172,1,A191,A201,0
A12,0.6470588235294117,A32,A410,0.28232640035215145,A65,A71,3,A93,A101,4,A124,0.37499999999999994,A141,A153,1,A171,1,A192,A201,0
A14,0.2941176470588235,A32,A42,0.28947947617475517,A62,A73,4,A93,A101,1,A123,0.10714285714285715,A142,A152,1,A173,1,A191,A201,0
A13,0.2941176470588235,A32,A42,0.19252778694838782,A61,A72,2,A92,A101,4,A123,0.125,A143,A152,1,A173,1,A191,A201,0
A12,0.1176470588235294,A32,A40,0.023935292175635527,A61,A74,2,A94,A101,3,A123,0.10714285714285715,A141,A152,1,A172,1,A191,A201,1
A13,0.0,A32,A40,0.06844943325630021,A65,A72,1,A93,A101,2,A121,0.17857142857142855,A143,A152,1,A172,2,A191,A202,0
A11,0.47058823529411764,A31,A42,0.13733905579399142,A61,A75,4,A93,A101,4,A123,0.21428571428571425,A141,A152,1,A173,1,A191,A201,1
A11,0.1176470588235294,A32,A42,0.025200836359634642,A61,A73,2,A93,A103,3,A122,0.33928571428571425,A143,A152,1,A172,2,A191,A201,0
A12,0.2941176470588235,A32,A42,0.22565203037306042,A65,A73,1,A92,A101,4,A122,0.5178571428571428,A143,A152,1,A172,1,A192,A201,0
A14,0.1176470588235294,A34,A46,0.024815670738417523,A61,A73,4,A93,A101,2,A123,0.23214285714285715,A143,A152,2,A173,1,A191,A201,0
A11,0.16176470588235292,A33,A42,0.1866952789699571,A61,A75,1,A92,A101,4,A122,0.14285714285714285,A143,A152,2,A172,1,A191,A201,0
A12,0.38235294117647056,A34,A40,0.2200396170353252,A61,A71,4,A94,A101,2,A123,0.16071428571428575,A143,A152,2,A174,1,A191,A201,1
A11,0.2941176470588235,A32,A43,0.0928799383735006,A61,A72,4,A91,A101,3,A122,0.23214285714285715,A143,A152,1,A173,1,A191,A201,1
A11,0.2941176470588235,A32,A41,0.1463629360625069,A61,A74,2,A93,A101,1,A124,0.26785714285714285,A143,A153,1,A174,1,A192,A201,0
A11,0.20588235294117646,A32,A42,0.13255199735886433,A64,A73,4,A93,A101,2,A123,0.16071428571428575,A143,A152,1,A173,1,A191,A201,0
A14,0.20588235294117646,A34,A40,0.042808407615274574,A61,A73,4,A92,A101,3,A121,0.30357142857142855,A143,A152,2,A173,1,A191,A201,0
A11,0.058823529411764705,A34,A40,0.17321448222735777,A61,A74,1,A93,A101,4,A121,0.35714285714285715,A143,A152,2,A172,1,A191,A202,0
A14,0.1176470588235294,A34,A42,0.30543633762517886,A65,A75,2,A93,A101,4,A122,0.5357142857142858,A143,A151,1,A173,1,A192,A201,0
A14,0.2941176470588235,A32,A40,0.07015516672169032,A64,A74,4,A92,A101,3,A123,0.26785714285714285,A143,A152,1,A173,2,A192,A201,0
A13,0.47058823529411764,A32,A43,0.23236491691427316,A61,A75,4,A93,A101,2,A123,0.21428571428571425,A143,A152,1,A173,1,A191,A201,0
A12,0.029411764705882346,A32,A43,0.04500935402222955,A61,A75,4,A93,A101,4,A123,0.16071428571428575,A143,A152,1,A173,2,A191,A201,0
A11,0.2941176470588235,A34,A41,0.3502255970067129,A61,A71,2,A93,A101,4,A124,1.0,A143,A153,2,A174,1,A192,A201,0
A14,0.20588235294117646,A34,A46,0.08880818752063387,A62,A73,4,A92,A101,2,A121,0.19642857142857145,A143,A152,2,A173,1,A191,A201,1
A12,0.8235294117647058,A32,A40,0.3938593595245956,A62,A72,4,A92,A101,2,A122,0.0892857142857143,A143,A152,1,A174,1,A191,A201,1
A14,0.6470588235294117,A34,A41,0.6239683063717398,A62,A73,2,A92,A101,4,A123,0.0892857142857143,A141,A151,2,A172,1,A191,A201,1
A11,0.2941176470588235,A30,A42,0.21239132827115662,A61,A75,3,A93,A101,4,A124,0.07142857142857145,A141,A151,2,A173,2,A191,A201,1
A11,0.029411764705882346,A34,A42,0.17244415098492352,A61,A73,1,A91,A101,4,A121,0.44642857142857145,A143,A151,1,A174,1,A192,A201,1
A12,0.13235294117647056,A32,A43,0.10184879498184218,A61,A72,2,A92,A103,4,A122,0.07142857142857145,A143,A152,1,A172,1,A191,A201,0
A11,0.16176470588235292,A32,A44,0.05639925167822163,A65,A73,4,A92,A101,2,A123,0.0892857142857143,A143,A151,1,A173,1,A191,A201,1
A11,0.2941176470588235,A32,A42,0.21563772422141522,A61,A73,4,A93,A101,4,A122,0.16071428571428575,A143,A152,1,A173,1,A191,A201,0
A12,0.08823529411764706,A32,A42,0.06993507208099482,A61,A73,4,A91,A101,2,A123,0.21428571428571425,A143,A152,1,A172,1,A191,A201,0
A12,0.2941176470588235,A34,A46,0.3022449653350941,A61,A72,2,A92,A101,4,A124,0.0892857142857143,A143,A153,2,A173,1,A192,A201,0
A11,0.25,A32,A42,0.1842742379223066,A61,A74,1,A92,A101,4,A123,0.125,A143,A151,1,A172,1,A191,A201,0
A12,0.20588235294117646,A32,A43,0.16303510509519095,A63,A72,1,A94,A101,3,A121,0.10714285714285715,A143,A151,1,A173,1,A191,A201,0
A12,0.20588235294117646,A32,A49,0.2304941124683614,A61,A75,1,A93,A102,1,A121,0.25000000000000006,A141,A152,1,A174,1,A192,A201,0
A13,0.08823529411764706,A32,A40,0.20353251898316277,A61,A72,1,A93,A103,1,A122,0.32142857142857145,A143,A152,1,A172,2,A191,A201,0
A14,0.16176470588235292,A34,A43,0.06652360515021459,A61,A73,4,A92,A101,2,A123,0.42857142857142855,A143,A152,1,A172,1,A191,A201,0
A12,0.13235294117647056,A34,A43,0.034774953229888855,A61,A72,4,A93,A103,4,A121,0.07142857142857145,A143,A152,2,A173,1,A191,A201,0
A12,0.2941176470588235,A32,A43,0.1930229998899527,A63,A71,1,A92,A101,4,A124,0.07142857142857145,A143,A151,1,A171,1,A191,A201,0
A14,0.029411764705882346,A33,A49,0.08215032463959503,A62,A73,1,A93,A101,2,A121,0.26785714285714285,A143,A152,2,A172,1,A191,A201,0
A12,0.07352941176470588,A34,A46,0.048750962914053037,A64,A75,4,A93,A101,3,A124,0.23214285714285715,A143,A153,2,A173,2,A191,A201,1
A14,0.07352941176470588,A32,A44,0.05425332893144051,A61,A72,1,A92,A101,4,A121,0.07142857142857145,A143,A151,1,A173,1,A192,A201,0
A12,0.07352941176470588,A32,A42,0.039011775063277215,A61,A73,1,A92,A101,2,A123,0.17857142857142855,A143,A152,1,A173,1,A191,A202,1
A14,0.20588235294117646,A34,A41,0.16391548365797293,A65,A71,2,A93,A101,4,A124,0.33928571428571425,A143,A152,1,A174,1,A192,A201,0
A11,0.1176470588235294,A30,A43,0.327335754374381,A61,A73,4,A93,A101,2,A122,0.16071428571428575,A143,A151,2,A173,1,A192,A201,1
A14,0.08823529411764706,A32,A46,0.026246285902938263,A63,A75,4,A93,A101,4,A124,0.48214285714285715,A143,A153,1,A173,1,A192,A201,0
A12,0.2941176470588235,A32,A40,0.05480356553317926,A61,A72,4,A93,A101,2,A121,0.07142857142857145,A142,A152,1,A172,1,A191,A201,1
A14,0.1176470588235294,A34,A43,0.11450423682183337,A65,A75,1,A93,A102,4,A121,0.5357142857142858,A143,A152,1,A173,1,A192,A201,0
A14,0.47058823529411764,A33,A43,0.2318146803125344,A61,A73,4,A93,A101,2,A123,0.125,A143,A152,2,A174,1,A192,A201,1
A14,0.1176470588235294,A32,A43,0.028942445251458126,A61,A73,4,A94,A101,2,A121,0.16071428571428575,A143,A152,1,A173,1,A191,A201,0
A11,0.38235294117647056,A32,A42,0.11863101133487398,A61,A74,4,A92,A101,4,A121,0.07142857142857145,A143,A151,1,A173,1,A191,A201,1
A12,0.20588235294117646,A32,A46,0.05441839991196214,A65,A73,4,A93,A101,4,A124,0.75,A143,A153,1,A173,1,A191,A201,0
A13,0.1176470588235294,A32,A43,0.17326950588753165,A65,A75,2,A93,A101,3,A123,0.32142857142857145,A143,A152,1,A174,1,A191,A201,0
A13,0.1176470588235294,A33,A40,0.1098822493672279,A61,A73,2,A92,A101,2,A123,0.30357142857142855,A142,A152,2,A173,1,A192,A201,0
A14,0.029411764705882346,A32,A42,0.08341586882359414,A61,A73,1,A94,A101,2,A122,0.035714285714285754,A143,A151,1,A173,1,A191,A201,0
A11,0.20588235294117646,A32,A42,0.12231759656652359,A61,A71,4,A93,A101,1,A123,0.10714285714285715,A143,A152,1,A171,1,A191,A201,1
A14,0.1176470588235294,A32,A49,0.0710905689446462,A61,A74,2,A93,A101,4,A123,0.30357142857142855,A143,A152,1,A173,1,A192,A201,0
A14,0.20588235294117646,A34,A41,0.19808517662594918,A61,A74,3,A93,A101,1,A123,0.14285714285714285,A143,A152,2,A173,1,A191,A201,0
A11,0.20588235294117646,A32,A42,0.1870804445911742,A61,A72,1,A92,A101,4,A123,0.0535714285714286,A143,A151,1,A173,1,A191,A201,0
A11,0.47058823529411764,A32,A42,0.17585561791570375,A61,A75,4,A93,A101,2,A123,0.41071428571428575,A143,A152,1,A173,2,A191,A201,1
A12,0.20588235294117646,A32,A42,0.1513700891383295,A61,A74,2,A92,A101,4,A121,0.37499999999999994,A143,A151,1,A173,1,A191,A201,0
A14,0.47058823529411764,A32,A40,0.15566193463189174,A65,A73,4,A93,A101,4,A121,0.30357142857142855,A143,A152,1,A173,1,A191,A201,0
A14,0.20588235294117646,A34,A43,0.32023770221195114,A61,A75,3,A93,A101,4,A123,0.25000000000000006,A143,A152,2,A173,1,A192,A201,0
A14,0.08823529411764706,A34,A42,0.10432485968966655,A61,A72,1,A92,A101,3,A121,0.07142857142857145,A143,A151,2,A173,1,A191,A201,0
A14,0.8235294117647058,A34,A40,0.7431495543083525,A65,A75,2,A93,A101,4,A124,0.7857142857142858,A141,A153,1,A174,1,A192,A201,0
A12,0.8235294117647058,A31,A410,0.799603829646748,A62,A75,3,A92,A101,4,A124,0.7321428571428572,A141,A153,2,A174,1,A192,A201,1
A11,0.6470588235294117,A31,A49,0.4091009133927589,A61,A74,2,A92,A103,4,A123,0.32142857142857145,A143,A151,1,A173,1,A191,A201,1
A14,0.20588235294117646,A33,A43,0.11389897655992078,A61,A71,2,A94,A101,3,A121,0.26785714285714285,A143,A152,2,A173,1,A191,A201,0
A14,0.044117647058823525,A33,A43,0.03279410146362936,A65,A75,3,A93,A101,4,A124,0.30357142857142855,A143,A153,1,A173,1,A191,A201,0
A12,0.47058823529411764,A32,A40,0.7740728513260702,A61,A75,4,A93,A101,2,A124,0.6785714285714286,A143,A153,1,A174,1,A192,A201,1
A14,0.029411764705882346,A34,A40,0.0061626499394739735,A62,A73,4,A92,A101,4,A123,0.5892857142857142,A143,A152,2,A172,1,A191,A201,0
A11,0.23529411764705882,A32,A42,0.10795642126114229,A65,A74,4,A93,A101,4,A123,0.35714285714285715,A143,A152,1,A173,1,A192,A201,0
A12,0.20588235294117646,A32,A41,0.7002310993727302,A61,A71,3,A92,A101,4,A124,0.33928571428571425,A143,A153,1,A174,1,A192,A201,1
A14,0.2647058823529412,A32,A40,0.05683944095961263,A65,A74,4,A92,A101,4,A122,0.10714285714285715,A143,A151,1,A173,1,A191,A201,0
A13,0.1176470588235294,A32,A40,0.05942555298778475,A61,A72,4,A93,A101,1,A121,0.125,A143,A152,1,A173,1,A191,A201,0
A14,0.38235294117647056,A33,A49,0.2213051612193243,A62,A73,2,A93,A101,2,A122,0.125,A143,A152,2,A172,1,A191,A201,0
A14,0.20588235294117646,A34,A43,0.10938703642566304,A61,A73,2,A92,A101,1,A123,0.10714285714285715,A143,A152,2,A173,1,A191,A201,0
A14,0.20588235294117646,A32,A43,0.0482007263123143,A65,A72,4,A92,A101,2,A121,0.035714285714285754,A143,A151,1,A173,1,A192,A201,0
A12,0.20588235294117646,A34,A42,0.39198855507868385,A61,A71,4,A93,A101,4,A122,0.37499999999999994,A142,A152,2,A174,1,A192,A201,0
A12,0.16176470588235292,A34,A49,0.114229118520964,A63,A73,2,A93,A101,4,A123,0.14285714285714285,A141,A152,1,A173,1,A191,A201,0
A14,0.07352941176470588,A32,A49,0.06597336854847584,A61,A74,3,A92,A101,2,A123,0.14285714285714285,A143,A152,2,A173,1,A191,A201,0
A14,0.20588235294117646,A32,A40,0.08638714647298339,A61,A73,2,A94,A101,2,A122,0.19642857142857145,A143,A152,1,A174,1,A192,A201,0
A12,0.1176470588235294,A32,A42,0.040332342907450205,A64,A72,1,A92,A101,4,A121,0.0,A143,A151,1,A172,1,A191,A201,0
A11,0.47058823529411764,A32,A40,0.16501595686145043,A61,A74,2,A93,A101,4,A124,0.35714285714285715,A141,A153,1,A174,2,A192,A201,0
A11,0.029411764705882346,A34,A43,0.09392538791680423,A61,A74,1,A92,A101,4,A123,0.21428571428571425,A143,A152,1,A173,1,A191,A201,0
A14,0.07352941176470588,A34,A42,0.11863101133487398,A61,A71,2,A93,A101,3,A123,0.21428571428571425,A143,A152,1,A174,1,A191,A201,0
A12,0.5147058823529411,A33,A46,0.6333223286012986,A62,A74,2,A93,A101,3,A124,0.23214285714285715,A143,A151,1,A173,1,A192,A201,0
A11,0.1176470588235294,A32,A42,0.12809508088478047,A61,A71,3,A92,A101,4,A124,0.6428571428571428,A143,A153,1,A174,1,A191,A201,0
A11,0.47058823529411764,A34,A42,0.11543963904478925,A61,A73,3,A94,A101,2,A122,0.48214285714285715,A143,A152,2,A173,1,A192,A201,0
A12,0.1176470588235294,A32,A40,0.05353802134918015,A61,A75,1,A91,A101,1,A121,0.48214285714285715,A143,A151,2,A173,1,A191,A201,1
A14,0.2941176470588235,A34,A43,0.06965995378012545,A64,A73,4,A92,A101,1,A121,0.42857142857142855,A143,A152,2,A172,1,A191,A201,0
A14,0.20588235294117646,A32,A43,0.06729393639264884,A61,A72,3,A94,A101,4,A121,0.35714285714285715,A143,A152,1,A173,1,A192,A201,0
A12,0.20588235294117646,A34,A49,0.090073731704633,A65,A73,4,A94,A101,4,A121,0.16071428571428575,A141,A152,2,A173,1,A191,A201,0
A14,0.2941176470588235,A33,A49,0.4620886981402003,A61,A72,2,A93,A101,2,A123,0.14285714285714285,A141,A152,2,A173,1,A192,A201,1
A14,0.14705882352941174,A33,A40,0.030373060415978873,A61,A73,4,A93,A101,2,A123,0.14285714285714285,A143,A152,2,A172,1,A191,A201,0
A12,0.20588235294117646,A33,A40,0.14575767580059426,A65,A75,4,A93,A101,4,A123,0.42857142857142855,A143,A152,1,A173,2,A191,A201,0
A12,0.2941176470588235,A32,A43,0.09843732805106195,A61,A72,1,A94,A101,1,A122,0.0535714285714286,A143,A152,1,A173,1,A192,A201,1
A14,0.2941176470588235,A34,A41,0.10713106635853417,A65,A74,4,A93,A101,4,A123,0.42857142857142855,A143,A152,2,A173,2,A192,A201,0
A11,0.16176470588235292,A32,A43,0.04418399911962144,A61,A72,4,A94,A101,2,A121,0.14285714285714285,A143,A152,1,A173,1,A191,A202,0
A14,0.2941176470588235,A32,A43,0.16424562561901618,A63,A75,3,A91,A101,2,A123,0.125,A143,A152,1,A174,1,A192,A201,0
A13,0.1176470588235294,A34,A40,0.03791130185979971,A63,A74,4,A94,A101,2,A121,0.16071428571428575,A143,A152,3,A173,1,A192,A201,1
A12,0.2941176470588235,A32,A43,0.09447562451854297,A61,A75,4,A92,A101,4,A123,0.01785714285714285,A143,A152,1,A173,1,A192,A201,0
A14,0.4264705882352941,A34,A41,0.385330692197645,A61,A74,3,A93,A101,2,A123,0.28571428571428575,A143,A152,2,A174,1,A192,A201,0
A14,0.1176470588235294,A34,A49,0.11235831407505227,A61,A71,4,A93,A101,2,A123,0.41071428571428575,A142,A152,2,A174,1,A192,A201,1
A14,0.08823529411764706,A32,A40,0.07411687025420931,A63,A73,3,A93,A101,2,A124,0.37499999999999994,A143,A151,1,A172,2,A191,A202,0
A11,0.2941176470588235,A32,A40,0.062231759656652355,A65,A73,4,A92,A101,2,A122,0.28571428571428575,A143,A152,1,A173,1,A191,A201,1
A14,0.47058823529411764,A34,A41,0.3076923076923077,A61,A75,2,A93,A101,2,A122,0.28571428571428575,A143,A152,2,A173,2,A192,A201,0
A11,0.1176470588235294,A32,A40,0.12815010454495435,A61,A72,4,A93,A101,1,A121,0.25000000000000006,A143,A152,1,A172,2,A191,A201,1
A11,0.20588235294117646,A33,A46,0.45234951028942444,A65,A73,1,A92,A101,2,A123,0.07142857142857145,A143,A151,2,A173,1,A192,A201,0
A14,0.25,A32,A40,0.13931990756025092,A63,A74,1,A92,A101,2,A123,0.21428571428571425,A141,A152,1,A174,1,A191,A201,0
A12,0.20588235294117646,A32,A40,0.04357873885770881,A65,A73,4,A92,A101,2,A122,0.25000000000000006,A143,A152,1,A173,1,A191,A201,1
A14,0.16176470588235292,A32,A40,0.16154946627049632,A64,A74,2,A92,A101,3,A123,0.01785714285714285,A143,A151,1,A173,1,A191,A201,0
A12,0.1176470588235294,A32,A41,0.09783206778914934,A65,A73,4,A93,A101,2,A123,0.19642857142857145,A143,A152,1,A173,1,A191,A201,0
A12,0.1176470588235294,A34,A40,0.03895675140310334,A61,A74,2,A93,A101,3,A121,0.49999999999999994,A143,A152,2,A172,2,A191,A201,0
A14,0.25,A33,A42,0.07378672829316606,A62,A74,4,A93,A101,3,A121,0.26785714285714285,A143,A152,2,A174,1,A191,A201,0
A12,0.1176470588235294,A32,A42,0.13821943435677342,A65,A75,1,A92,A101,2,A122,0.10714285714285715,A141,A152,1,A173,1,A192,A201,1
A12,0.20588235294117646,A32,A41,0.1391548365797293,A61,A73,1,A94,A101,3,A123,0.035714285714285754,A143,A151,1,A173,1,A192,A201,0
A14,0.3529411764705882,A34,A43,0.1371739848134698,A61,A75,4,A93,A101,2,A123,0.17857142857142855,A143,A152,2,A173,1,A191,A201,0
A14,0.20588235294117646,A34,A43,0.049466270496313414,A64,A73,4,A93,A101,3,A121,0.48214285714285715,A143,A152,2,A173,1,A191,A201,0
A14,0.07352941176470588,A32,A42,0.05849015076482887,A61,A75,1,A93,A101,4,A123,0.01785714285714285,A143,A152,1,A173,1,A191,A201,0
A11,0.20588235294117646,A34,A45,0.05172224056344228,A61,A71,2,A92,A101,4,A124,0.6428571428571428,A143,A153,3,A171,2,A191,A201,1
A14,0.01470588235294118,A32,A49,0.1759656652360515,A61,A74,1,A93,A101,4,A121,0.9821428571428572,A143,A152,1,A172,1,A191,A201,0
A12,0.2941176470588235,A32,A410,0.6095521074061846,A61,A73,2,A93,A102,3,A123,0.17857142857142855,A141,A152,2,A174,1,A192,A201,1
A11,0.029411764705882346,A34,A42,0.08924837680202487,A61,A71,4,A93,A101,4,A124,0.30357142857142855,A143,A153,3,A174,1,A192,A201,0
A14,0.2941176470588235,A34,A45,0.09948277759436558,A61,A73,4,A91,A101,2,A121,0.25000000000000006,A143,A152,2,A173,1,A192,A201,0
A11,0.07352941176470588,A32,A42,0.1037746230879278,A61,A73,3,A93,A101,2,A121,0.10714285714285715,A143,A152,1,A173,1,A191,A201,0
A12,0.1176470588235294,A32,A43,0.06789919665456146,A65,A73,2,A94,A101,1,A121,0.10714285714285715,A143,A152,1,A173,1,A192,A201,1
A14,0.029411764705882346,A32,A45,0.022559700671288655,A63,A74,2,A94,A101,4,A121,0.07142857142857145,A143,A151,1,A172,1,A191,A201,0
A14,0.2941176470588235,A34,A40,0.05705953560030813,A64,A75,4,A92,A101,4,A121,0.32142857142857145,A143,A152,2,A173,1,A192,A201,0
A11,0.5588235294117647,A34,A45,0.17299438758666227,A61,A71,4,A93,A102,4,A123,0.8214285714285714,A143,A152,2,A171,1,A191,A201,0
A13,0.1176470588235294,A31,A49,0.019753494002421042,A61,A72,4,A92,A101,1,A121,0.125,A143,A152,1,A171,1,A191,A201,1
A14,0.1176470588235294,A32,A40,0.08990866072411137,A61,A75,4,A93,A101,4,A123,0.35714285714285715,A143,A152,1,A174,1,A192,A201,0
A11,0.1176470588235294,A32,A42,0.07538241443820842,A61,A73,2,A92,A102,3,A122,0.19642857142857145,A143,A152,1,A173,1,A191,A201,0
A12,0.23529411764705882,A33,A410,0.13090128755364808,A61,A73,2,A93,A101,3,A123,0.17857142857142855,A141,A152,2,A173,1,A192,A201,0
A14,0.1176470588235294,A32,A46,0.02580609662154727,A61,A75,4,A93,A101,4,A123,0.39285714285714285,A141,A152,1,A172,2,A191,A201,1
A12,0.6470588235294117,A34,A42,0.2666446572025971,A61,A73,2,A92,A101,3,A123,0.19642857142857145,A143,A152,1,A174,1,A192,A201,1
A14,0.07352941176470588,A34,A46,0.05469351821283151,A65,A75,4,A92,A101,4,A122,0.39285714285714285,A143,A151,2,A172,1,A191,A201,0
A11,0.47058823529411764,A32,A40,0.08759766699680863,A61,A72,4,A92,A101,4,A123,0.26785714285714285,A143,A152,1,A173,1,A192,A201,1
A12,0.044117647058823525,A32,A43,0.12798503356443272,A61,A73,2,A93,A103,2,A121,0.28571428571428575,A143,A152,1,A173,1,A191,A201,0
A13,0.1176470588235294,A32,A42,0.06459777704412897,A65,A75,3,A92,A101,4,A121,0.6428571428571428,A143,A152,1,A174,1,A192,A201,0
A12,0.16176470588235292,A33,A45,0.06943985913942995,A64,A73,3,A94,A101,3,A122,0.75,A142,A152,2,A173,1,A191,A201,1
A14,0.47058823529411764,A34,A41,0.594475624518543,A65,A73,4,A93,A101,2,A123,0.19642857142857145,A143,A152,1,A174,1,A192,A201,0
A14,0.029411764705882346,A32,A43,0.014746340926598437,A61,A73,3,A92,A101,1,A121,0.17857142857142855,A143,A152,1,A173,1,A191,A201,0
A14,0.1176470588235294,A30,A42,0.1380543633762518,A61,A75,2,A93,A101,4,A122,0.26785714285714285,A143,A152,2,A173,1,A191,A201,0
A14,0.2941176470588235,A32,A41,0.13315725762077696,A61,A75,4,A93,A101,4,A123,0.28571428571428575,A143,A152,1,A174,1,A192,A201,0
A11,0.2941176470588235,A32,A40,0.2512930560140861,A61,A74,2,A93,A102,3,A122,0.21428571428571425,A143,A152,1,A173,1,A192,A201,1
A14,0.2941176470588235,A32,A41,0.1336524705623418,A61,A72,4,A92,A101,1,A124,0.17857142857142855,A143,A152,1,A174,1,A192,A201,0
A11,0.10294117647058824,A34,A40,0.2011114779355123,A61,A73,2,A93,A101,2,A121,0.30357142857142855,A143,A151,2,A173,2,A191,A201,0
A11,0.1176470588235294,A32,A41,0.17255419830527127,A61,A75,3,A93,A101,4,A124,0.28571428571428575,A143,A153,1,A173,1,A192,A201,1
A11,0.029411764705882346,A32,A44,0.005117200396170352,A61,A72,4,A92,A101,1,A121,0.14285714285714285,A143,A152,1,A173,1,A191,A201,0
A14,0.20588235294117646,A32,A43,0.239022779795312,A61,A72,3,A93,A101,2,A123,0.23214285714285715,A143,A152,1,A173,1,A192,A201,0
A11,0.47058823529411764,A32,A42,0.18542973478595798,A61,A73,1,A93,A103,2,A122,0.32142857142857145,A143,A152,1,A173,2,A191,A201,0
A11,0.16176470588235292,A32,A40,0.08093980411576977,A61,A72,2,A93,A101,3,A121,0.30357142857142855,A143,A152,1,A173,1,A191,A201,0
A12,0.1176470588235294,A32,A42,0.1522504677011115,A61,A72,3,A92,A101,1,A121,0.26785714285714285,A143,A151,1,A174,1,A191,A201,0
A12,0.1176470588235294,A32,A48,0.027731924727632886,A65,A75,4,A93,A101,4,A122,0.33928571428571425,A143,A152,2,A173,1,A191,A201,0
A14,0.20588235294117646,A32,A49,0.0935402222955871,A61,A74,4,A93,A101,1,A123,0.26785714285714285,A142,A152,2,A173,1,A192,A201,0
A11,0.2941176470588235,A32,A41,0.14713326730494114,A61,A73,3,A93,A103,4,A124,0.7857142857142858,A141,A152,1,A173,2,A192,A201,0
A11,0.2941176470588235,A33,A43,0.07752833718498954,A61,A72,4,A92,A101,2,A123,0.17857142857142855,A143,A151,1,A172,1,A192,A201,1
A14,0.6470588235294117,A33,A43,0.3845053372950369,A65,A75,3,A93,A101,3,A123,0.23214285714285715,A141,A152,2,A173,2,A191,A201,0
A14,0.4264705882352941,A33,A49,0.13832948167712117,A61,A73,2,A92,A101,2,A123,0.125,A143,A152,2,A173,1,A192,A201,0
A14,0.2941176470588235,A33,A41,0.24369979091009136,A61,A74,3,A93,A101,3,A123,0.28571428571428575,A143,A152,2,A172,1,A192,A201,0
A12,0.2941176470588235,A32,A43,0.15637724221415208,A62,A72,3,A94,A101,2,A123,0.0535714285714286,A143,A151,1,A173,1,A192,A201,1
A11,0.029411764705882346,A32,A46,0.010894684714427203,A61,A72,4,A92,A101,4,A122,0.07142857142857145,A143,A152,1,A173,1,A191,A201,1
A11,0.07352941176470588,A32,A40,0.022229558710245404,A61,A73,4,A93,A101,3,A123,0.16071428571428575,A143,A152,1,A172,1,A191,A201,1
A14,0.029411764705882346,A32,A48,0.05436337625178826,A65,A71,4,A93,A101,4,A122,0.30357142857142855,A143,A152,1,A174,2,A192,A201,0
A12,0.20588235294117646,A34,A43,0.05474854187300539,A61,A73,4,A94,A101,2,A123,0.25000000000000006,A143,A152,1,A173,1,A191,A201,1
A11,0.20588235294117646,A30,A42,0.15758776273797734,A61,A72,1,A92,A101,4,A122,0.125,A143,A151,1,A173,1,A191,A201,1
A14,0.5147058823529411,A32,A41,0.1275998679432156,A63,A73,4,A93,A101,4,A123,0.0892857142857143,A143,A152,1,A173,1,A191,A201,0
A13,0.2941176470588235,A32,A43,0.2697259821723341,A61,A74,4,A93,A101,2,A123,0.10714285714285715,A141,A152,1,A173,1,A191,A201,0
A12,0.1176470588235294,A32,A49,0.04330362055683944,A62,A74,3,A93,A101,4,A121,0.35714285714285715,A143,A152,1,A172,1,A191,A201,0
A11,0.16176470588235292,A34,A42,0.0675690546935182,A61,A75,4,A93,A101,4,A123,0.44642857142857145,A143,A152,2,A173,2,A192,A201,0
A12,0.1176470588235294,A34,A43,0.18284362275778587,A61,A73,1,A92,A101,1,A121,0.07142857142857145,A143,A152,1,A172,1,A191,A201,0
A12,0.2941176470588235,A32,A40,0.052327500825354895,A61,A72,4,A93,A101,1,A122,0.125,A143,A152,1,A173,1,A191,A201,0
A11,0.38235294117647056,A32,A42,0.18553978210630573,A64,A75,4,A92,A101,4,A122,0.6785714285714286,A143,A151,2,A173,1,A192,A201,0
A14,0.16176470588235292,A33,A42,0.03906679872345109,A64,A74,3,A92,A101,2,A122,0.19642857142857145,A143,A152,2,A173,1,A191,A201,0
A14,0.1176470588235294,A34,A40,0.05023660173874765,A63,A73,4,A93,A101,4,A121,0.44642857142857145,A143,A152,1,A173,1,A192,A201,0
A12,0.029411764705882346,A33,A40,0.052767690106745896,A61,A71,4,A93,A101,4,A122,0.49999999999999994,A143,A152,1,A174,1,A192,A201,1
A14,0.1176470588235294,A32,A43,0.15555188731154398,A61,A73,2,A93,A101,4,A123,0.5892857142857142,A143,A152,1,A173,1,A192,A201,0
A14,0.2941176470588235,A32,A40,0.19296797622977882,A61,A75,4,A92,A102,4,A124,0.7678571428571428,A143,A153,1,A173,1,A192,A201,0
A14,0.08823529411764706,A32,A40,0.06426763508308572,A62,A73,3,A93,A101,2,A121,0.28571428571428575,A143,A151,1,A172,1,A191,A202,0
A14,0.029411764705882346,A32,A40,0.17981732144822274,A61,A73,2,A93,A103,3,A122,0.125,A143,A151,1,A173,1,A191,A201,0
A14,0.1176470588235294,A34,A43,0.0926598437328051,A61,A75,2,A93,A101,2,A124,0.125,A143,A152,2,A173,1,A191,A201,0
A12,0.338235294117647,A30,A49,0.4439308902828216,A61,A75,2,A92,A101,4,A124,0.41071428571428575,A143,A153,2,A174,1,A192,A201,1
A14,0.029411764705882346,A34,A43,0.05430835259161439,A62,A73,1,A92,A101,1,A122,0.14285714285714285,A143,A152,2,A173,1,A191,A201,0
A12,0.029411764705882346,A32,A43,0.0064927919005172245,A65,A75,4,A93,A101,4,A122,0.33928571428571425,A143,A152,1,A173,1,A191,A201,0
A11,0.1176470588235294,A34,A40,0.10300429184549356,A61,A73,3,A93,A101,2,A121,0.35714285714285715,A143,A151,2,A172,2,A191,A202,0
A11,0.2941176470588235,A32,A42,0.15109497083746012,A65,A73,2,A94,A101,4,A123,0.01785714285714285,A143,A152,1,A173,1,A191,A201,1
A12,0.47058823529411764,A32,A42,0.48332783096731596,A62,A72,4,A93,A102,1,A124,0.17857142857142855,A143,A151,1,A174,1,A192,A201,1
A14,0.2941176470588235,A34,A42,0.0734565863321228,A61,A74,4,A93,A101,3,A122,0.37499999999999994,A143,A152,2,A173,1,A191,A201,0
A12,0.20588235294117646,A32,A43,0.05782986684274238,A61,A75,4,A94,A103,2,A121,0.23214285714285715,A143,A152,1,A172,1,A191,A201,0
A13,0.029411764705882346,A34,A40,0.05904038736656762,A62,A75,2,A91,A101,4,A123,0.16071428571428575,A143,A152,2,A173,2,A192,A201,0
A11,0.2941176470588235,A32,A40,0.15808297567954221,A61,A72,4,A92,A101,1,A122,0.14285714285714285,A143,A152,1,A173,1,A191,A201,1
A11,0.47058823529411764,A32,A41,0.2884890502916254,A61,A75,2,A93,A101,4,A124,0.41071428571428575,A143,A153,1,A173,2,A191,A201,0
A13,0.07352941176470588,A32,A43,0.0482007263123143,A62,A75,2,A91,A101,4,A121,0.5357142857142858,A143,A152,1,A173,1,A191,A201,0
A12,0.2941176470588235,A34,A43,0.05315285572796302,A62,A72,4,A93,A101,4,A124,0.33928571428571425,A141,A152,2,A173,2,A191,A201,1
A11,0.2941176470588235,A32,A40,0.052657642786398146,A61,A72,4,A92,A101,4,A122,0.0892857142857143,A143,A151,1,A173,1,A191,A201,1
A14,0.08823529411764706,A32,A40,0.05827005612413337,A65,A73,4,A93,A103,4,A122,0.14285714285714285,A143,A152,1,A172,1,A191,A201,1
A13,0.16176470588235292,A34,A41,0.11609992296687575,A63,A73,2,A93,A101,2,A123,0.30357142857142855,A143,A152,1,A173,1,A192,A201,0
A12,0.16176470588235292,A31,A40,0.3631561571475735,A62,A71,1,A93,A101,2,A122,0.26785714285714285,A143,A152,1,A174,2,A192,A201,1
A14,0.2941176470588235,A32,A43,0.06399251678221635,A61,A73,4,A94,A101,2,A122,0.16071428571428575,A143,A152,1,A173,1,A191,A201,0
A14,0.5147058823529411,A32,A41,0.4587872785297678,A62,A75,4,A93,A101,2,A123,0.46428571428571425,A143,A152,1,A174,1,A192,A201,0
A11,0.1176470588235294,A32,A40,0.028007043028502255,A61,A74,4,A93,A101,2,A121,0.125,A143,A152,1,A173,1,A191,A201,1
A14,0.47058823529411764,A32,A41,0.24408495653130846,A61,A73,2,A93,A101,2,A124,0.23214285714285715,A143,A153,1,A174,1,A192,A201,0
A13,0.16176470588235292,A32,A49,0.1340926598437328,A61,A74,2,A93,A101,4,A122,0.125,A143,A151,1,A173,1,A192,A201,0
A12,0.1176470588235294,A33,A43,0.018432926158248045,A61,A73,4,A94,A102,4,A121,0.01785714285714285,A143,A151,2,A173,1,A191,A201,0
A14,0.2941176470588235,A32,A40,0.1103224386486189,A65,A72,4,A93,A101,1,A122,0.625,A143,A152,1,A173,1,A191,A201,0
A11,0.029411764705882346,A34,A40,0.019753494002421042,A61,A74,4,A92,A101,3,A122,0.32142857142857145,A143,A152,2,A173,1,A191,A202,0
A11,0.029411764705882346,A34,A40,0.061131286453174866,A61,A72,2,A93,A101,4,A121,0.37499999999999994,A143,A152,1,A172,2,A191,A202,0
A14,0.47058823529411764,A34,A42,0.37839771101573677,A61,A72,2,A92,A101,4,A122,0.07142857142857145,A143,A151,2,A173,1,A192,A201,1
A11,0.029411764705882346,A32,A40,0.052437548145702645,A62,A75,3,A93,A101,2,A122,0.42857142857142855,A143,A152,1,A173,1,A192,A201,0
A14,0.029411764705882346,A34,A43,0.024760647078243648,A65,A75,4,A93,A101,4,A124,0.30357142857142855,A143,A153,2,A173,1,A191,A201,0
A14,0.2941176470588235,A34,A45,0.28925938153405967,A61,A75,3,A93,A101,4,A124,0.44642857142857145,A143,A153,2,A173,1,A191,A201,0
A11,0.20588235294117646,A32,A43,0.16176956091119182,A61,A73,2,A92,A101,2,A121,0.0892857142857143,A143,A152,1,A173,1,A191,A201,1
A11,0.6470588235294117,A30,A42,0.37795752173434577,A61,A73,3,A93,A101,4,A124,0.6071428571428572,A143,A153,2,A173,2,A191,A201,1
A14,0.2941176470588235,A32,A41,0.1781666116430065,A62,A74,3,A92,A101,4,A123,0.07142857142857145,A143,A152,1,A173,1,A191,A201,0
A12,0.20588235294117646,A32,A43,0.04748541873005392,A61,A73,4,A92,A103,4,A121,0.125,A143,A152,1,A172,2,A191,A201,0
A12,0.32352941176470584,A32,A41,0.42456256190161773,A61,A72,2,A93,A101,3,A123,0.19642857142857145,A143,A152,2,A173,1,A191,A201,0
A14,0.16176470588235292,A34,A46,0.07054033234290745,A62,A73,4,A92,A101,3,A123,0.21428571428571425,A143,A152,1,A173,1,A191,A201,0
A14,0.0,A34,A43,0.06894464619786508,A61,A74,2,A93,A101,1,A121,0.41071428571428575,A143,A152,2,A172,2,A191,A201,0
A11,0.47058823529411764,A32,A43,0.11290855067679102,A61,A73,4,A91,A101,4,A123,0.21428571428571425,A143,A151,1,A173,1,A191,A201,1
A11,0.029411764705882346,A32,A40,0.022669747991636405,A61,A72,3,A93,A101,4,A121,0.39285714285714285,A143,A152,1,A172,2,A192,A201,0
A12,0.47058823529411764,A32,A46,0.11131286453174864,A61,A74,3,A93,A101,1,A123,0.23214285714285715,A143,A152,2,A173,2,A191,A201,0
A12,0.16176470588235292,A32,A40,0.13101133487399583,A62,A73,2,A92,A101,4,A123,0.16071428571428575,A143,A151,2,A173,1,A192,A201,1
A14,0.1176470588235294,A33,A41,0.06894464619786508,A61,A73,4,A94,A101,4,A121,0.39285714285714285,A143,A151,1,A173,1,A191,A201,0
A14,0.2941176470588235,A32,A43,0.05838010344448112,A62,A74,4,A94,A101,3,A122,0.125,A143,A152,1,A173,1,A192,A201,0
A14,0.2941176470588235,A32,A43,0.15709254979641246,A65,A72,4,A93,A101,2,A123,0.10714285714285715,A143,A152,2,A173,1,A191,A201,0
A13,0.25,A34,A46,0.1138439528997469,A61,A72,2,A91,A101,1,A123,0.25000000000000006,A143,A151,1,A173,1,A191,A201,1
A11,0.029411764705882346,A32,A40,0.06184659403543523,A65,A71,4,A92,A101,3,A122,1.0,A143,A152,1,A174,1,A192,A201,0
A12,0.20588235294117646,A34,A42,0.18498954550456698,A61,A75,3,A92,A101,4,A122,0.32142857142857145,A143,A152,1,A173,1,A192,A201,0
A11,0.6470588235294117,A32,A40,0.41339275888632115,A61,A75,4,A93,A101,4,A124,0.41071428571428575,A141,A153,1,A174,1,A191,A201,1
A13,0.20588235294117646,A32,A42,0.15401122482667548,A61,A72,1,A92,A101,1,A122,0.46428571428571425,A142,A152,1,A172,1,A191,A201,0
A12,0.1176470588235294,A32,A43,0.0706503796632552,A61,A72,1,A94,A101,1,A121,0.07142857142857145,A143,A151,1,A173,1,A191,A201,1
A14,0.2941176470588235,A33,A40,0.09805216242984482,A61,A75,4,A93,A101,4,A124,0.7321428571428572,A143,A153,2,A173,1,A192,A201,0
A11,0.38235294117647056,A32,A42,0.33564432706063607,A65,A75,4,A93,A101,4,A122,0.21428571428571425,A143,A152,1,A173,1,A191,A201,1
A13,0.20588235294117646,A32,A42,0.14383184769450866,A61,A73,2,A93,A101,1,A121,0.26785714285714285,A143,A152,1,A172,2,A191,A201,1
A14,0.1176470588235294,A34,A40,0.05529877847474414,A61,A75,4,A93,A101,4,A121,0.75,A143,A152,2,A172,1,A191,A201,0
A11,0.2941176470588235,A33,A40,0.059590623968306375,A61,A71,4,A93,A101,2,A121,0.42857142857142855,A143,A153,2,A173,2,A191,A201,1
A14,0.2941176470588235,A34,A40,0.09750192582810609,A61,A73,4,A92,A101,4,A123,0.32142857142857145,A143,A152,1,A173,1,A192,A201,0
A14,0.2941176470588235,A32,A43,0.07164080554638494,A61,A74,3,A93,A101,1,A123,0.23214285714285715,A141,A152,1,A173,2,A191,A201,0
A11,0.1176470588235294,A31,A43,0.020688896225376913,A61,A73,4,A92,A101,4,A121,0.0892857142857143,A141,A152,1,A172,1,A191,A201,1
A14,0.6470588235294117,A34,A41,0.473643666776714,A65,A74,2,A93,A101,1,A124,0.28571428571428575,A143,A153,2,A173,1,A192,A201,0
A14,0.1176470588235294,A34,A45,0.04104765048971058,A65,A74,4,A92,A101,4,A121,0.07142857142857145,A143,A152,2,A173,1,A191,A201,0
A14,0.029411764705882346,A31,A43,0.08253549026081215,A63,A75,2,A93,A101,4,A122,0.46428571428571425,A141,A152,1,A172,2,A191,A201,0
A11,0.6470588235294117,A32,A43,0.3713546825134808,A61,A74,1,A94,A103,1,A121,0.26785714285714285,A143,A152,2,A173,1,A192,A201,1
A12,0.1176470588235294,A34,A40,0.09601628700341147,A62,A72,4,A93,A101,1,A123,0.14285714285714285,A143,A152,1,A173,1,A191,A201,0
A12,0.07352941176470588,A32,A46,0.052217453505007144,A61,A74,4,A92,A101,4,A122,0.8571428571428572,A143,A152,2,A174,1,A192,A201,0
A12,0.1176470588235294,A32,A43,0.059480576647958625,A61,A72,2,A93,A101,1,A123,0.0535714285714286,A142,A152,1,A173,1,A191,A201,1
A12,0.20588235294117646,A30,A40,0.11158798283261802,A62,A72,3,A92,A101,3,A123,0.16071428571428575,A143,A152,2,A173,1,A191,A201,1
A14,0.25,A30,A40,0.26152745680642675,A65,A73,1,A92,A101,4,A122,0.17857142857142855,A141,A152,2,A173,1,A192,A201,1
A11,0.2941176470588235,A31,A42,0.1816881258941345,A61,A74,3,A93,A101,4,A123,0.14285714285714285,A141,A152,1,A173,1,A191,A201,1
A12,0.20588235294117646,A34,A42,0.09232970177176185,A61,A72,2,A93,A101,2,A121,0.21428571428571425,A143,A152,2,A172,1,A191,A201,1
A11,0.2941176470588235,A32,A41,0.14933421371189612,A65,A75,4,A93,A101,4,A124,0.5357142857142858,A141,A153,1,A173,2,A192,A201,0
A11,0.2941176470588235,A31,A43,0.07131066358534169,A61,A74,4,A93,A103,4,A123,0.0892857142857143,A141,A151,1,A172,1,A191,A201,1
A13,0.029411764705882346,A33,A43,0.023825244855287777,A61,A72,2,A92,A101,1,A122,0.17857142857142855,A141,A152,1,A173,1,A191,A201,0
A12,0.47058823529411764,A32,A40,0.6679322108506658,A65,A73,1,A93,A101,4,A124,0.32142857142857145,A143,A153,1,A173,1,A192,A201,1
A12,0.2941176470588235,A33,A49,0.24551557169582922,A65,A73,4,A93,A101,2,A122,0.32142857142857145,A141,A152,2,A174,1,A192,A201,0
A12,0.2941176470588235,A33,A43,0.07169582920655881,A62,A74,3,A92,A101,2,A122,0.07142857142857145,A143,A151,2,A173,1,A192,A201,0
A11,0.1176470588235294,A32,A40,0.06173654671508748,A61,A74,2,A91,A101,3,A123,0.30357142857142855,A143,A152,1,A173,1,A191,A201,1
A14,0.2941176470588235,A34,A43,0.12809508088478047,A64,A75,2,A93,A101,2,A123,0.26785714285714285,A143,A152,1,A173,1,A191,A201,0
A12,0.6470588235294117,A32,A43,0.20518322878837902,A65,A74,4,A93,A101,1,A123,0.39285714285714285,A143,A152,2,A173,2,A192,A201,0
A11,0.6470588235294117,A32,A43,0.358093980411577,A61,A73,3,A92,A101,2,A123,0.21428571428571425,A143,A152,1,A173,1,A192,A201,1
A11,0.2941176470588235,A32,A42,0.1641906019588423,A61,A72,4,A92,A101,4,A121,0.07142857142857145,A143,A151,1,A172,1,A192,A201,1
A14,0.38235294117647056,A34,A43,0.3138549576317817,A61,A74,3,A93,A102,2,A123,0.33928571428571425,A143,A152,1,A173,1,A191,A201,0
A14,0.2941176470588235,A32,A41,0.2851876306811929,A65,A71,2,A92,A101,4,A122,0.125,A143,A151,1,A174,1,A192,A201,0
A11,0.16176470588235292,A32,A49,0.030593155056674374,A61,A73,4,A92,A101,4,A122,0.0535714285714286,A143,A152,1,A172,1,A191,A201,0
A12,0.07352941176470588,A32,A43,0.045779685264663805,A61,A75,4,A93,A101,4,A123,0.14285714285714285,A143,A152,2,A172,1,A191,A201,0
A14,0.16176470588235292,A34,A42,0.13965004952129417,A61,A74,2,A92,A102,3,A123,0.0892857142857143,A141,A152,2,A173,1,A191,A201,0
A12,0.1176470588235294,A32,A43,0.1474634092659844,A61,A74,2,A92,A101,1,A121,0.14285714285714285,A143,A152,1,A173,1,A191,A201,0
A14,0.2941176470588235,A34,A46,0.09227467811158797,A65,A73,3,A92,A101,2,A123,0.25000000000000006,A143,A152,2,A173,1,A192,A201,0
A12,0.47058823529411764,A34,A40,0.14141080664685815,A61,A72,4,A91,A101,4,A123,0.14285714285714285,A143,A152,2,A173,1,A191,A201,1
A14,0.2941176470588235,A32,A48,0.03780125453945196,A61,A72,4,A94,A101,3,A123,0.14285714285714285,A143,A152,2,A172,1,A191,A201,0
A12,0.20588235294117646,A34,A40,0.044349070100143065,A61,A75,3,A93,A103,3,A121,0.19642857142857145,A141,A152,2,A173,1,A191,A201,1
A12,0.1176470588235294,A34,A40,0.1581379993397161,A61,A72,1,A93,A101,3,A121,0.5357142857142858,A141,A152,2,A172,2,A191,A201,0
A14,0.07352941176470588,A32,A42,0.06261692527786948,A61,A73,4,A92,A101,2,A121,0.125,A143,A151,1,A173,1,A191,A201,0
A12,0.47058823529411764,A32,A45,0.11742049081104876,A61,A72,4,A93,A101,1,A124,0.25000000000000006,A143,A151,1,A172,1,A191,A201,1
A14,0.1176470588235294,A32,A40,0.10360955210740619,A65,A75,4,A92,A101,4,A124,0.5892857142857142,A143,A153,1,A174,1,A192,A201,0
A11,0.20588235294117646,A32,A42,0.09843732805106195,A61,A73,1,A92,A101,4,A121,0.01785714285714285,A141,A151,1,A173,1,A191,A201,1
A11,0.07352941176470588,A34,A40,0.1402553097832068,A61,A73,2,A93,A101,2,A121,0.30357142857142855,A143,A151,2,A173,2,A191,A201,0
A11,0.1176470588235294,A32,A42,0.05716958292065588,A61,A73,4,A93,A103,1,A122,0.035714285714285754,A143,A152,1,A172,1,A191,A201,0
A11,0.20588235294117646,A32,A44,0.0532078793881369,A61,A73,4,A94,A101,3,A121,0.49999999999999994,A143,A152,1,A172,1,A192,A201,1
A11,0.1176470588235294,A34,A42,0.10982722570705403,A61,A75,3,A93,A101,3,A122,0.7321428571428572,A143,A152,2,A173,1,A191,A201,1
A11,0.1176470588235294,A34,A43,0.007428194123473095,A61,A74,4,A92,A101,3,A121,0.6964285714285714,A143,A152,4,A172,1,A192,A201,0
A12,0.2941176470588235,A33,A40,0.09436557719819522,A65,A73,4,A92,A101,4,A123,0.41071428571428575,A143,A151,2,A173,1,A192,A201,0
A14,0.25,A32,A49,0.07274127874986244,A64,A75,4,A92,A101,4,A121,0.30357142857142855,A141,A152,1,A172,1,A191,A201,0
A12,0.2941176470588235,A32,A40,0.13579839330912294,A61,A73,3,A92,A101,4,A122,0.01785714285714285,A143,A151,1,A172,1,A192,A201,1
A11,0.2941176470588235,A31,A410,0.06096621547265324,A65,A75,4,A93,A101,3,A123,0.37499999999999994,A142,A152,1,A174,1,A192,A201,1
A12,0.029411764705882346,A31,A40,0.03747111257840871,A62,A72,1,A92,A101,1,A122,0.23214285714285715,A142,A152,1,A172,1,A191,A201,1
A11,0.2941176470588235,A32,A40,0.06558820292725871,A61,A74,4,A92,A101,4,A123,0.07142857142857145,A143,A151,2,A173,1,A191,A201,1
A12,0.2941176470588235,A30,A49,0.2195994277539342,A61,A73,1,A93,A101,4,A121,0.30357142857142855,A143,A152,3,A172,1,A192,A201,1
A14,0.20588235294117646,A34,A40,0.1389347419390338,A61,A74,2,A93,A101,2,A122,0.21428571428571425,A141,A152,2,A173,1,A191,A201,1
A14,0.2941176470588235,A33,A49,0.19880048420820953,A61,A73,1,A93,A101,2,A124,0.23214285714285715,A143,A153,1,A173,1,A191,A201,0
A12,0.044117647058823525,A32,A43,0.11439418950148562,A61,A72,1,A92,A103,1,A121,0.46428571428571425,A143,A152,1,A173,1,A191,A201,0
A12,0.07352941176470588,A32,A42,0.03675580499614835,A61,A73,4,A92,A101,1,A122,0.19642857142857145,A143,A152,1,A173,1,A191,A201,1
A12,0.2941176470588235,A31,A46,0.08732254869593925,A61,A74,4,A92,A101,4,A124,0.26785714285714285,A141,A153,1,A172,1,A191,A201,1
A14,0.47058823529411764,A32,A42,0.17051832287883792,A61,A73,4,A92,A101,2,A123,0.16071428571428575,A143,A152,1,A174,1,A192,A201,1
A13,0.08823529411764706,A32,A42,0.05639925167822163,A61,A72,4,A92,A101,2,A122,0.07142857142857145,A143,A152,1,A173,1,A191,A201,0
A11,0.2941176470588235,A31,A42,0.14185099592824915,A63,A73,4,A93,A101,4,A121,0.0535714285714286,A142,A152,1,A173,1,A192,A201,0
A14,0.2941176470588235,A34,A49,0.23528117090348852,A61,A73,3,A93,A101,2,A121,0.9821428571428572,A143,A152,1,A174,1,A192,A201,0
A12,0.47058823529411764,A32,A43,0.13321228128095083,A62,A73,4,A92,A102,4,A124,0.5535714285714286,A143,A153,1,A173,1,A191,A201,1
A14,0.20588235294117646,A32,A43,0.09909761197314845,A61,A72,4,A93,A101,1,A121,0.25000000000000006,A143,A152,1,A173,1,A191,A201,0
A14,0.16176470588235292,A32,A41,0.05777484318256851,A65,A75,4,A93,A101,4,A124,0.46428571428571425,A141,A153,1,A173,2,A191,A201,0
A11,0.1176470588235294,A32,A44,0.02701661714537251,A62,A71,4,A92,A101,3,A122,0.0535714285714286,A143,A152,1,A173,1,A191,A201,1
A13,0.08823529411764706,A32,A40,0.05447342357213601,A62,A75,1,A92,A101,4,A124,0.5178571428571428,A143,A153,1,A172,2,A191,A201,1
A11,0.25,A32,A43,0.17095851216022892,A64,A72,4,A92,A101,2,A123,0.17857142857142855,A141,A152,1,A173,1,A191,A201,0
A11,0.2941176470588235,A31,A41,0.18609001870804448,A61,A73,1,A92,A103,4,A123,0.0535714285714286,A141,A151,1,A173,1,A191,A202,0
A14,0.20588235294117646,A33,A42,0.08572686255089688,A61,A74,4,A92,A101,1,A121,0.0535714285714286,A143,A152,1,A173,1,A191,A201,1
A12,0.6470588235294117,A30,A49,0.6577528337184989,A65,A73,2,A93,A101,2,A123,0.5178571428571428,A141,A152,1,A174,1,A192,A201,0
A12,0.8235294117647058,A33,A43,0.4900957411687025,A65,A73,2,A93,A101,2,A124,0.14285714285714285,A143,A153,1,A174,1,A191,A201,0
A11,0.029411764705882346,A34,A40,0.18851105975569496,A61,A73,1,A93,A101,3,A121,0.32142857142857145,A143,A151,3,A173,2,A191,A201,0
A12,0.38235294117647056,A32,A42,0.17558049961483438,A62,A73,2,A92,A102,4,A123,0.035714285714285754,A143,A151,1,A173,1,A191,A201,1
A14,0.1176470588235294,A32,A40,0.02145922746781116,A61,A73,4,A91,A101,2,A121,0.5357142857142858,A143,A152,1,A172,1,A191,A201,0
A12,0.25,A34,A49,0.18719049191152196,A61,A74,2,A93,A101,3,A122,0.14285714285714285,A143,A152,2,A173,1,A191,A201,0
A14,0.20588235294117646,A34,A40,0.0704302850225597,A61,A73,3,A93,A101,2,A122,0.23214285714285715,A141,A152,2,A173,1,A191,A201,1
A14,0.6470588235294117,A32,A49,0.20160669087707717,A65,A73,4,A91,A101,2,A121,0.33928571428571425,A141,A152,1,A173,1,A191,A201,1
A11,0.1176470588235294,A32,A42,0.08847804555959062,A61,A72,4,A92,A101,1,A123,0.0535714285714286,A143,A151,1,A173,1,A191,A201,0
A11,0.20588235294117646,A32,A43,0.12930560140860572,A61,A73,4,A93,A101,4,A124,0.8214285714285714,A143,A153,2,A173,1,A191,A201,1
A14,0.16176470588235292,A32,A43,0.09513590844062947,A65,A75,4,A93,A101,2,A123,0.28571428571428575,A143,A152,1,A173,1,A191,A201,0
A13,0.029411764705882346,A32,A42,0.10267414988445031,A61,A73,2,A93,A101,2,A121,0.39285714285714285,A143,A152,1,A173,1,A192,A201,0
A12,0.07352941176470588,A31,A40,0.06531308462638935,A62,A74,2,A93,A101,3,A124,0.17857142857142855,A143,A152,1,A173,1,A191,A201,1
A14,0.5588235294117647,A34,A42,0.20864971937933313,A63,A73,4,A93,A101,4,A121,0.30357142857142855,A143,A152,2,A173,1,A192,A201,0
A14,0.07352941176470588,A32,A46,0.19709475074281943,A65,A75,1,A93,A101,4,A121,0.8035714285714286,A143,A152,1,A172,1,A191,A201,0
A11,0.2941176470588235,A32,A43,0.18763068119291296,A61,A73,2,A92,A101,4,A123,0.16071428571428575,A143,A152,1,A173,1,A191,A201,0
A11,0.20588235294117646,A31,A42,0.07169582920655881,A61,A73,4,A93,A101,3,A123,0.44642857142857145,A141,A152,1,A173,1,A191,A201,1
A12,0.16176470588235292,A32,A43,0.06569825024760646,A65,A72,4,A93,A101,1,A122,0.07142857142857145,A143,A152,1,A173,1,A191,A201,0
A14,0.07352941176470588,A32,A42,0.09519093210080334,A61,A72,2,A92,A102,2,A123,0.0,A143,A151,2,A173,1,A191,A201,1
A12,0.2941176470588235,A32,A40,0.060801144492131615,A61,A72,3,A92,A101,4,A123,0.10714285714285715,A143,A152,1,A172,1,A192,A201,1
A14,0.1176470588235294,A32,A46,0.06289204357873886,A61,A75,4,A93,A101,4,A122,0.49999999999999994,A141,A152,3,A173,2,A192,A201,0
A14,0.2941176470588235,A32,A43,0.06195664135578298,A63,A74,4,A92,A101,1,A123,0.16071428571428575,A143,A152,1,A173,1,A191,A201,0
A14,0.8235294117647058,A33,A43,0.847529437658193,A61,A74,2,A93,A101,4,A123,0.035714285714285754,A143,A152,2,A173,1,A192,A201,0
A14,0.1176470588235294,A32,A43,0.06839440959612633,A61,A72,4,A92,A101,3,A123,0.26785714285714285,A143,A152,1,A173,2,A191,A201,0
A11,0.5588235294117647,A33,A43,0.22669747991636405,A61,A74,3,A93,A101,2,A122,0.125,A141,A152,2,A173,2,A192,A201,1
A11,0.20588235294117646,A32,A46,0.027511830086937385,A61,A71,4,A92,A101,1,A121,0.14285714285714285,A143,A152,1,A171,1,A191,A201,1
A12,0.16176470588235292,A32,A45,0.058215032463959496,A61,A75,4,A93,A101,4,A123,0.33928571428571425,A143,A152,2,A172,1,A191,A201,0
A14,0.16176470588235292,A32,A46,0.24061846594035435,A62,A73,3,A93,A101,2,A122,0.37499999999999994,A143,A152,1,A174,1,A192,A201,1
A14,0.2941176470588235,A34,A43,0.0880928799383735,A61,A74,4,A94,A103,2,A123,0.25000000000000006,A143,A152,2,A173,1,A192,A201,0
A11,0.20588235294117646,A34,A43,0.08968856608341587,A61,A74,4,A94,A101,1,A122,0.23214285714285715,A143,A152,2,A174,1,A192,A201,0
A14,0.47058823529411764,A33,A49,0.425332893144052,A65,A72,4,A93,A101,4,A123,0.14285714285714285,A143,A151,2,A173,1,A192,A201,1
A11,0.38235294117647056,A30,A42,0.23841751953339935,A61,A73,2,A91,A103,2,A121,0.23214285714285715,A143,A152,2,A173,1,A191,A201,0
A14,0.1176470588235294,A32,A40,0.06250687795752173,A63,A73,2,A92,A101,2,A122,0.125,A143,A152,1,A173,1,A191,A201,1
A13,0.2941176470588235,A32,A40,0.03835149114119071,A61,A74,4,A93,A101,3,A124,0.33928571428571425,A141,A153,1,A173,2,A191,A201,1
A11,0.1176470588235294,A32,A46,0.023880268515461652,A61,A73,4,A93,A101,4,A123,0.37499999999999994,A143,A151,1,A172,2,A191,A201,1
A11,0.6470588235294117,A32,A46,0.39760096841641906,A61,A74,4,A93,A101,1,A124,0.5535714285714286,A143,A153,1,A174,1,A192,A201,0
A12,0.1176470588235294,A32,A42,0.09199955981071861,A61,A73,4,A93,A101,2,A122,0.32142857142857145,A143,A152,1,A172,1,A191,A201,1
A11,0.2941176470588235,A32,A40,0.1129635743369649,A61,A75,4,A93,A102,1,A121,0.46428571428571425,A143,A152,1,A173,1,A191,A201,1
A12,0.47058823529411764,A33,A40,0.4311654011224827,A62,A75,2,A93,A101,4,A123,0.41071428571428575,A143,A152,4,A174,1,A192,A201,1
A14,0.2941176470588235,A34,A41,0.1153295917244415,A61,A74,4,A93,A101,3,A123,0.28571428571428575,A143,A152,2,A173,1,A192,A201,0
A11,0.14705882352941174,A32,A40,0.20485308682733577,A61,A71,1,A93,A101,4,A124,0.0535714285714286,A143,A153,1,A173,1,A191,A201,0
A12,0.1176470588235294,A32,A40,0.035105095190932106,A61,A75,4,A93,A101,4,A123,0.39285714285714285,A141,A152,1,A172,2,A191,A201,1
A14,0.6470588235294117,A32,A43,0.5486959392538792,A65,A74,4,A93,A101,3,A123,0.32142857142857145,A142,A152,1,A173,1,A192,A201,0
A12,0.38235294117647056,A30,A49,0.2184989545504567,A61,A73,2,A92,A101,1,A123,0.16071428571428575,A143,A152,2,A173,1,A191,A201,0
A12,0.20588235294117646,A34,A42,0.3362495873225487,A61,A75,2,A93,A101,1,A124,0.39285714285714285,A143,A152,1,A173,1,A192,A201,0
A13,0.1176470588235294,A32,A43,0.05760977220204688,A61,A73,3,A94,A101,4,A121,0.07142857142857145,A143,A151,1,A173,1,A191,A201,0
A11,0.1176470588235294,A32,A40,0.035765379113018594,A65,A73,4,A94,A101,2,A123,0.07142857142857145,A143,A152,1,A173,1,A191,A201,1
A14,0.25,A32,A42,0.10955210740618465,A61,A75,4,A93,A101,2,A121,0.5535714285714286,A143,A152,2,A173,1,A191,A201,0
A12,0.029411764705882346,A33,A42,0.044018928139099814,A61,A71,4,A93,A101,1,A122,0.28571428571428575,A142,A152,2,A174,1,A192,A201,0
A13,0.029411764705882346,A34,A46,0.04385385715857819,A61,A73,2,A92,A101,4,A122,0.5535714285714286,A143,A152,1,A172,1,A191,A201,0
A14,0.2941176470588235,A34,A410,0.3336634752943766,A61,A71,4,A93,A102,2,A124,0.14285714285714285,A141,A152,2,A174,1,A192,A201,0
A12,0.38235294117647056,A31,A42,0.1786068009243975,A64,A73,4,A93,A101,2,A123,0.26785714285714285,A142,A152,1,A173,2,A192,A201,0
A14,0.6470588235294117,A31,A49,0.18482447452404535,A61,A73,1,A92,A101,1,A121,0.14285714285714285,A142,A152,1,A173,1,A191,A201,0
A11,0.1176470588235294,A34,A40,0.25272367117860683,A61,A75,3,A93,A102,4,A122,0.42857142857142855,A143,A151,2,A173,1,A192,A201,1
A13,0.38235294117647056,A34,A43,0.1522504677011115,A61,A75,4,A93,A101,4,A122,0.49999999999999994,A143,A152,1,A173,1,A191,A201,0
A14,0.2941176470588235,A34,A49,0.21398701441619897,A62,A73,3,A93,A101,3,A122,0.14285714285714285,A143,A152,2,A172,1,A192,A201,0
A14,0.47058823529411764,A32,A49,0.30218994167492025,A62,A74,2,A93,A101,2,A123,0.21428571428571425,A143,A152,2,A173,1,A192,A201,0
A14,0.8235294117647058,A32,A40,0.5566193463189171,A61,A75,2,A93,A101,4,A122,0.41071428571428575,A143,A152,1,A174,1,A192,A201,0
A14,0.029411764705882346,A34,A40,0.10069329811819082,A63,A73,1,A94,A101,2,A123,0.0892857142857143,A143,A152,1,A173,1,A191,A201,0
A14,0.25,A33,A49,0.12820512820512822,A63,A72,4,A93,A101,2,A121,0.39285714285714285,A141,A152,1,A172,2,A191,A201,1
A14,0.38235294117647056,A34,A43,0.23550126554418402,A61,A74,4,A92,A101,4,A123,0.125,A143,A151,1,A174,1,A192,A201,0
A14,0.2941176470588235,A34,A42,0.26961593485198637,A61,A75,4,A93,A101,4,A123,0.25000000000000006,A143,A152,1,A173,1,A192,A201,0
A12,1.0,A32,A43,0.2941014636293606,A62,A73,2,A94,A101,2,A123,0.0892857142857143,A143,A152,1,A173,1,A191,A201,1
A11,0.2941176470588235,A32,A43,0.11742049081104876,A61,A75,4,A93,A101,4,A121,0.8035714285714286,A141,A151,1,A172,1,A191,A201,0
A14,0.20588235294117646,A32,A43,0.06619346318917134,A61,A72,3,A92,A101,1,A121,0.125,A143,A152,1,A173,1,A191,A201,0
A14,0.029411764705882346,A32,A46,0.0708704743039507,A61,A72,1,A92,A101,2,A124,0.6607142857142858,A143,A152,1,A173,1,A191,A201,0
A14,0.1176470588235294,A32,A43,0.1116430064927919,A65,A73,4,A93,A101,4,A124,0.32142857142857145,A143,A153,1,A173,1,A192,A201,0
A14,0.16176470588235292,A33,A43,0.0675690546935182,A61,A73,4,A94,A101,3,A121,0.25000000000000006,A141,A152,2,A173,1,A191,A201,0
A14,0.2941176470588235,A34,A43,0.26702982282381427,A61,A72,3,A94,A101,3,A124,0.49999999999999994,A143,A153,3,A173,1,A192,A201,0
A12,0.47058823529411764,A33,A49,0.5286123032904149,A62,A74,1,A93,A101,3,A122,0.21428571428571425,A143,A152,2,A172,2,A192,A201,0
A14,0.8235294117647058,A32,A40,0.3453835149114119,A65,A73,4,A93,A101,4,A124,0.26785714285714285,A143,A153,1,A173,2,A192,A201,0
A13,0.08823529411764706,A34,A43,0.06036095521074061,A65,A74,4,A93,A101,2,A122,0.14285714285714285,A143,A152,2,A173,1,A192,A201,0
A12,0.47058823529411764,A33,A40,0.1437218003741609,A62,A75,4,A93,A101,3,A124,0.19642857142857145,A143,A153,1,A173,1,A191,A201,0
A14,0.07352941176470588,A32,A43,0.13772422141520854,A62,A75,3,A93,A102,4,A123,0.28571428571428575,A143,A152,1,A173,1,A192,A201,0
A11,0.1176470588235294,A32,A40,0.18713546825134808,A64,A73,1,A93,A101,3,A122,0.21428571428571425,A143,A152,1,A173,2,A191,A201,0
A11,0.16176470588235292,A34,A42,0.039892153626059204,A61,A73,2,A91,A101,3,A122,0.10714285714285715,A143,A152,2,A173,1,A191,A201,0
A12,0.16176470588235292,A32,A45,0.13101133487399583,A62,A73,3,A92,A101,2,A121,0.10714285714285715,A143,A152,1,A172,1,A191,A201,0
A12,0.2941176470588235,A32,A43,0.14559260482007264,A62,A72,2,A93,A101,1,A123,0.17857142857142855,A143,A152,1,A173,1,A191,A201,0
A11,0.029411764705882346,A34,A40,0.24573566633652472,A65,A72,1,A93,A101,3,A121,0.44642857142857145,A143,A152,2,A172,2,A191,A201,0
A14,0.2941176470588235,A32,A43,0.11191812479366127,A61,A74,4,A93,A101,2,A123,0.16071428571428575,A143,A152,1,A173,1,A192,A201,0
A14,0.029411764705882346,A32,A41,0.05425332893144051,A63,A73,2,A93,A101,4,A122,0.5535714285714286,A143,A151,1,A173,1,A191,A201,0
A12,0.1176470588235294,A32,A43,0.04693518212831517,A61,A74,4,A93,A103,3,A121,0.17857142857142855,A143,A152,2,A173,1,A191,A202,0
A14,0.1176470588235294,A34,A40,0.03719599427753935,A61,A71,1,A92,A101,2,A122,0.33928571428571425,A143,A152,1,A171,1,A191,A201,0
A14,0.20588235294117646,A34,A43,0.08528667326950588,A61,A73,4,A93,A101,2,A123,0.0892857142857143,A143,A152,2,A173,1,A191,A201,0
A13,0.16176470588235292,A32,A46,0.09106415758776273,A61,A75,4,A93,A101,4,A123,0.37499999999999994,A143,A151,1,A174,1,A192,A201,0
A14,0.1176470588235294,A32,A42,0.04803565533179267,A63,A73,4,A92,A101,4,A123,0.17857142857142855,A143,A151,1,A172,1,A191,A201,1
A11,0.6470588235294117,A34,A41,0.33459887751733247,A61,A75,4,A93,A101,4,A124,0.48214285714285715,A143,A153,2,A173,1,A192,A201,1
A13,0.2941176470588235,A32,A43,0.062011665015956854,A62,A75,4,A92,A101,2,A124,0.49999999999999994,A143,A153,1,A173,1,A192,A201,0
A12,0.38235294117647056,A33,A49,0.12396830637173985,A62,A75,4,A93,A101,2,A122,0.39285714285714285,A142,A152,2,A173,1,A191,A201,0
A12,0.338235294117647,A32,A49,0.12534389787608674,A61,A72,4,A92,A101,1,A122,0.23214285714285715,A143,A152,1,A173,2,A192,A201,0
A14,0.16176470588235292,A32,A40,0.2791900517222406,A63,A75,1,A92,A101,4,A124,0.28571428571428575,A143,A153,1,A173,1,A191,A201,0
A12,0.6470588235294117,A32,A40,0.3471992956971498,A62,A74,3,A93,A101,2,A122,0.0892857142857143,A143,A152,1,A173,1,A191,A201,1
A12,0.1176470588235294,A30,A42,0.1496093320127655,A61,A72,4,A92,A101,3,A122,0.10714285714285715,A143,A151,2,A173,1,A191,A201,1
A12,0.07352941176470588,A32,A43,0.05260261912622427,A61,A75,4,A92,A101,4,A121,0.10714285714285715,A143,A152,1,A173,1,A191,A201,0
A12,0.07352941176470588,A32,A43,0.10278419720479806,A61,A73,2,A93,A101,2,A121,0.32142857142857145,A143,A152,1,A172,2,A191,A201,0
A14,0.20588235294117646,A34,A43,0.02085396720589854,A63,A75,4,A93,A101,3,A122,0.23214285714285715,A141,A152,2,A174,1,A192,A201,0
A11,0.029411764705882346,A31,A46,0.05216242984483327,A61,A75,4,A92,A101,4,A124,0.28571428571428575,A143,A153,1,A173,1,A191,A201,1
A14,0.25,A32,A41,0.12248266754704522,A65,A75,4,A93,A101,4,A121,0.48214285714285715,A143,A152,1,A174,1,A192,A201,0
A11,0.07352941176470588,A34,A43,0.04886101023440079,A61,A73,4,A93,A101,4,A121,0.10714285714285715,A143,A152,2,A172,1,A191,A201,0
A12,0.8235294117647058,A32,A40,0.7580609662154726,A61,A74,4,A93,A101,2,A124,0.14285714285714285,A143,A152,1,A174,1,A192,A201,1
A14,0.38235294117647056,A34,A41,0.40420380763728403,A65,A75,1,A93,A101,4,A123,0.7857142857142858,A143,A152,2,A173,1,A191,A201,0
A14,0.38235294117647056,A34,A43,0.15555188731154398,A65,A75,3,A93,A101,2,A123,0.37499999999999994,A143,A152,2,A173,2,A192,A201,0
A14,0.20588235294117646,A32,A43,0.06905469351821283,A61,A73,4,A93,A101,2,A124,0.23214285714285715,A143,A153,1,A174,1,A192,A201,0
A13,0.2941176470588235,A34,A43,0.1594585671838891,A65,A73,3,A93,A101,2,A123,0.21428571428571425,A143,A152,2,A173,1,A192,A201,0
A12,0.23529411764705882,A30,A41,0.3245295477055134,A62,A75,3,A94,A101,4,A123,0.21428571428571425,A141,A152,2,A173,1,A192,A201,0
A13,0.07352941176470588,A30,A43,0.05981071860900186,A61,A72,4,A93,A101,2,A123,0.26785714285714285,A143,A152,2,A174,1,A192,A201,1
A12,0.029411764705882346,A31,A46,0.010069329811819083,A64,A72,4,A92,A101,2,A122,0.0892857142857143,A141,A151,1,A173,2,A191,A201,1
A11,0.1176470588235294,A32,A40,0.053813139650049524,A61,A73,4,A92,A101,2,A121,0.0892857142857143,A143,A152,1,A172,1,A191,A201,1
A12,0.07352941176470588,A32,A43,0.02971277649389237,A63,A73,4,A92,A101,3,A121,0.8392857142857144,A143,A152,1,A172,1,A191,A201,0
A14,0.338235294117647,A32,A40,0.12765489160338947,A61,A73,3,A92,A101,3,A121,0.035714285714285754,A143,A151,1,A173,1,A191,A201,1
A14,0.029411764705882346,A34,A40,0.0,A64,A73,2,A92,A101,2,A121,0.39285714285714285,A141,A152,2,A172,1,A191,A201,0
A14,0.16176470588235292,A34,A43,0.0586552217453505,A63,A73,2,A94,A101,2,A122,0.49999999999999994,A143,A152,2,A172,1,A191,A201,0
A11,0.20588235294117646,A32,A43,0.08979861340376362,A61,A73,4,A92,A101,4,A123,0.10714285714285715,A141,A151,2,A173,1,A191,A201,1
A12,0.6470588235294117,A31,A49,0.33927588863211183,A61,A75,4,A92,A101,3,A124,0.7142857142857144,A143,A151,1,A173,1,A191,A201,1
A13,0.2941176470588235,A34,A49,0.05639925167822163,A64,A73,2,A91,A101,4,A121,0.30357142857142855,A143,A152,2,A173,1,A192,A201,0
A12,0.2941176470588235,A33,A43,0.33856058104985143,A61,A72,1,A93,A101,2,A123,0.25000000000000006,A143,A152,1,A173,1,A191,A201,0
A11,0.2941176470588235,A32,A43,0.09557609772202047,A61,A73,2,A93,A101,4,A121,0.035714285714285754,A143,A151,1,A172,2,A191,A201,1
A12,0.058823529411764705,A32,A43,0.02806206668867613,A61,A74,4,A92,A103,2,A121,0.44642857142857145,A143,A152,1,A172,1,A191,A201,0
A14,0.2941176470588235,A32,A41,0.12947067238912735,A64,A73,2,A92,A101,4,A123,0.16071428571428575,A143,A151,1,A173,1,A192,A201,0
A14,0.0,A34,A40,0.17222405634422802,A61,A74,1,A92,A101,1,A121,0.32142857142857145,A143,A152,1,A173,2,A191,A201,0
A12,0.47058823529411764,A31,A44,0.20578848905029165,A65,A72,3,A92,A101,2,A124,0.17857142857142855,A141,A152,1,A171,1,A191,A201,0
A12,0.2941176470588235,A32,A41,0.6223175965665235,A61,A73,1,A92,A101,4,A123,0.07142857142857145,A143,A151,2,A174,1,A191,A201,1
A11,0.20588235294117646,A32,A40,0.2272477165181028,A62,A73,3,A93,A101,4,A123,0.28571428571428575,A143,A152,1,A172,2,A192,A201,0
A14,0.029411764705882346,A34,A40,0.3582590513920986,A61,A74,1,A93,A101,3,A124,0.46428571428571425,A143,A152,2,A174,2,A192,A201,0
A12,0.38235294117647056,A30,A49,0.2217453505007153,A62,A73,4,A92,A101,4,A123,0.125,A143,A151,2,A172,1,A191,A201,1
A11,0.2941176470588235,A31,A40,0.11417409486079015,A62,A74,2,A93,A101,3,A123,0.23214285714285715,A141,A152,1,A173,1,A191,A201,0
A12,0.08823529411764706,A31,A43,0.043908880818752064,A61,A73,4,A93,A101,4,A121,0.07142857142857145,A142,A152,1,A172,1,A191,A201,0
A14,0.25,A32,A43,0.16011885110597557,A65,A75,4,A93,A101,3,A122,0.39285714285714285,A143,A152,1,A173,1,A192,A201,0
A11,0.2941176470588235,A31,A42,0.12286783316826234,A63,A73,4,A93,A101,4,A121,0.0535714285714286,A142,A152,1,A173,1,A192,A201,0
A11,0.5147058823529411,A34,A42,0.7664245625619016,A65,A74,4,A93,A101,4,A122,0.19642857142857145,A143,A152,2,A174,1,A192,A201,0
A11,0.13235294117647056,A34,A49,0.08512160228898426,A61,A72,3,A93,A101,1,A122,0.16071428571428575,A141,A152,2,A172,1,A191,A201,0
A11,0.16176470588235292,A32,A40,0.12440849565313085,A61,A71,1,A92,A101,4,A123,0.07142857142857145,A143,A151,1,A173,1,A191,A201,0
A11,0.1176470588235294,A32,A40,0.056344228018047754,A61,A72,3,A92,A101,1,A121,0.32142857142857145,A143,A152,1,A172,1,A191,A201,1
A14,0.25,A32,A41,0.2750082535490261,A65,A73,1,A93,A101,3,A123,0.125,A143,A152,1,A173,1,A191,A201,0
A14,0.16176470588235292,A32,A41,0.15291075162319798,A61,A74,2,A93,A101,2,A123,0.25000000000000006,A143,A152,1,A173,1,A191,A201,0
A11,0.029411764705882346,A32,A42,0.00979421151094971,A61,A75,2,A92,A101,1,A122,0.5357142857142858,A141,A152,1,A173,1,A192,A201,0
A11,0.20588235294117646,A32,A40,0.03994717728623308,A61,A72,1,A92,A101,2,A123,0.07142857142857145,A143,A152,1,A172,1,A191,A201,1
A12,0.1176470588235294,A32,A49,0.03251898316275999,A62,A74,2,A92,A101,4,A121,0.07142857142857145,A143,A151,1,A172,1,A191,A201,0
A14,0.38235294117647056,A34,A43,0.3037856278199626,A61,A74,4,A92,A101,2,A123,0.10714285714285715,A143,A152,2,A173,1,A191,A201,0
A14,0.1176470588235294,A33,A45,0.07180587652690656,A64,A75,4,A93,A101,4,A124,0.6428571428571428,A143,A153,2,A173,2,A191,A201,1
A11,0.2941176470588235,A32,A40,0.05694948827996038,A65,A74,4,A92,A101,4,A124,0.23214285714285715,A143,A151,1,A173,1,A191,A201,1
A13,0.029411764705882346,A34,A40,0.05771981952239463,A61,A73,1,A93,A101,1,A121,0.9821428571428572,A143,A152,3,A171,2,A191,A202,0
A13,0.16176470588235292,A34,A43,0.05617915703752613,A65,A73,3,A93,A101,4,A124,0.35714285714285715,A143,A153,2,A173,1,A192,A201,1
A14,0.2941176470588235,A32,A40,0.06289204357873886,A61,A73,2,A93,A103,2,A121,0.21428571428571425,A143,A152,1,A173,1,A192,A201,0
A11,0.1176470588235294,A34,A40,0.02426543413667877,A61,A75,4,A93,A101,3,A122,0.28571428571428575,A143,A152,2,A173,1,A191,A201,1
A14,0.16176470588235292,A34,A40,0.2638384505337295,A65,A75,1,A92,A101,4,A123,0.7142857142857144,A143,A152,1,A173,1,A192,A201,0
A11,0.20588235294117646,A34,A42,0.10311433916584131,A61,A73,4,A92,A101,4,A121,0.0892857142857143,A143,A151,2,A173,1,A191,A201,1
A11,0.1176470588235294,A32,A43,0.10806646858149004,A61,A73,4,A93,A101,3,A122,0.0892857142857143,A143,A152,1,A172,1,A191,A201,0
A14,0.25,A34,A40,0.6839440959612633,A65,A75,4,A93,A101,4,A124,0.19642857142857145,A143,A153,1,A174,1,A192,A201,1
A14,0.2941176470588235,A34,A40,0.12176735996478487,A62,A74,4,A94,A101,3,A122,0.14285714285714285,A143,A152,2,A173,1,A192,A201,0
A12,0.1176470588235294,A32,A43,0.049796412457356665,A61,A75,3,A94,A103,3,A121,0.37499999999999994,A141,A152,2,A172,1,A191,A201,0
A11,0.38235294117647056,A32,A42,0.1572576207769341,A61,A72,2,A91,A101,4,A122,0.21428571428571425,A143,A152,1,A172,1,A191,A201,1
A14,0.08823529411764706,A32,A41,0.145867723120942,A65,A72,1,A92,A101,4,A121,0.21428571428571425,A143,A151,1,A173,1,A191,A201,0
A12,0.1176470588235294,A34,A42,0.18526466380543635,A61,A75,1,A93,A101,4,A123,0.16071428571428575,A143,A151,3,A173,1,A192,A201,0
A14,0.1176470588235294,A34,A43,0.07730824254429404,A61,A75,2,A93,A101,4,A121,0.7857142857142858,A143,A152,2,A172,1,A192,A201,0
A11,0.2941176470588235,A32,A41,0.14097061736546715,A65,A75,2,A92,A101,4,A121,0.125,A143,A151,1,A173,1,A191,A201,0
A11,0.47058823529411764,A34,A46,0.4300099042588313,A61,A73,3,A92,A101,2,A124,0.10714285714285715,A143,A152,2,A174,1,A192,A201,1
A14,0.25,A34,A41,0.16644657202597118,A61,A75,1,A93,A101,4,A123,0.30357142857142855,A143,A152,1,A174,1,A192,A201,0
A14,0.2941176470588235,A34,A43,0.10856168152305491,A62,A75,4,A93,A101,4,A122,0.5892857142857142,A141,A152,2,A173,1,A191,A201,0
A13,0.1176470588235294,A34,A40,0.06767910201386595,A63,A71,2,A93,A101,4,A124,0.8392857142857144,A141,A153,3,A171,1,A191,A201,0
A11,0.2941176470588235,A32,A40,0.06168152305491362,A65,A73,4,A92,A101,4,A121,0.10714285714285715,A143,A151,1,A173,1,A191,A201,1
A14,0.47058823529411764,A34,A40,0.18075272367117862,A61,A74,4,A93,A101,4,A123,0.32142857142857145,A143,A152,2,A173,1,A192,A201,0
A11,0.20588235294117646,A32,A43,0.17932210850665786,A61,A74,4,A92,A103,1,A121,0.10714285714285715,A143,A152,1,A173,1,A191,A201,0
A14,0.47058823529411764,A34,A41,0.3004842082095301,A64,A75,4,A93,A101,2,A123,0.33928571428571425,A143,A152,2,A174,1,A192,A201,0
A12,0.20588235294117646,A32,A45,0.1992956971497744,A61,A71,2,A92,A101,4,A123,0.8571428571428572,A143,A152,1,A173,1,A192,A201,0
A12,0.5147058823529411,A34,A43,0.25767580059425554,A61,A74,2,A93,A103,2,A121,0.10714285714285715,A143,A152,2,A173,1,A191,A201,1
A14,0.2941176470588235,A34,A40,0.09298998569384835,A64,A75,4,A93,A101,4,A121,0.7321428571428572,A143,A152,1,A173,1,A192,A201,0
A12,0.1176470588235294,A30,A48,0.06382744580169472,A61,A73,2,A93,A101,2,A121,0.21428571428571425,A143,A152,1,A172,1,A192,A201,0
A12,0.1176470588235294,A32,A40,0.03224386486189061,A62,A72,4,A92,A101,2,A122,0.07142857142857145,A141,A152,1,A172,1,A191,A201,1
A12,0.23529411764705882,A32,A41,0.3421371189611533,A65,A71,1,A91,A101,4,A121,0.7321428571428572,A143,A152,1,A174,1,A192,A201,0
A12,0.20588235294117646,A32,A49,0.09304500935402223,A64,A73,4,A93,A101,2,A122,0.28571428571428575,A143,A152,1,A172,1,A192,A201,0
A14,0.2647058823529412,A32,A43,0.1334323759216463,A63,A75,3,A93,A101,4,A123,0.37499999999999994,A143,A152,1,A173,1,A191,A201,0
A14,0.6470588235294117,A34,A41,0.1376141740948608,A65,A75,4,A93,A101,3,A123,0.33928571428571425,A143,A152,2,A173,2,A192,A201,0
A12,0.6470588235294117,A33,A46,0.32871134587872786,A61,A75,4,A93,A101,4,A124,0.5535714285714286,A143,A153,1,A173,1,A191,A201,1
A11,0.5294117647058824,A34,A46,0.3162759986794322,A61,A73,4,A93,A101,3,A124,0.14285714285714285,A141,A152,1,A173,1,A192,A201,1
A12,0.25,A32,A49,0.05161219324309453,A61,A75,2,A92,A101,4,A122,0.35714285714285715,A143,A152,1,A173,2,A191,A201,1
A14,0.2941176470588235,A32,A41,0.3336084516342027,A65,A75,3,A93,A101,4,A123,0.39285714285714285,A143,A152,1,A174,2,A192,A201,0
A14,0.029411764705882346,A34,A42,0.0534279740288324,A65,A73,1,A94,A101,2,A122,0.14285714285714285,A143,A152,2,A173,1,A191,A201,0
A13,0.2941176470588235,A32,A42,0.14537251017937713,A61,A75,3,A91,A101,4,A124,0.5714285714285714,A143,A153,1,A173,1,A191,A201,0
A14,0.2941176470588235,A32,A42,0.15472653240893586,A63,A75,4,A93,A101,3,A124,0.23214285714285715,A143,A151,1,A173,1,A192,A201,0
A14,0.07352941176470588,A32,A42,0.11285352701661715,A62,A72,2,A92,A101,4,A122,0.0535714285714286,A143,A151,1,A173,1,A191,A201,0
A11,0.20588235294117646,A32,A41,0.39952679652250467,A65,A75,1,A93,A101,4,A122,0.5714285714285714,A143,A153,1,A173,2,A192,A201,1
A14,0.1176470588235294,A34,A42,0.055463849455265765,A61,A72,2,A92,A101,4,A122,0.0535714285714286,A143,A151,2,A172,1,A191,A201,0
A14,0.2941176470588235,A33,A40,0.02569604930119952,A65,A75,4,A94,A101,4,A123,0.625,A143,A152,2,A173,1,A192,A201,0
A12,0.07352941176470588,A32,A40,0.07147573456586331,A65,A72,4,A93,A101,2,A121,0.28571428571428575,A143,A152,1,A171,1,A191,A201,0
A14,0.2941176470588235,A34,A46,0.07411687025420931,A61,A75,4,A93,A101,4,A124,0.625,A143,A153,2,A173,2,A191,A201,0
A12,0.20588235294117646,A34,A43,0.08501155496863651,A61,A75,3,A92,A103,4,A121,0.5178571428571428,A141,A151,2,A172,1,A192,A201,0
A11,0.23529411764705882,A34,A42,0.2213051612193243,A61,A75,1,A92,A101,4,A122,0.0892857142857143,A143,A152,2,A173,1,A191,A201,0
A14,0.1176470588235294,A34,A43,0.03994717728623308,A65,A75,4,A93,A101,4,A123,0.28571428571428575,A143,A152,2,A173,1,A191,A201,0
A12,0.1176470588235294,A32,A40,0.39738087377572356,A65,A71,1,A92,A101,2,A121,0.0892857142857143,A143,A151,1,A171,1,A191,A201,0
A11,0.47058823529411764,A32,A40,0.49636843842852424,A61,A74,2,A93,A101,1,A123,0.0892857142857143,A143,A152,1,A173,1,A192,A201,1
A12,0.029411764705882346,A32,A43,0.01870804445911742,A61,A72,3,A94,A101,3,A121,0.125,A143,A152,1,A172,1,A191,A202,0
A14,0.1176470588235294,A34,A43,0.037416088918234836,A65,A75,4,A93,A101,4,A121,0.8214285714285714,A143,A152,4,A173,1,A191,A201,0
A12,0.5588235294117647,A31,A41,0.49702872235061074,A61,A71,1,A93,A101,2,A124,0.6428571428571428,A141,A153,1,A174,1,A192,A201,0
A12,0.16176470588235292,A30,A40,0.08407615274568064,A61,A72,2,A92,A101,1,A121,0.125,A143,A151,2,A171,1,A191,A201,1
A12,0.058823529411764705,A32,A49,0.03615054473423572,A61,A72,3,A94,A101,2,A121,0.125,A143,A152,1,A173,1,A192,A201,0
A12,0.029411764705882346,A32,A43,0.012875536480686695,A61,A74,3,A94,A103,3,A121,0.16071428571428575,A141,A152,1,A172,1,A191,A201,0
A11,0.47058823529411764,A34,A41,0.5160669087707714,A61,A74,4,A93,A101,4,A123,0.0892857142857143,A143,A152,2,A173,1,A192,A201,1
A11,0.6470588235294117,A32,A44,0.15412127214702323,A61,A73,3,A93,A101,4,A123,0.625,A143,A152,1,A173,1,A191,A201,1
A11,0.6470588235294117,A32,A40,0.20254209310003302,A61,A74,4,A93,A101,4,A124,0.48214285714285715,A143,A153,1,A173,2,A191,A201,1
A12,0.47058823529411764,A33,A40,0.39517992736876856,A61,A73,2,A92,A101,2,A122,0.625,A143,A151,1,A173,1,A191,A201,0
A14,0.029411764705882346,A32,A44,0.05986574226917574,A63,A73,1,A91,A101,4,A121,0.7678571428571428,A143,A152,1,A173,1,A191,A201,0
A14,0.029411764705882346,A34,A43,0.07175085286673269,A61,A74,1,A92,A101,2,A123,0.0892857142857143,A143,A151,2,A173,1,A192,A201,0
A11,0.47058823529411764,A32,A410,0.8587542643336634,A61,A71,2,A91,A102,3,A123,0.42857142857142855,A143,A152,1,A174,1,A191,A201,0
A11,0.20588235294117646,A32,A43,0.06025090789039286,A61,A73,4,A94,A101,3,A121,0.125,A141,A152,1,A173,1,A191,A201,1
A14,0.1176470588235294,A32,A40,0.04682513480796743,A61,A73,3,A94,A101,2,A121,0.14285714285714285,A143,A152,2,A173,1,A192,A201,0
A13,0.1176470588235294,A32,A43,0.15219544404093763,A61,A73,3,A94,A101,1,A123,0.0892857142857143,A143,A152,1,A173,1,A191,A201,0
A11,0.47058823529411764,A32,A42,0.1354682513480797,A61,A75,2,A93,A101,2,A122,0.39285714285714285,A141,A152,1,A173,2,A191,A201,1
A11,0.058823529411764705,A34,A40,0.026466380543633764,A61,A75,4,A93,A101,4,A121,0.49999999999999994,A143,A152,2,A172,1,A191,A201,0
A14,0.20588235294117646,A34,A42,0.19423352041377795,A61,A72,3,A91,A101,2,A123,0.28571428571428575,A143,A152,2,A174,1,A192,A201,0
A11,0.25,A34,A40,0.07439198855507868,A61,A75,4,A94,A101,3,A123,0.19642857142857145,A143,A152,2,A173,1,A192,A201,0
A11,0.20588235294117646,A34,A40,0.20446792120611865,A61,A75,1,A92,A101,4,A121,0.25000000000000006,A141,A151,3,A173,1,A192,A201,1
A14,0.20588235294117646,A30,A49,0.21541762958071972,A61,A73,2,A93,A101,2,A123,0.30357142857142855,A142,A152,2,A173,2,A191,A201,1
A11,0.47058823529411764,A32,A41,0.44486629250577747,A65,A75,3,A93,A101,4,A124,0.49999999999999994,A143,A153,1,A173,1,A191,A201,1
A12,0.6470588235294117,A33,A49,0.3538571585781886,A65,A73,4,A93,A101,4,A124,0.33928571428571425,A143,A153,1,A173,2,A192,A201,0
A14,0.2941176470588235,A33,A49,0.11692527786948388,A63,A73,4,A93,A101,2,A123,0.44642857142857145,A143,A152,2,A173,2,A192,A201,0
A11,0.20588235294117646,A32,A40,0.05315285572796302,A61,A72,4,A92,A101,3,A123,0.07142857142857145,A143,A151,1,A173,1,A192,A201,1
A11,0.6029411764705882,A30,A49,0.6364036535710355,A61,A75,2,A93,A101,4,A123,0.17857142857142855,A143,A151,2,A173,1,A191,A201,1
A12,0.2941176470588235,A32,A43,0.2659843732805106,A65,A75,2,A92,A101,4,A123,0.41071428571428575,A143,A152,1,A173,1,A192,A201,0
A13,0.16176470588235292,A32,A43,0.11428414218113787,A61,A72,2,A92,A101,3,A121,0.10714285714285715,A143,A152,1,A172,1,A191,A201,1
A11,0.1176470588235294,A30,A40,0.045779685264663805,A61,A73,4,A93,A101,4,A123,0.5178571428571428,A141,A152,2,A173,1,A191,A201,1
A14,0.1176470588235294,A32,A43,0.034995047870584356,A65,A73,4,A92,A101,2,A123,0.035714285714285754,A143,A152,1,A173,1,A191,A201,0
A14,0.0,A32,A42,0.01931330472103004,A61,A72,1,A92,A101,3,A121,0.07142857142857145,A143,A151,1,A172,2,A191,A201,0
A11,0.2941176470588235,A34,A41,0.148949048090679,A61,A75,4,A93,A101,4,A122,0.7857142857142858,A143,A152,2,A173,1,A192,A201,0
A14,0.2941176470588235,A34,A43,0.12991086167051832,A61,A75,4,A94,A102,3,A121,0.48214285714285715,A143,A152,2,A173,1,A191,A201,0
A11,0.47058823529411764,A32,A42,0.2712116209970287,A61,A74,4,A93,A101,2,A122,0.17857142857142855,A143,A152,1,A173,1,A191,A201,1
A14,0.25,A33,A41,0.1509298998569385,A61,A73,3,A93,A101,2,A121,0.16071428571428575,A142,A152,2,A172,1,A191,A201,0
A14,0.20588235294117646,A32,A45,0.09315505667436998,A61,A72,4,A92,A101,4,A121,0.07142857142857145,A143,A152,1,A173,1,A191,A201,1
A14,0.2941176470588235,A31,A49,0.07202597116760207,A61,A74,4,A93,A101,4,A123,0.5535714285714286,A141,A152,1,A173,1,A192,A201,0
A14,0.20588235294117646,A32,A42,0.17453505007153078,A61,A75,4,A93,A101,4,A122,0.49999999999999994,A141,A152,3,A173,2,A192,A201,0
A12,0.25,A32,A42,0.2050181578078574,A65,A74,2,A93,A101,3,A123,0.28571428571428575,A143,A152,1,A173,1,A192,A201,0
A14,0.20588235294117646,A32,A40,0.3582590513920986,A65,A73,2,A93,A101,4,A123,0.875,A143,A151,2,A173,1,A191,A201,1
A14,0.2941176470588235,A32,A40,0.05496863651370089,A61,A72,4,A94,A101,2,A121,0.16071428571428575,A143,A152,1,A173,1,A191,A201,0
A11,0.07352941176470588,A32,A43,0.06129635743369649,A61,A74,3,A93,A101,4,A121,0.7142857142857144,A143,A152,1,A173,1,A191,A201,0
A11,0.1176470588235294,A32,A43,0.025255860019808517,A61,A75,4,A93,A101,4,A121,0.6785714285714286,A142,A152,1,A172,1,A191,A201,1
A11,0.23529411764705882,A34,A40,0.10922196544514141,A61,A73,4,A94,A103,2,A122,0.25000000000000006,A141,A151,2,A173,1,A191,A202,1
A14,0.2941176470588235,A34,A41,0.20864971937933313,A65,A74,3,A93,A101,4,A122,0.42857142857142855,A143,A152,2,A173,1,A192,A201,0
A14,0.16176470588235292,A34,A43,0.06718388907230109,A61,A73,4,A93,A101,4,A124,0.28571428571428575,A143,A153,2,A173,1,A192,A201,0
A11,0.20588235294117646,A31,A40,0.06558820292725871,A61,A74,4,A93,A101,4,A124,0.23214285714285715,A143,A153,2,A172,2,A191,A201,1
A14,0.47058823529411764,A33,A40,0.5846263893474194,A61,A75,2,A93,A101,2,A123,0.46428571428571425,A143,A152,2,A173,2,A192,A201,0
A14,0.2941176470588235,A32,A40,0.06734896005282272,A62,A72,4,A94,A101,3,A121,0.25000000000000006,A143,A152,1,A173,1,A192,A201,0
A14,0.08823529411764706,A32,A48,0.03543523715197534,A65,A74,4,A92,A101,3,A122,0.37499999999999994,A143,A152,1,A173,1,A192,A201,0
A14,0.16176470588235292,A34,A42,0.17018818091779467,A61,A73,4,A93,A101,2,A124,0.16071428571428575,A143,A153,1,A173,1,A192,A201,0
A11,0.16176470588235292,A32,A40,0.20408275558490152,A61,A73,3,A92,A101,2,A122,0.17857142857142855,A143,A152,1,A173,1,A192,A201,1
A14,0.07352941176470588,A32,A40,0.18306371739848135,A62,A73,1,A93,A103,2,A121,0.125,A143,A151,1,A173,2,A191,A202,0
A14,0.2941176470588235,A34,A41,0.30560140860570045,A64,A73,4,A93,A101,2,A121,0.14285714285714285,A143,A152,2,A173,1,A191,A201,0
A14,0.20588235294117646,A33,A49,0.10559040387366568,A61,A73,4,A94,A101,2,A123,0.16071428571428575,A143,A152,1,A173,1,A192,A201,1
A11,0.2941176470588235,A32,A43,0.12044679212061186,A61,A72,4,A92,A101,4,A121,0.28571428571428575,A143,A152,1,A173,1,A192,A201,1
A14,0.338235294117647,A34,A42,0.23528117090348852,A64,A72,4,A93,A101,2,A121,0.23214285714285715,A142,A152,2,A172,2,A192,A201,0
A14,0.08823529411764706,A32,A42,0.10784637394079453,A61,A73,2,A93,A101,2,A121,0.10714285714285715,A141,A151,1,A172,1,A191,A201,1
A14,0.16176470588235292,A32,A42,0.10845163420270716,A63,A73,2,A92,A101,4,A123,0.01785714285714285,A143,A151,1,A173,1,A191,A201,0
A11,0.20588235294117646,A32,A43,0.11769560911191813,A61,A72,4,A92,A101,1,A123,0.14285714285714285,A142,A152,1,A173,1,A191,A201,0
A14,0.1176470588235294,A34,A42,0.16952789699570817,A61,A75,2,A93,A101,4,A122,0.41071428571428575,A142,A152,1,A173,1,A191,A201,0
A14,0.47058823529411764,A32,A49,0.39391438318476946,A65,A75,3,A93,A101,2,A122,0.32142857142857145,A143,A152,2,A173,1,A191,A201,0
A11,0.1176470588235294,A32,A42,0.022119511389897654,A61,A75,4,A92,A101,4,A122,0.0892857142857143,A143,A151,1,A173,1,A191,A201,0
A14,0.47058823529411764,A33,A42,0.4087157477715418,A63,A74,2,A92,A101,4,A123,0.37499999999999994,A143,A152,2,A173,1,A192,A201,0
A13,0.029411764705882346,A34,A40,0.06014086057004511,A61,A75,1,A93,A101,4,A121,0.48214285714285715,A143,A152,2,A173,2,A191,A202,0
A11,0.2941176470588235,A34,A49,0.06228678331682623,A62,A74,4,A93,A101,1,A121,0.125,A143,A152,2,A173,1,A192,A201,0
A14,0.16176470588235292,A32,A44,0.034334763948497854,A65,A72,4,A92,A101,1,A121,0.0892857142857143,A143,A152,1,A173,1,A191,A201,0
A11,0.1176470588235294,A32,A42,0.18377902498074172,A61,A73,2,A93,A102,2,A122,0.17857142857142855,A143,A152,1,A172,2,A191,A201,0
A12,0.10294117647058824,A34,A40,0.05898536370639375,A64,A73,4,A92,A101,4,A123,0.37499999999999994,A143,A152,2,A173,1,A191,A201,0
A11,0.20588235294117646,A31,A43,0.09298998569384835,A61,A72,3,A93,A102,4,A124,0.30357142857142855,A141,A153,1,A174,1,A192,A201,0
A14,0.47058823529411764,A32,A43,0.1840541432816111,A61,A75,4,A93,A101,2,A123,0.16071428571428575,A143,A152,1,A173,1,A191,A201,0
A11,0.07352941176470588,A32,A40,0.06448772972378122,A61,A72,3,A93,A101,2,A124,0.14285714285714285,A143,A153,1,A174,1,A192,A201,1
A14,0.38235294117647056,A34,A43,0.35721360184879497,A65,A74,2,A93,A101,3,A122,0.30357142857142855,A143,A152,2,A173,1,A191,A201,0
A14,0.2941176470588235,A32,A41,0.41619896555518876,A61,A74,3,A93,A101,3,A123,0.33928571428571425,A143,A152,1,A174,1,A192,A201,0
A14,0.2941176470588235,A32,A41,0.49669858038956755,A65,A73,2,A91,A101,4,A124,0.5178571428571428,A143,A153,1,A173,1,A192,A201,0
A12,0.38235294117647056,A34,A40,0.10625068779575217,A65,A75,4,A93,A101,4,A121,0.30357142857142855,A143,A152,2,A173,1,A191,A201,0
A14,0.20588235294117646,A34,A43,0.04666006382744581,A61,A71,4,A92,A101,4,A123,0.8214285714285714,A143,A152,2,A171,1,A191,A201,0
A12,0.2941176470588235,A32,A42,0.20947507428194126,A61,A74,3,A91,A101,3,A123,0.42857142857142855,A143,A152,1,A173,1,A192,A201,1
A11,0.1176470588235294,A32,A46,0.029987894794761747,A61,A72,4,A92,A101,4,A122,0.6071428571428572,A143,A152,1,A173,1,A191,A201,1
A12,0.2941176470588235,A34,A49,0.14168592494772753,A65,A74,4,A93,A101,3,A124,0.26785714285714285,A143,A152,2,A173,2,A192,A201,0
A12,0.6470588235294117,A32,A49,0.8485748872014967,A61,A73,2,A93,A101,2,A123,0.07142857142857145,A143,A152,1,A173,1,A192,A201,1
A14,0.47058823529411764,A34,A40,0.350170573346539,A61,A75,4,A93,A101,4,A123,0.26785714285714285,A143,A152,2,A174,1,A192,A201,0
A14,0.3529411764705882,A31,A41,0.4167492021569275,A65,A72,3,A93,A103,4,A121,0.37499999999999994,A141,A151,2,A173,2,A192,A201,0
A11,0.338235294117647,A34,A49,0.12061186310113349,A61,A75,4,A93,A101,4,A123,0.42857142857142855,A142,A152,4,A174,2,A192,A201,0
A14,0.16176470588235292,A34,A43,0.08688235941454825,A61,A75,4,A93,A101,4,A123,0.48214285714285715,A143,A152,2,A173,1,A192,A201,0
A11,0.1176470588235294,A34,A40,0.10570045119401342,A61,A73,4,A93,A101,4,A122,0.33928571428571425,A141,A152,2,A172,1,A191,A202,0
A12,0.47058823529411764,A34,A41,0.30538131396500495,A61,A73,3,A93,A101,4,A123,0.26785714285714285,A143,A152,2,A173,1,A192,A201,0
A14,0.20588235294117646,A34,A43,0.0505667436997909,A65,A73,4,A93,A101,3,A122,0.17857142857142855,A143,A152,2,A173,1,A192,A201,0
A14,0.47058823529411764,A33,A41,0.47854077253218885,A65,A74,3,A93,A101,2,A123,0.21428571428571425,A142,A152,1,A174,2,A192,A201,0
A11,0.25,A32,A43,0.12963574336964895,A61,A72,4,A92,A101,4,A122,0.16071428571428575,A143,A151,1,A174,1,A192,A201,0
A14,0.1176470588235294,A34,A42,0.07384175195333993,A64,A74,3,A92,A101,2,A122,0.28571428571428575,A143,A152,1,A173,1,A191,A202,0
A14,0.16176470588235292,A32,A42,0.10652580609662154,A65,A74,1,A92,A101,4,A121,0.25000000000000006,A141,A151,1,A172,1,A191,A201,0
A11,0.20588235294117646,A32,A42,0.21475734565863322,A61,A73,2,A93,A102,3,A123,0.41071428571428575,A143,A152,1,A173,1,A191,A201,1
A11,0.1764705882352941,A34,A40,0.13068119291295258,A61,A75,2,A93,A103,4,A122,0.42857142857142855,A141,A151,1,A173,1,A192,A201,1
A14,0.23529411764705882,A34,A40,0.1780015406624849,A65,A72,2,A91,A101,4,A121,0.44642857142857145,A143,A152,2,A173,1,A192,A201,0
A14,0.47058823529411764,A34,A41,0.5627269725982172,A65,A75,2,A93,A101,4,A124,0.41071428571428575,A143,A153,2,A173,1,A191,A201,0
A14,0.16176470588235292,A32,A43,0.06250687795752173,A65,A73,4,A94,A101,2,A121,0.37499999999999994,A143,A151,1,A173,1,A192,A201,0
A14,0.2941176470588235,A32,A43,0.056564322658743255,A61,A75,4,A93,A101,1,A121,0.30357142857142855,A143,A152,1,A174,1,A192,A201,0
A11,0.1176470588235294,A32,A43,0.04715527676901067,A61,A73,2,A93,A101,2,A121,0.01785714285714285,A143,A151,1,A174,2,A192,A201,0
A11,0.25,A32,A40,0.19329811819082207,A65,A74,2,A93,A102,2,A121,0.0892857142857143,A143,A152,1,A172,1,A191,A202,0
A12,0.47058823529411764,A32,A46,0.1904368878617806,A65,A73,2,A94,A101,2,A123,0.14285714285714285,A143,A152,1,A173,1,A191,A201,0
A14,0.16176470588235292,A33,A41,0.18399911962143722,A61,A72,1,A92,A101,2,A122,0.48214285714285715,A143,A152,2,A172,1,A191,A201,0
A12,0.07352941176470588,A32,A40,0.1620446792120612,A65,A73,1,A92,A101,2,A121,0.25000000000000006,A143,A152,1,A172,1,A191,A201,0
A14,0.47058823529411764,A33,A43,0.23131946737096953,A61,A73,4,A92,A101,4,A121,0.26785714285714285,A143,A152,2,A173,1,A191,A201,0
A12,0.2941176470588235,A34,A42,0.24683613954000222,A61,A72,2,A92,A101,4,A123,0.10714285714285715,A141,A152,1,A172,1,A191,A201,1
A12,0.38235294117647056,A32,A43,0.15081985253659075,A65,A75,2,A92,A101,4,A123,0.10714285714285715,A143,A152,1,A173,1,A191,A201,0
A14,0.10294117647058824,A32,A49,0.10410476504897105,A64,A75,1,A91,A101,2,A121,0.16071428571428575,A143,A152,1,A173,1,A192,A201,0
A11,0.2941176470588235,A31,A49,0.16017387476614944,A61,A73,4,A93,A101,2,A122,0.21428571428571425,A143,A151,1,A173,1,A192,A201,1
A12,0.6470588235294117,A30,A410,1.0,A61,A73,1,A92,A101,2,A122,0.23214285714285715,A141,A152,1,A174,1,A192,A202,1
A14,0.08823529411764706,A32,A41,0.14295146913172666,A62,A73,1,A93,A102,2,A121,0.23214285714285715,A143,A152,1,A173,2,A191,A201,0
A11,0.029411764705882346,A32,A40,0.8058765269065697,A61,A75,1,A93,A101,4,A124,0.875,A141,A152,1,A174,1,A192,A201,1
A11,0.2941176470588235,A32,A42,0.11604489930670188,A62,A71,1,A91,A101,1,A122,0.25000000000000006,A143,A152,1,A173,1,A191,A201,1
A11,0.2941176470588235,A32,A42,0.17029822823814242,A61,A75,4,A93,A101,2,A122,0.35714285714285715,A143,A151,1,A174,1,A192,A201,1
A14,0.20588235294117646,A34,A42,0.08622207549246176,A61,A73,4,A92,A101,2,A124,0.16071428571428575,A143,A152,2,A173,1,A191,A201,0
A14,0.6470588235294117,A33,A43,0.6877407285132606,A63,A74,4,A93,A101,1,A123,0.32142857142857145,A143,A152,1,A174,1,A192,A201,0
A11,0.07352941176470588,A32,A43,0.06140640475404424,A61,A72,3,A92,A101,4,A122,0.0535714285714286,A143,A151,1,A173,1,A191,A201,1
A12,0.1176470588235294,A32,A40,0.09640145262462858,A61,A74,3,A93,A101,4,A122,0.19642857142857145,A143,A151,1,A173,2,A192,A201,0
A11,0.2941176470588235,A31,A42,0.36436667767139874,A61,A72,2,A91,A101,1,A122,0.6428571428571428,A141,A152,1,A173,1,A192,A201,1
A11,0.1176470588235294,A31,A40,0.024595576097722022,A61,A72,4,A93,A101,2,A123,0.48214285714285715,A141,A152,2,A173,1,A192,A201,1
A11,0.20588235294117646,A34,A42,0.04396390447892594,A61,A72,4,A92,A101,4,A122,0.035714285714285754,A143,A151,1,A173,1,A191,A201,0
A11,0.6470588235294117,A32,A41,0.5528227137669197,A61,A74,4,A93,A101,4,A124,0.35714285714285715,A142,A153,3,A173,2,A192,A201,1
A14,0.38235294117647056,A32,A43,0.08897325850115549,A65,A75,4,A93,A101,4,A123,0.6964285714285714,A143,A152,1,A173,1,A192,A201,0
A11,0.1176470588235294,A33,A40,0.06019588423021899,A61,A73,4,A93,A101,2,A121,0.42857142857142855,A143,A152,2,A172,2,A191,A201,0
A11,0.2941176470588235,A32,A42,0.08237041928029053,A61,A72,4,A93,A102,1,A122,0.0892857142857143,A143,A152,1,A172,1,A191,A202,0
A12,0.07352941176470588,A32,A43,0.07813359744690217,A61,A72,4,A92,A101,2,A123,0.0535714285714286,A143,A152,1,A173,1,A192,A201,1
A14,0.07352941176470588,A34,A40,0.05359304500935402,A61,A73,3,A93,A101,1,A121,0.19642857142857145,A143,A152,2,A173,1,A191,A201,0
A14,0.1176470588235294,A34,A43,0.014966435567293938,A63,A75,4,A93,A101,4,A122,0.41071428571428575,A143,A152,2,A173,2,A192,A201,0
A11,0.1176470588235294,A32,A43,0.06866952789699571,A61,A73,4,A92,A101,1,A123,0.07142857142857145,A141,A152,1,A173,1,A191,A201,0
A12,0.38235294117647056,A33,A43,0.09183448883019699,A62,A72,4,A93,A101,3,A124,0.19642857142857145,A142,A152,2,A174,1,A191,A201,1
A13,0.07352941176470588,A32,A43,0.02723671178606801,A61,A73,3,A92,A101,2,A121,0.16071428571428575,A143,A152,1,A172,1,A191,A201,1
A12,0.029411764705882346,A32,A43,0.09975789589523495,A61,A72,4,A94,A101,3,A123,0.19642857142857145,A143,A151,1,A174,1,A192,A201,0
A12,0.8235294117647058,A32,A46,0.33223286012985587,A61,A73,4,A93,A101,4,A124,0.41071428571428575,A143,A153,1,A173,1,A191,A201,1
A14,0.2941176470588235,A34,A41,0.3627159678661825,A65,A73,2,A93,A101,4,A122,0.48214285714285715,A143,A152,2,A174,2,A192,A201,0
A14,0.1176470588235294,A32,A40,0.18031253438978762,A65,A72,2,A93,A101,3,A122,0.46428571428571425,A143,A152,1,A174,2,A192,A201,0
A14,0.08823529411764706,A32,A40,0.07131066358534169,A61,A73,3,A93,A101,2,A121,0.21428571428571425,A143,A152,1,A172,2,A191,A202,0
A14,0.2941176470588235,A32,A42,0.03736106525806096,A65,A74,4,A93,A101,2,A123,0.21428571428571425,A142,A152,1,A173,1,A192,A201,0
A14,0.0,A34,A40,0.06630351050951909,A61,A74,2,A93,A101,1,A121,0.41071428571428575,A143,A152,3,A172,2,A191,A201,0
A11,0.16176470588235292,A32,A42,0.08776273797733025,A61,A72,4,A92,A103,1,A122,0.48214285714285715,A143,A151,1,A173,1,A191,A201,0
A12,0.6470588235294117,A30,A40,0.44613183668977663,A63,A72,1,A92,A101,1,A123,0.19642857142857145,A143,A152,2,A173,1,A191,A201,0
A11,0.2941176470588235,A31,A42,0.17051832287883792,A63,A72,4,A93,A101,4,A124,0.19642857142857145,A143,A153,1,A173,2,A192,A201,1
A14,0.1176470588235294,A32,A40,0.14355672939363928,A65,A71,4,A93,A101,4,A124,0.33928571428571425,A143,A152,1,A174,1,A192,A201,0
A14,0.20588235294117646,A32,A42,0.07059535600308132,A61,A72,4,A94,A102,1,A122,0.42857142857142855,A143,A152,1,A172,2,A191,A201,1
A14,0.2941176470588235,A32,A43,0.18548475844613185,A62,A75,2,A93,A101,4,A123,0.21428571428571425,A143,A152,2,A173,1,A191,A201,1
A12,0.20588235294117646,A34,A49,0.18377902498074172,A61,A71,3,A94,A101,3,A123,0.37499999999999994,A143,A152,3,A171,2,A192,A201,0
A11,0.47058823529411764,A33,A49,0.10426983602949268,A61,A74,2,A93,A101,1,A123,0.0892857142857143,A143,A152,2,A173,1,A192,A201,1
A12,0.2941176470588235,A32,A41,0.21255639925167824,A63,A72,3,A92,A101,4,A123,0.16071428571428575,A143,A151,1,A173,1,A191,A201,1
A14,0.47058823529411764,A32,A42,0.590073731704633,A61,A71,4,A92,A101,2,A123,0.125,A143,A152,2,A174,1,A192,A201,1
A11,0.1176470588235294,A32,A40,0.09040387366567623,A61,A73,4,A92,A103,4,A122,0.17857142857142855,A143,A152,1,A173,1,A192,A201,0
A11,0.2941176470588235,A34,A43,0.05397821063057115,A64,A75,4,A92,A101,4,A122,0.6785714285714286,A143,A151,2,A174,1,A192,A201,0
A13,0.38235294117647056,A34,A43,0.18741058655221746,A65,A75,4,A93,A101,4,A122,0.5357142857142858,A142,A152,2,A172,1,A191,A201,0
A12,0.07352941176470588,A34,A43,0.04974138879718279,A61,A75,2,A93,A101,4,A121,0.32142857142857145,A143,A152,3,A172,1,A191,A201,0
A11,0.3529411764705882,A32,A40,0.20666886761307363,A61,A73,3,A93,A101,2,A123,0.46428571428571425,A143,A152,1,A172,1,A191,A201,1
A12,0.2941176470588235,A32,A42,0.15511169803015298,A62,A75,4,A93,A101,4,A124,0.19642857142857145,A143,A153,1,A173,1,A191,A201,0
A14,0.029411764705882346,A34,A43,0.0819852536590734,A61,A75,2,A94,A101,2,A121,0.19642857142857145,A143,A151,2,A173,1,A191,A201,0
A12,0.25,A33,A40,0.11571475734565863,A61,A73,1,A91,A101,4,A122,0.49999999999999994,A143,A152,2,A173,1,A191,A201,0
A14,0.16176470588235292,A32,A40,0.18190822053483,A65,A73,3,A93,A101,2,A124,0.17857142857142855,A143,A152,1,A173,1,A191,A201,0
A14,0.2941176470588235,A32,A43,0.11813579839330911,A63,A75,3,A93,A101,2,A123,0.28571428571428575,A141,A152,2,A173,1,A192,A201,1
A12,0.029411764705882346,A32,A45,0.011224826675470454,A61,A72,3,A94,A101,1,A122,0.0535714285714286,A143,A152,1,A172,1,A191,A201,0
A12,0.38235294117647056,A32,A43,0.08060966215472654,A65,A73,4,A92,A101,1,A123,0.125,A143,A152,1,A173,1,A191,A201,0
A12,0.338235294117647,A34,A43,0.12490370859469573,A63,A73,4,A93,A101,2,A122,0.07142857142857145,A143,A152,2,A172,1,A191,A201,1
A14,0.16176470588235292,A32,A43,0.1825685044569165,A61,A75,4,A92,A101,2,A123,0.625,A141,A151,1,A174,1,A192,A201,0
A14,0.5588235294117647,A32,A43,0.3805436337625179,A65,A74,2,A94,A101,4,A122,0.17857142857142855,A143,A151,1,A173,1,A192,A201,0
A11,0.10294117647058824,A34,A40,0.20298228238142402,A61,A73,1,A93,A101,2,A121,0.37499999999999994,A143,A152,2,A172,2,A191,A201,0
A12,0.16176470588235292,A32,A45,0.0695499064597777,A62,A73,4,A93,A103,2,A121,0.0535714285714286,A143,A152,1,A173,1,A191,A201,0
A14,0.2941176470588235,A32,A40,0.39303400462198745,A61,A73,1,A93,A101,4,A122,0.42857142857142855,A143,A152,1,A172,2,A191,A201,0
A11,0.2941176470588235,A31,A40,0.05188731154396391,A61,A71,1,A92,A102,4,A124,0.17857142857142855,A143,A151,2,A171,1,A191,A201,1
A11,0.8235294117647058,A32,A49,0.3877517332452955,A61,A75,4,A93,A102,4,A124,0.30357142857142855,A143,A151,1,A173,1,A191,A201,1
A14,0.38235294117647056,A34,A43,0.14201606690877078,A61,A73,4,A92,A101,2,A123,0.25000000000000006,A143,A152,1,A173,1,A192,A201,0
A13,0.2941176470588235,A32,A43,0.055463849455265765,A63,A73,3,A92,A101,3,A123,0.6785714285714286,A143,A152,1,A172,1,A191,A201,0
A12,0.029411764705882346,A32,A43,0.02767690106745901,A61,A73,2,A92,A103,3,A121,0.8035714285714286,A143,A152,1,A173,1,A191,A201,0
A12,0.20588235294117646,A33,A49,0.11978650819852536,A65,A75,4,A93,A101,2,A122,0.41071428571428575,A143,A152,2,A173,1,A191,A201,0
A14,0.2941176470588235,A33,A40,0.12589413447782546,A61,A75,4,A93,A101,4,A123,0.49999999999999994,A143,A152,2,A172,2,A191,A201,1
A12,0.16176470588235292,A31,A40,0.055793991416309016,A62,A73,2,A94,A101,2,A122,0.10714285714285715,A143,A151,1,A173,1,A191,A201,1
A12,0.38235294117647056,A34,A42,0.44767249917464513,A61,A74,2,A93,A101,2,A122,0.5357142857142858,A143,A152,1,A173,1,A191,A201,1
A14,0.6470588235294117,A32,A49,0.2527786948387807,A61,A71,3,A93,A101,2,A123,0.25000000000000006,A141,A151,1,A174,1,A192,A201,1
A13,0.25,A32,A40,0.14707824364476726,A62,A73,1,A92,A101,1,A123,0.16071428571428575,A141,A152,1,A174,1,A192,A201,0
A11,0.47058823529411764,A32,A41,0.43903378452734676,A61,A73,2,A93,A101,2,A122,0.125,A143,A152,1,A173,2,A191,A201,1
A14,0.2941176470588235,A34,A42,0.09783206778914934,A61,A74,2,A93,A101,2,A122,0.19642857142857145,A143,A152,2,A172,1,A191,A201,0
A11,0.16176470588235292,A34,A42,0.06509298998569385,A61,A73,4,A92,A101,3,A122,0.10714285714285715,A143,A151,2,A173,1,A191,A201,0
A13,0.5588235294117647,A30,A49,0.3322878837900297,A61,A72,2,A91,A101,1,A122,0.25000000000000006,A143,A152,2,A173,1,A191,A201,0
A14,0.13235294117647056,A32,A43,0.06377242214152085,A62,A71,2,A92,A101,4,A121,0.8035714285714286,A143,A152,1,A173,1,A191,A201,0
A11,0.2941176470588235,A32,A41,0.3482447452404534,A61,A71,4,A93,A101,2,A124,0.17857142857142855,A143,A153,1,A174,1,A192,A201,0
A12,0.2941176470588235,A34,A43,0.08215032463959503,A61,A75,4,A93,A101,2,A122,0.5178571428571428,A143,A152,2,A172,1,A191,A201,0
A14,0.1176470588235294,A34,A46,0.18240343347639487,A65,A72,2,A93,A101,1,A122,0.32142857142857145,A143,A152,2,A172,2,A191,A201,0
A14,0.16176470588235292,A31,A43,0.07257620776934082,A62,A75,4,A93,A101,4,A123,0.26785714285714285,A141,A152,1,A172,2,A191,A201,0
A11,0.20588235294117646,A32,A43,0.09276989105315285,A65,A74,2,A94,A101,4,A123,0.07142857142857145,A143,A151,2,A172,1,A191,A201,0
A11,0.47058823529411764,A32,A42,0.20408275558490152,A61,A71,4,A93,A101,3,A122,0.19642857142857145,A143,A152,1,A174,1,A192,A201,0
A14,0.1176470588235294,A32,A40,0.11775063277209201,A65,A75,4,A93,A101,3,A123,0.5535714285714286,A143,A152,1,A173,1,A192,A201,0
A14,0.1176470588235294,A32,A42,0.0817651590183779,A61,A74,3,A92,A101,4,A121,0.21428571428571425,A143,A152,1,A172,1,A191,A201,0
A11,0.38235294117647056,A32,A41,0.19847034224716628,A61,A73,4,A91,A101,4,A122,0.37499999999999994,A143,A152,1,A174,1,A192,A201,0
A14,0.1176470588235294,A32,A43,0.030483107736326624,A61,A75,4,A93,A101,4,A123,0.33928571428571425,A143,A152,1,A173,1,A191,A201,0
A11,0.6029411764705882,A32,A43,0.08776273797733025,A61,A73,4,A93,A101,4,A124,0.07142857142857145,A143,A153,1,A173,1,A192,A201,1
A12,0.6029411764705882,A34,A41,0.23803235391218225,A62,A71,3,A93,A101,4,A123,0.14285714285714285,A143,A152,1,A173,1,A191,A201,0
