duracao_meses,valor_credito,taxa_parcela,residencia_desde,idade,creditos_existentes,dependentes,status_conta_A12,status_conta_A13,status_conta_A14,historico_credito_A31,historico_credito_A32,historico_credito_A33,historico_credito_A34,proposito_A41,proposito_A410,proposito_A42,proposito_A43,proposito_A44,proposito_A45,proposito_A46,proposito_A48,proposito_A49,poupanca_A62,poupanca_A63,poupanca_A64,poupanca_A65,tempo_emprego_A72,tempo_emprego_A73,tempo_emprego_A74,tempo_emprego_A75,status_sexo_A92,status_sexo_A93,status_sexo_A94,outros_devedores_A102,outros_devedores_A103,propriedades_A122,propriedades_A123,propriedades_A124,outros_planos_parcelas_A142,outros_planos_parcelas_A143,moradia_A152,moradia_A153,emprego_A172,emprego_A173,emprego_A174,telefone_A192,trabalhador_estrangeiro_A202,target
0.029411764705882346,0.0505667436997909,4,4,0.8571428571428572,2,1,False,False,False,False,False,False,True,False,False,False,True,False,False,False,False,False,False,False,False,True,False,False,False,True,False,True,False,False,False,False,False,False,False,True,True,False,False,True,False,True,False,0
0.6470588235294117,0.3136898866512601,2,2,0.0535714285714286,1,1,True,False,False,False,True,False,False,False,False,False,True,False,False,False,False,False,False,False,False,False,False,True,False,False,True,False,False,False,False,False,False,False,False,True,True,False,False,True,False,False,False,1
0.1176470588235294,0.10157367668097282,2,3,0.5357142857142858,1,2,False,False,True,False,False,False,True,False,False,False,False,False,False,True,False,False,False,False,False,False,False,False,True,False,False,True,False,False,False,False,False,False,False,True,True,False,True,False,False,False,False,0
0.5588235294117647,0.4199405744470122,2,4,0.46428571428571425,1,2,False,False,False,False,True,False,False,False,False,True,False,False,False,False,False,False,False,False,False,False,False,False,True,False,False,True,False,False,True,True,False,False,False,True,False,True,False,True,False,False,False,0
0.2941176470588235,0.25420931000330144,3,4,0.6071428571428572,2,2,False,False,False,False,False,True,False,False,False,False,False,False,False,False,False,False,False,False,False,False,False,True,False,False,False,True,False,False,False,False,False,True,False,True,False,True,False,True,False,False,False,1
0.47058823529411764,0.4844833278309673,2,4,0.28571428571428575,1,2,False,False,True,False,True,False,False,False,False,False,False,False,False,True,False,False,False,False,False,True,False,True,False,False,False,True,False,False,False,False,False,True,False,True,False,True,True,False,False,True,False,0
0.2941176470588235,0.14223616154946628,3,4,0.6071428571428572,1,1,False,False,True,False,True,False,False,False,False,True,False,False,False,False,False,False,False,True,False,False,False,False,False,True,False,True,False,False,False,True,False,False,False,True,True,False,False,True,False,False,False,0
0.47058823529411764,0.3685484758446132,2,2,0.28571428571428575,1,1,True,False,False,False,True,False,False,True,False,False,False,False,False,False,False,False,False,False,False,False,False,True,False,False,False,True,False,False,False,False,True,False,False,True,False,False,False,False,True,True,False,0
0.1176470588235294,0.15456146142841423,2,4,0.75,1,1,False,False,True,False,True,False,False,False,False,False,True,False,False,False,False,False,False,False,True,False,False,False,True,False,False,False,False,False,False,False,False,False,False,True,True,False,True,False,False,False,False,0
0.38235294117647056,0.27423792230659183,4,2,0.16071428571428575,2,1,True,False,False,False,False,False,True,False,False,False,False,False,False,False,False,False,False,False,False,False,False,False,False,False,False,False,True,False,False,False,True,False,False,True,True,False,False,False,True,False,False,1
0.1176470588235294,0.05749972488169913,3,1,0.10714285714285715,1,1,True,False,False,False,True,False,False,False,False,False,False,False,False,False,False,False,False,False,False,False,True,False,False,False,True,False,False,False,False,False,True,False,False,True,False,False,False,True,False,False,False,1
0.6470588235294117,0.22328601298558381,3,4,0.0892857142857143,1,1,False,False,False,False,True,False,False,False,False,False,False,False,False,False,False,True,False,False,False,False,True,False,False,False,True,False,False,False,False,True,False,False,False,True,False,False,False,True,False,False,False,1
0.1176470588235294,0.07246616044899307,1,1,0.0535714285714286,1,1,True,False,False,False,True,False,False,False,False,False,True,False,False,False,False,False,False,False,False,False,False,True,False,False,True,False,False,False,False,False,True,False,False,True,True,False,False,True,False,True,False,0
0.2941176470588235,0.052217453505007144,4,4,0.7321428571428572,2,1,False,False,False,False,False,False,True,False,False,False,False,False,False,False,False,False,False,False,False,False,False,False,False,True,False,True,False,False,False,False,True,False,False,True,True,False,True,False,False,False,False,1
0.16176470588235292,0.06344228018047761,2,4,0.16071428571428575,1,1,False,False,False,False,True,False,False,False,False,False,False,False,False,False,False,False,False,False,False,False,False,True,False,False,True,False,False,False,False,False,True,False,False,True,False,False,False,True,False,False,False,0
0.2941176470588235,0.056784417299438755,4,2,0.23214285714285715,1,1,False,False,False,False,True,False,False,False,False,False,True,False,False,False,False,False,True,False,False,False,False,True,False,False,True,False,False,False,False,False,True,False,False,True,True,False,True,False,False,False,False,1
0.2941176470588235,0.11962143721800374,4,4,0.6071428571428572,2,1,False,False,True,False,False,False,True,False,False,False,True,False,False,False,False,False,False,False,False,True,False,False,False,True,False,True,False,False,False,True,False,False,False,True,True,False,False,True,False,False,False,0
0.38235294117647056,0.43039506988004844,2,3,0.10714285714285715,3,1,False,False,False,False,False,False,False,False,False,False,False,False,False,False,False,True,False,False,False,True,True,False,False,False,False,True,False,False,False,False,True,False,False,False,True,False,False,True,False,False,False,0
0.2941176470588235,0.6783867062837019,4,2,0.44642857142857145,1,1,True,False,False,False,True,False,False,True,False,False,False,False,False,False,False,False,False,False,False,False,False,False,False,True,True,False,False,False,False,False,False,True,False,True,False,True,False,False,True,True,False,1
0.2941176470588235,0.17497523935292178,3,2,0.21428571428571425,1,2,False,False,True,False,True,False,False,False,False,False,True,False,False,False,False,False,False,True,False,False,False,False,False,True,False,True,False,False,False,False,True,False,False,True,True,False,False,True,False,True,False,0
0.07352941176470588,0.10366457576758006,4,4,0.5178571428571428,3,1,False,False,True,False,False,False,True,False,False,False,False,False,False,False,False,False,False,False,False,False,False,True,False,False,False,True,False,False,False,False,True,False,False,True,True,False,False,True,False,True,False,0
0.029411764705882346,0.13189171343677783,2,3,0.44642857142857145,1,2,False,False,False,False,True,False,False,False,False,False,True,False,False,False,False,False,False,True,False,False,False,True,False,False,False,True,False,False,False,False,False,False,False,True,False,False,False,True,False,False,False,0
0.08823529411764706,0.10955210740618465,1,3,0.5178571428571428,2,2,False,False,False,False,False,False,True,False,False,False,False,False,False,False,False,False,False,False,False,False,True,False,False,False,False,True,False,False,False,False,False,False,False,True,False,False,True,False,False,False,True,0
0.1176470588235294,0.08550676791020138,3,4,0.44642857142857145,1,1,True,False,False,False,False,False,True,True,False,False,False,False,False,False,False,False,True,False,False,False,True,False,False,False,False,True,False,False,False,True,False,False,False,True,True,False,False,True,False,False,False,0
0.08823529411764706,0.10008803785627819,2,1,0.125,2,1,False,False,True,False,False,False,True,False,False,True,False,False,False,False,False,False,False,False,False,True,False,True,False,False,False,False,True,False,False,False,True,False,False,True,True,False,False,True,False,False,True,0
0.029411764705882346,0.06184659403543523,1,2,0.30357142857142855,1,1,False,False,False,False,True,False,False,False,False,True,False,False,False,False,False,False,False,False,False,False,False,True,False,False,False,True,False,False,False,False,False,False,False,False,True,False,True,False,False,True,False,0
0.029411764705882346,0.00968416419060196,4,4,0.35714285714285715,1,1,False,False,True,False,False,False,False,False,False,False,True,False,False,False,False,False,False,False,False,False,False,False,False,True,False,False,True,False,False,False,True,False,False,True,True,False,True,False,False,False,False,0
0.1176470588235294,0.008748761967646089,3,3,0.41071428571428575,2,1,False,True,False,True,False,False,False,False,False,False,True,False,False,False,False,False,False,False,True,False,False,True,False,False,True,False,False,False,False,False,False,False,False,True,False,False,False,True,False,False,False,0
0.044117647058823525,0.11912622427643886,3,2,0.26785714285714285,1,1,True,False,False,False,True,False,False,False,False,False,True,False,False,False,False,False,False,False,False,False,False,True,False,False,False,True,False,False,True,False,False,False,False,True,True,False,False,True,False,False,False,0
0.8235294117647058,0.36238582590513924,3,4,0.7857142857142858,2,1,False,False,False,False,False,True,False,False,False,False,False,False,False,False,False,True,False,False,False,False,False,False,False,True,False,True,False,False,False,False,False,True,False,True,True,False,False,True,False,True,False,1
0.20588235294117646,0.09150434686915374,3,3,0.30357142857142855,1,1,True,False,False,False,True,False,False,False,False,False,False,False,False,False,False,True,False,False,True,False,True,False,False,False,False,False,True,False,False,False,False,False,False,False,True,False,False,True,False,True,False,0
0.2941176470588235,0.20743919885550788,2,2,0.14285714285714285,1,1,False,False,False,False,True,False,False,False,False,True,False,False,False,False,False,False,False,False,False,False,False,True,False,False,False,True,False,False,False,False,True,False,True,False,True,False,False,True,False,False,False,0
0.20588235294117646,0.3090128755364807,2,2,0.19642857142857145,2,1,True,False,False,False,True,False,False,False,False,False,False,False,False,False,False,False,True,False,False,False,False,True,False,False,False,True,False,False,False,False,True,False,False,True,True,False,False,True,False,True,False,0
0.1176470588235294,0.055793991416309016,4,4,0.6785714285714286,1,1,False,False,True,False,False,False,True,False,False,False,False,False,False,False,False,True,False,False,False,True,False,False,False,True,False,True,False,False,False,False,False,True,False,True,False,False,True,False,False,False,False,0
0.1176470588235294,0.06734896005282272,4,1,0.25000000000000006,1,1,False,True,False,False,True,False,False,False,False,True,False,False,False,False,False,False,False,False,False,False,True,False,False,False,True,False,False,False,False,True,False,False,False,False,True,False,False,False,True,True,False,0
0.6029411764705882,0.24738637614174097,4,2,0.10714285714285715,2,1,True,False,False,False,False,False,True,False,False,False,True,False,False,False,False,False,False,False,False,False,True,False,False,False,False,True,False,False,False,True,False,False,False,True,True,False,True,False,False,False,False,1
0.6470588235294117,0.32243864861890614,1,3,0.21428571428571425,1,1,False,False,True,False,False,False,True,False,False,False,False,False,False,True,False,False,False,False,False,False,False,True,False,False,False,True,False,False,False,False,False,True,False,False,False,True,False,True,False,True,False,0
0.20588235294117646,0.10179377132166832,4,2,0.32142857142857145,1,1,False,True,False,False,True,False,False,False,False,False,True,False,False,False,False,False,False,False,False,False,False,True,False,False,False,True,False,True,False,False,False,False,True,False,True,False,False,True,False,False,False,1
0.08823529411764706,0.0536480686695279,2,2,0.32142857142857145,1,1,False,True,False,False,True,False,False,False,False,False,False,True,False,False,False,False,False,False,False,False,False,True,False,False,False,True,False,False,False,False,True,False,False,True,True,False,False,True,False,True,False,0
0.07352941176470588,0.011444921316165951,4,3,0.0892857142857143,1,1,True,False,False,False,True,False,False,False,False,False,True,False,False,False,False,False,False,False,False,False,False,True,False,False,False,True,False,False,False,False,False,False,False,True,True,False,False,True,False,False,False,0
0.38235294117647056,0.11461428414218112,4,2,0.19642857142857145,1,1,False,False,True,False,True,False,False,False,False,False,True,False,False,False,False,False,False,True,False,False,False,False,False,True,False,True,False,False,False,False,True,False,False,False,True,False,False,False,True,False,False,0
0.1176470588235294,0.04996148343787829,3,1,0.125,1,1,True,False,False,False,True,False,False,False,False,False,True,False,False,False,False,False,False,True,False,False,False,True,False,False,False,False,False,False,False,False,True,False,False,True,True,False,False,True,False,True,False,0
0.20588235294117646,0.32761087267525035,2,4,0.44642857142857145,1,2,True,False,False,False,False,True,False,False,False,False,False,False,True,False,False,False,False,False,False,False,False,True,False,False,False,True,False,False,False,False,False,False,False,True,True,False,True,False,False,True,False,0
0.38235294117647056,0.3266754704522945,1,4,0.0892857142857143,2,1,False,False,False,False,False,False,True,True,False,False,False,False,False,False,False,False,True,False,False,False,False,False,True,False,False,False,True,False,False,False,True,False,False,True,False,False,False,True,False,False,False,0
0.6470588235294117,0.324254429404644,4,4,0.6964285714285714,2,1,False,False,False,False,False,False,True,True,False,False,False,False,False,False,False,False,False,False,False,False,False,False,False,True,True,False,False,False,False,False,False,True,True,False,False,True,True,False,False,False,False,1
0.10294117647058824,0.06289204357873886,4,4,0.28571428571428575,2,1,False,False,True,False,False,False,True,False,False,False,False,False,False,False,False,False,False,False,False,False,True,False,False,False,True,False,False,False,False,False,True,False,False,True,True,False,False,False,True,False,False,0
0.47058823529411764,0.1127434796962694,4,4,0.35714285714285715,1,1,False,False,True,False,True,False,False,False,False,False,True,False,False,False,False,False,False,True,False,False,False,False,False,True,False,True,False,False,False,False,True,False,False,True,True,False,False,True,False,False,False,0
0.029411764705882346,0.06063607351160999,1,2,0.07142857142857145,1,1,False,False,False,False,True,False,False,True,False,False,False,False,False,False,False,False,False,True,False,False,False,False,False,False,True,False,False,False,False,True,False,False,False,True,False,False,False,False,False,True,False,0
0.10294117647058824,0.38395510069329813,1,4,0.35714285714285715,2,1,False,False,True,False,False,False,True,False,False,False,False,False,False,False,False,False,False,False,False,False,False,True,False,False,False,True,False,False,False,True,False,False,False,True,True,False,True,False,False,False,False,0
0.1176470588235294,0.10030813249697369,4,2,0.16071428571428575,1,1,False,False,True,False,True,False,False,False,False,False,True,False,False,False,False,False,True,False,False,False,False,True,False,False,True,False,False,True,False,False,False,False,False,True,True,False,False,True,False,False,False,0
0.2941176470588235,0.11461428414218112,4,2,0.17857142857142855,1,1,True,False,False,False,False,True,False,False,False,True,False,False,False,False,False,False,False,False,False,True,True,False,False,False,False,True,False,False,False,True,False,False,False,False,True,False,True,False,False,False,False,0
0.338235294117647,0.3144602178936943,1,2,0.19642857142857145,2,1,True,False,False,False,False,True,False,True,False,False,False,False,False,False,False,False,False,False,False,False,False,False,False,True,False,True,False,False,False,False,True,False,False,True,True,False,False,False,True,True,False,0
0.1176470588235294,0.055683944095961266,3,2,0.10714285714285715,1,1,False,False,True,False,True,False,False,False,False,False,True,False,False,False,False,False,False,False,False,False,False,True,False,False,False,True,False,False,False,False,True,False,False,True,True,False,False,True,False,False,False,0
0.20588235294117646,0.17211400902388027,2,1,0.21428571428571425,1,1,False,False,True,False,True,False,False,True,False,False,False,False,False,False,False,False,False,False,False,True,False,True,False,False,False,True,False,False,False,True,False,False,False,True,True,False,False,True,False,True,False,0
0.47058823529411764,0.10867172884340266,4,4,0.6785714285714286,2,1,True,False,False,False,False,True,False,False,False,False,False,False,False,False,False,False,False,False,False,False,False,False,False,True,False,True,False,False,False,False,False,True,False,False,False,True,False,True,False,True,False,1
0.029411764705882346,0.029327610872675252,1,2,0.125,1,2,False,False,True,True,False,False,False,False,False,False,False,False,False,False,False,False,False,False,False,True,False,True,False,False,False,True,False,False,True,False,False,False,True,False,True,False,True,False,False,False,False,0
0.1176470588235294,0.3421371189611533,2,1,0.5892857142857142,1,1,True,False,False,False,True,False,False,False,False,False,True,False,False,False,False,False,False,False,False,True,False,False,False,False,False,True,False,False,False,False,False,True,False,True,True,False,False,False,True,True,False,1
0.47058823529411764,0.5126004181798173,2,2,0.21428571428571425,2,1,False,False,True,False,False,False,True,False,False,False,True,False,False,False,False,False,False,False,False,False,False,True,False,False,True,False,False,False,False,False,True,False,True,False,True,False,False,True,False,False,False,0
0.20588235294117646,0.09414548255749973,3,2,0.07142857142857145,1,1,False,True,False,False,True,False,False,False,False,False,False,False,False,False,False,False,False,False,False,False,False,False,False,True,True,False,False,False,False,False,True,False,False,True,True,False,False,False,True,False,False,0
0.47058823529411764,0.32898646417959726,4,4,0.07142857142857145,2,1,False,False,False,False,False,False,True,False,False,True,False,False,False,False,False,False,False,False,False,False,True,False,False,False,True,False,False,True,False,False,False,True,False,True,False,False,True,False,False,True,False,1
0.07352941176470588,0.0627819962583911,2,1,0.14285714285714285,1,1,True,False,False,False,True,False,False,False,False,False,False,False,False,False,False,True,False,False,False,False,False,True,False,False,False,False,True,False,False,False,False,False,False,False,True,False,False,True,False,True,False,0
0.16176470588235292,0.07081545064377683,4,4,0.5535714285714286,2,1,True,False,False,False,False,False,True,False,False,False,True,False,False,False,False,False,False,False,False,True,False,False,False,True,False,True,False,False,True,False,False,False,False,True,True,False,False,True,False,True,False,0
0.47058823529411764,0.09370529327610873,4,4,0.75,1,1,True,False,False,False,False,False,False,False,False,False,False,False,False,False,False,True,False,False,False,False,False,False,False,True,False,True,False,False,False,False,False,True,False,True,False,True,False,False,True,True,False,1
0.6470588235294117,0.7797402883239792,2,2,0.10714285714285715,1,1,True,False,False,False,False,False,False,False,False,False,False,False,False,False,False,True,False,False,False,False,False,True,False,False,False,True,False,False,False,False,True,False,False,True,True,False,False,True,False,True,False,1
0.2941176470588235,0.16127434796962695,4,4,0.125,1,1,False,False,True,False,True,False,False,False,False,False,True,False,False,False,False,False,False,False,False,False,True,False,False,False,True,False,False,False,False,True,False,False,False,True,True,False,False,True,False,True,False,0
0.338235294117647,0.2718168812589414,4,4,0.5178571428571428,4,2,False,False,True,False,True,False,False,False,False,False,False,False,True,False,False,False,False,False,False,True,False,False,False,True,False,True,False,False,False,True,False,False,False,True,True,False,False,True,False,True,False,0
0.1176470588235294,0.10570045119401342,2,2,0.17857142857142855,1,1,False,False,True,False,True,False,False,False,False,False,True,False,False,False,False,False,False,False,False,False,True,False,False,False,True,False,False,False,False,False,True,False,False,False,True,False,False,True,False,False,False,0
0.1176470588235294,0.041652910751623196,4,1,0.0535714285714286,1,1,True,False,False,False,True,False,False,False,False,False,False,False,False,False,False,False,False,False,True,False,False,True,False,False,False,False,True,False,False,False,False,False,False,True,True,False,False,True,False,False,False,0
0.47058823529411764,0.08633212281280951,4,4,0.32142857142857145,1,1,False,False,True,False,True,False,False,False,False,False,False,False,False,True,False,False,False,False,False,False,False,True,False,False,False,True,False,False,False,False,False,True,True,False,False,True,False,True,False,True,False,1
0.47058823529411764,0.11797072741278751,4,4,0.10714285714285715,1,1,False,False,True,False,True,False,False,False,False,False,True,False,False,False,False,False,False,False,False,True,False,True,False,False,True,False,False,False,False,False,True,False,False,True,True,False,False,True,False,False,False,0
0.47058823529411764,0.4337515131506548,1,2,0.19642857142857145,1,1,False,False,True,False,True,False,False,True,False,False,False,False,False,False,False,False,False,False,False,False,False,True,False,False,True,False,False,False,False,True,False,False,False,False,True,False,False,True,False,False,False,0
0.044117647058823525,0.02641135688345989,4,2,0.48214285714285715,2,1,False,False,True,False,False,False,True,False,False,False,True,False,False,False,False,False,False,False,False,True,False,False,False,True,False,True,False,False,False,True,False,False,False,True,False,False,True,False,False,True,False,0
0.058823529411764705,0.05029162539892153,3,4,0.5714285714285714,2,2,False,False,False,False,False,False,True,False,True,False,False,False,False,False,False,False,False,False,False,False,False,False,False,True,False,True,False,False,False,False,False,True,False,False,False,True,False,False,True,True,False,0
0.5588235294117647,0.3138549576317817,2,1,0.39285714285714285,2,1,True,False,False,False,False,False,True,False,False,False,False,False,False,False,False,True,False,False,False,False,False,False,True,False,True,False,False,False,False,False,False,False,False,False,True,False,True,False,False,False,False,0
0.47058823529411764,0.09502586112028172,4,4,0.37499999999999994,1,1,False,False,False,False,True,False,False,False,False,False,False,False,False,True,False,False,False,False,False,True,False,False,False,True,False,True,False,False,False,False,False,True,False,True,True,False,False,False,True,True,False,1
0.1176470588235294,0.0702101903818642,4,4,0.8392857142857144,2,1,False,False,False,False,False,False,True,True,False,False,False,False,False,False,False,False,False,False,False,False,False,False,False,True,False,True,False,False,False,False,False,True,False,True,False,True,False,False,True,False,False,0
0.5588235294117647,0.20441289754594477,4,3,0.26785714285714285,1,1,False,False,False,False,True,False,False,False,False,False,True,False,False,False,False,False,False,False,False,False,True,False,False,False,False,True,False,False,False,False,True,False,False,True,True,False,False,True,False,False,False,1
0.10294117647058824,0.24876196764608782,2,4,0.5714285714285714,1,1,True,False,False,False,False,True,False,False,False,False,True,False,False,False,False,False,False,False,False,False,False,False,True,False,False,True,False,False,False,True,False,False,False,True,True,False,False,True,False,False,False,0
0.7352941176470588,0.5054473423572136,2,2,0.35714285714285715,1,2,False,False,True,False,False,False,False,True,False,False,False,False,False,False,False,False,False,False,False,True,False,True,False,False,False,True,False,False,False,True,False,False,False,True,True,False,True,False,False,False,False,0
0.38235294117647056,0.19709475074281943,2,1,0.0535714285714286,1,1,True,False,False,False,True,False,False,False,False,True,False,False,False,False,False,False,False,False,False,False,True,False,False,False,False,False,True,False,False,True,False,False,False,True,True,False,False,True,False,False,False,0
0.2941176470588235,0.3132496973698691,1,1,0.44642857142857145,2,1,False,False,True,False,True,False,False,False,False,False,True,False,False,False,False,False,False,False,False,True,True,False,False,False,True,False,False,False,False,False,True,False,False,True,True,False,False,True,False,True,False,1
0.16176470588235292,0.0529877847474414,4,3,0.49999999999999994,1,1,False,False,True,False,True,False,False,False,False,False,True,False,False,False,False,False,False,True,False,False,False,False,False,True,False,True,False,False,False,True,False,False,True,False,True,False,False,True,False,True,False,0
0.20588235294117646,0.07252118410916694,3,4,0.0892857142857143,1,1,False,False,True,False,True,False,False,False,False,False,False,False,False,False,False,True,True,False,False,False,False,True,False,False,True,False,False,False,False,True,False,False,False,True,False,False,True,False,False,False,False,0
0.2941176470588235,0.08281060856168151,4,4,0.6964285714285714,1,1,False,False,False,False,True,False,False,False,True,False,False,False,False,False,False,False,False,False,False,False,False,False,False,True,True,False,False,False,True,False,False,False,False,True,True,False,True,False,False,True,False,0
0.08823529411764706,0.1136238582590514,3,4,0.5892857142857142,1,1,False,False,False,False,True,False,False,False,False,False,True,False,False,False,False,False,False,False,False,False,False,False,False,True,False,True,False,False,False,False,False,False,False,True,True,False,True,False,False,False,False,0
0.1176470588235294,0.06393749312204247,4,2,0.17857142857142855,2,1,False,False,True,False,False,False,True,False,False,False,False,False,False,False,False,True,False,False,False,False,False,True,False,False,True,False,False,False,True,False,False,False,False,True,True,False,False,False,True,True,False,0
0.20588235294117646,0.05749972488169913,4,1,0.14285714285714285,2,1,True,False,False,False,False,False,True,False,False,True,False,False,False,False,False,False,False,False,False,False,True,False,False,False,True,False,False,False,False,True,False,False,False,True,True,False,False,True,False,False,False,0
0.47058823529411764,0.6802024870694399,1,4,0.49999999999999994,1,2,True,False,False,False,True,False,False,False,False,False,False,False,False,True,False,False,True,False,False,False,False,True,False,False,False,True,False,False,False,False,False,True,False,True,False,True,False,True,False,True,False,1
0.20588235294117646,0.10999229668757565,4,3,0.19642857142857145,1,2,False,False,False,False,True,False,False,False,False,False,False,False,False,False,False,False,True,False,False,False,False,False,True,False,False,True,False,False,False,False,True,False,False,True,True,False,False,False,True,True,False,0
0.1176470588235294,0.047210300429184546,4,3,0.16071428571428575,2,1,False,False,False,False,False,False,False,False,False,False,False,False,True,False,False,False,False,False,False,False,False,False,True,False,False,True,False,False,False,False,False,False,False,True,True,False,False,True,False,False,False,1
0.1176470588235294,0.020248706943985912,4,4,0.6607142857142858,1,1,False,False,True,False,False,False,True,False,False,False,True,False,False,False,False,False,False,False,False,False,False,False,False,True,False,True,False,False,False,False,False,False,False,True,True,False,False,True,False,False,False,0
0.1176470588235294,0.06377242214152085,4,3,0.625,1,1,False,False,False,False,False,False,True,True,False,False,False,False,False,False,False,False,False,False,False,False,False,False,False,True,False,True,False,False,False,False,False,False,False,True,True,False,False,True,False,False,False,0
0.1176470588235294,0.030097942115109497,4,3,0.25000000000000006,1,2,False,False,True,False,False,False,True,False,False,False,True,False,False,False,False,False,False,False,False,True,False,False,False,True,True,False,False,False,False,True,False,False,False,False,True,False,True,False,False,False,False,1
0.2941176470588235,0.18526466380543635,4,4,0.01785714285714285,2,1,False,True,False,False,False,False,True,False,False,True,False,False,False,False,False,False,False,False,False,True,False,False,False,True,False,True,False,True,False,False,False,True,False,True,False,False,False,True,False,False,False,0
0.1176470588235294,0.05876526906569825,4,4,0.625,1,1,True,False,False,False,True,False,False,False,False,False,False,False,False,False,False,False,False,False,True,False,False,False,False,True,False,True,False,False,False,False,False,False,False,True,True,False,False,True,False,True,False,0
0.7352941176470588,0.8635963464289644,3,4,0.6964285714285714,1,1,True,False,False,False,False,False,False,False,False,False,False,False,False,False,False,True,False,False,False,False,True,False,False,False,False,True,False,False,False,False,False,True,False,True,False,False,False,True,False,True,False,1
0.1176470588235294,0.09695168922636734,4,2,0.75,1,1,False,False,True,False,False,False,True,False,False,False,False,False,False,True,False,False,False,False,False,True,False,False,True,False,True,False,False,False,False,False,True,False,False,True,True,False,False,True,False,False,False,0
0.20588235294117646,0.13051612193243095,4,4,0.26785714285714285,1,1,True,False,False,False,True,False,False,False,False,False,False,False,False,False,False,True,True,False,False,False,False,True,False,False,False,True,False,False,False,False,True,False,False,True,True,False,False,True,False,False,False,0
0.47058823529411764,0.11483437878287663,4,4,0.30357142857142855,1,1,True,False,False,False,False,False,True,False,False,False,True,False,False,False,False,False,False,False,False,False,False,False,False,True,False,True,False,False,False,False,False,False,False,True,True,False,False,True,False,False,False,0
0.23529411764705882,0.37454605480356556,3,4,0.30357142857142855,2,2,True,False,False,False,False,True,False,True,False,False,False,False,False,False,False,False,False,False,False,True,False,False,True,False,False,True,False,False,False,True,False,False,False,False,False,False,False,False,True,True,False,0
0.2941176470588235,0.06707384175195334,4,4,0.39285714285714285,1,1,False,False,True,False,True,False,False,False,False,False,False,False,False,False,False,False,True,False,False,False,False,False,False,True,False,False,True,False,False,False,False,False,False,True,False,False,True,False,False,False,False,0
0.47058823529411764,0.1140640475404424,4,4,0.0892857142857143,1,1,True,False,False,False,True,False,False,False,False,False,True,False,False,False,False,False,False,False,False,False,False,False,True,False,False,True,False,False,False,False,True,False,False,True,False,False,False,True,False,False,False,0
0.029411764705882346,0.037526136238582586,3,2,0.0892857142857143,1,1,False,False,True,False,False,True,False,False,False,False,True,False,False,False,False,False,False,False,False,False,False,True,False,False,True,False,False,False,False,False,False,False,False,True,True,False,False,True,False,False,False,0
0.07352941176470588,0.09183448883019699,4,3,0.28571428571428575,1,1,True,False,False,False,False,False,True,False,False,True,False,False,False,False,False,False,False,False,False,False,False,False,True,False,False,True,False,False,False,False,True,False,False,True,False,False,False,True,False,True,False,0
0.1176470588235294,0.12077693408165512,2,4,0.125,1,1,False,False,True,False,True,False,False,True,False,False,False,False,False,False,False,False,False,False,False,True,True,False,False,False,False,False,True,False,False,False,True,False,False,True,False,False,False,True,False,True,False,0
0.2941176470588235,0.6431165401122483,2,3,0.35714285714285715,2,2,True,False,False,False,False,False,True,False,True,False,False,False,False,False,False,False,False,False,False,False,False,True,False,False,False,True,False,True,False,False,True,False,False,True,True,False,False,False,True,True,False,1
0.20588235294117646,0.34158688235941453,2,4,0.35714285714285715,2,2,False,False,True,True,False,False,False,False,False,False,False,False,False,False,False,False,False,False,False,False,False,False,False,True,False,True,False,False,False,False,False,True,False,False,True,False,False,False,True,True,False,1
0.1176470588235294,0.32067789149334214,2,2,0.23214285714285715,1,1,True,False,False,False,True,False,False,False,False,False,False,False,False,False,False,False,False,False,False,False,False,False,True,False,False,True,False,False,False,False,True,False,False,True,True,False,False,True,False,False,False,0
0.2941176470588235,0.4110817651590184,1,2,0.19642857142857145,1,1,False,False,False,False,True,False,False,False,False,True,False,False,False,False,False,False,False,False,False,True,True,False,False,False,True,False,False,False,False,True,False,False,False,True,True,False,False,True,False,True,True,0
0.14705882352941174,0.06382744580169472,1,2,0.28571428571428575,1,1,True,False,False,False,True,False,False,False,False,False,False,False,False,False,False,True,False,True,False,False,False,False,False,True,False,False,True,False,False,False,False,False,False,True,True,False,False,True,False,True,False,0
0.029411764705882346,0.06597336854847584,1,2,0.21428571428571425,2,2,True,False,False,False,False,True,False,False,False,False,False,False,False,False,False,True,True,False,False,False,False,False,False,True,False,False,False,False,False,False,True,False,False,False,True,False,False,True,False,False,False,0
0.16176470588235292,0.007813359744690218,4,4,0.07142857142857145,1,1,False,True,False,False,True,False,False,False,False,False,False,False,False,True,False,False,False,False,False,False,True,False,False,False,True,False,False,False,False,True,False,False,False,True,False,False,False,True,False,True,False,0
0.20588235294117646,0.33069219764498736,3,3,0.16071428571428575,1,1,True,False,False,False,True,False,False,False,False,False,False,False,False,False,False,False,False,False,False,False,False,False,True,False,False,True,False,False,False,False,False,False,False,True,False,False,True,False,False,False,False,0
0.47058823529411764,0.4184549356223176,4,2,0.10714285714285715,2,1,False,False,True,False,False,False,True,False,False,False,False,False,False,False,False,False,False,False,False,False,False,True,False,False,True,False,False,False,False,False,False,False,True,False,True,False,False,True,False,True,False,1
0.1176470588235294,0.07868383404864092,3,1,0.28571428571428575,1,1,False,False,False,False,True,False,False,False,False,False,True,False,False,False,False,False,False,True,False,False,False,False,False,True,False,False,True,False,False,False,False,False,False,True,True,False,False,True,False,False,False,0
0.6470588235294117,0.18311874105865522,4,1,0.49999999999999994,1,1,False,False,True,False,False,False,True,False,False,False,True,False,False,False,False,False,False,False,False,True,False,False,False,True,False,True,False,False,False,False,False,False,False,True,True,False,False,True,False,True,False,0
0.5588235294117647,0.3809838230439089,4,3,0.19642857142857145,1,1,False,False,False,False,True,False,False,False,False,False,True,False,False,False,False,False,False,False,False,True,False,False,True,False,True,False,False,False,False,False,True,False,False,True,True,False,False,False,True,True,False,1
0.08823529411764706,0.10355452844723231,2,3,0.14285714285714285,2,1,False,False,False,False,False,False,True,False,False,True,False,False,False,False,False,False,False,False,False,True,True,False,False,False,True,False,False,True,False,False,False,False,False,True,False,False,False,True,False,False,True,0
0.4264705882352941,0.22180037416088919,1,4,0.07142857142857145,2,1,False,False,False,False,False,False,True,False,False,True,False,False,False,False,False,False,False,True,False,False,False,True,False,False,True,False,False,False,False,False,True,False,False,True,True,False,False,True,False,False,False,1
0.1176470588235294,0.116430064927919,3,3,0.30357142857142855,1,1,True,False,False,False,False,False,True,False,False,False,False,False,False,False,False,False,False,True,False,False,False,False,True,False,False,False,False,False,False,False,True,False,False,True,True,False,False,False,True,True,False,0
0.25,0.0872125013755915,3,2,0.10714285714285715,2,1,False,False,False,False,True,False,False,False,False,False,True,False,False,False,False,False,False,False,False,False,False,True,False,False,True,False,False,False,False,False,False,False,False,True,True,False,False,True,False,True,False,1
0.2941176470588235,0.1990756025090789,4,2,0.39285714285714285,2,1,False,False,True,False,False,False,True,True,False,False,False,False,False,False,False,False,False,False,False,False,False,False,False,True,True,False,False,False,False,False,True,False,False,True,False,False,False,False,True,True,False,0
0.1176470588235294,0.08352591614394189,3,2,0.0892857142857143,1,1,False,False,True,False,True,False,False,False,False,True,False,False,False,False,False,False,False,False,False,False,False,True,False,False,False,True,False,False,False,False,False,False,False,True,False,False,True,False,False,False,False,0
0.08823529411764706,0.0292175635523275,4,4,0.7857142857142858,2,1,False,True,False,False,False,False,True,False,False,False,False,False,False,False,False,False,False,False,False,False,False,False,False,True,False,True,False,False,False,False,False,True,False,True,False,True,False,True,False,True,False,0
0.20588235294117646,0.09210960713106636,4,3,0.14285714285714285,1,1,True,False,False,False,True,False,False,False,False,True,False,False,False,False,False,False,False,False,False,True,True,False,False,False,True,False,False,False,False,False,False,False,False,True,False,False,False,True,False,False,False,1
0.1176470588235294,0.10294926818531969,4,2,0.19642857142857145,2,1,False,False,False,False,False,False,True,False,False,False,False,False,False,False,False,False,False,False,False,False,False,True,False,False,False,True,False,False,False,True,False,False,False,True,True,False,False,True,False,False,False,0
0.1176470588235294,0.024815670738417523,4,2,0.37499999999999994,1,1,False,False,False,False,True,False,False,False,False,False,True,False,False,False,False,False,False,False,False,False,False,True,False,False,False,False,True,False,False,False,False,False,False,True,True,False,True,False,False,False,False,0
0.1176470588235294,0.021404203807637284,4,2,0.19642857142857145,1,1,True,False,False,False,True,False,False,False,False,False,False,False,True,False,False,False,False,False,False,False,False,True,False,False,False,True,False,False,False,False,True,False,False,True,True,False,False,True,False,False,False,1
0.1176470588235294,0.08858809287993837,4,2,0.26785714285714285,2,1,True,False,False,False,False,False,True,True,False,False,False,False,False,False,False,False,False,False,False,False,False,False,False,False,False,True,False,False,False,False,True,False,False,True,True,False,False,False,True,True,False,0
0.1176470588235294,0.17877187190491914,3,2,0.17857142857142855,2,1,False,False,False,False,False,False,True,False,False,False,False,False,False,False,False,False,False,False,False,False,False,True,False,False,True,False,False,True,False,False,False,False,False,True,True,False,False,True,False,False,False,1
0.6470588235294117,0.45322988885220644,1,2,0.0892857142857143,1,1,True,False,False,False,True,False,False,False,False,False,False,False,False,False,False,False,False,False,False,True,False,False,True,False,True,False,False,False,False,False,True,False,False,True,True,False,False,True,False,False,False,0
0.47058823529411764,0.36519203257400684,4,3,0.17857142857142855,1,1,False,False,False,False,False,True,False,False,False,False,False,False,False,True,False,False,False,False,False,False,False,True,False,False,False,True,False,False,False,True,False,False,True,False,True,False,False,True,False,True,False,1
0.16176470588235292,0.1352481567073842,2,3,0.14285714285714285,2,1,False,False,True,False,True,False,False,False,False,True,False,False,False,False,False,False,False,False,False,False,True,False,False,False,False,True,False,False,False,True,False,False,False,False,True,False,True,False,False,False,False,0
0.20588235294117646,0.09541102674149884,4,4,0.49999999999999994,2,1,False,False,True,False,True,False,False,False,False,True,False,False,False,False,False,False,False,False,False,False,False,True,False,False,False,True,False,False,False,False,False,True,False,False,False,True,False,True,False,False,False,0
0.8235294117647058,0.5444040937603168,2,4,0.035714285714285754,1,1,False,False,True,False,True,False,False,False,False,False,True,False,False,False,False,False,True,False,False,False,False,False,True,False,True,False,False,False,False,False,False,False,False,True,True,False,False,True,False,True,False,0
0.1176470588235294,0.05447342357213601,4,2,0.33928571428571425,2,1,False,False,True,False,False,False,True,False,False,False,True,False,False,False,False,False,False,False,False,True,False,False,False,True,True,False,False,False,False,False,False,False,False,True,True,False,False,True,False,True,False,0
0.338235294117647,0.46016287003411466,2,2,0.14285714285714285,2,1,False,False,True,False,False,True,False,True,False,False,False,False,False,False,False,False,False,False,True,False,False,True,False,False,False,True,False,False,False,False,True,False,False,True,True,False,False,True,False,False,False,0
0.1176470588235294,0.02839220864971938,4,3,0.8392857142857144,1,1,True,False,False,False,True,False,False,False,False,False,True,False,False,False,False,False,False,True,False,False,False,True,False,False,False,True,False,False,False,False,False,False,False,True,True,False,True,False,False,False,False,1
0.16176470588235292,0.1363486299108617,4,2,0.28571428571428575,3,1,True,False,False,False,False,False,True,False,False,False,True,False,False,False,False,False,False,False,False,True,False,False,True,False,False,True,False,False,True,False,False,False,False,False,True,False,False,True,False,True,False,0
0.1176470588235294,0.08974358974358974,2,2,0.44642857142857145,1,1,False,True,False,False,True,False,False,False,False,False,True,False,False,False,False,False,False,False,False,False,False,True,False,False,True,False,False,False,False,False,True,False,False,True,False,False,True,False,False,True,False,0
0.029411764705882346,0.025255860019808517,2,2,0.14285714285714285,1,1,False,True,False,False,True,False,False,False,False,False,False,False,False,False,False,False,False,False,True,False,True,False,False,False,False,False,True,False,False,False,False,False,False,True,True,False,False,False,False,False,True,0
0.47058823529411764,0.2500825354902608,4,1,0.19642857142857145,1,1,True,False,False,False,True,False,False,False,False,False,True,False,False,False,False,False,False,False,False,False,True,False,False,False,True,False,False,False,False,False,False,True,False,True,True,False,False,False,True,True,False,0
0.338235294117647,0.17420490811048753,3,2,0.14285714285714285,1,1,False,False,False,False,True,False,False,False,False,False,True,False,False,False,False,False,False,False,False,False,False,True,False,False,False,True,False,False,False,False,True,False,False,True,True,False,False,False,True,False,False,0
0.20588235294117646,0.121712336304611,2,2,0.0535714285714286,1,1,False,False,False,False,True,False,False,False,False,True,False,False,False,False,False,False,False,False,False,False,False,True,False,False,False,True,False,False,False,False,True,False,False,True,True,False,False,True,False,False,False,1
0.25,0.11213821943435677,4,4,0.07142857142857145,1,1,False,False,True,False,False,False,True,False,False,True,False,False,False,False,False,False,False,False,False,False,True,False,False,False,True,False,False,False,False,True,False,False,False,True,True,False,False,True,False,True,False,0
0.6470588235294117,0.18245845713656875,4,2,0.19642857142857145,1,1,True,False,False,True,False,False,False,False,False,False,False,False,False,False,False,True,True,False,False,False,False,False,True,False,False,True,False,False,False,False,True,False,False,True,True,False,False,True,False,False,False,0
0.029411764705882346,0.0335644327060636,1,4,0.35714285714285715,2,1,False,False,False,False,False,False,True,False,False,False,False,False,False,False,False,False,False,False,False,False,False,False,False,True,True,False,False,False,False,False,False,True,False,True,True,False,False,True,False,True,False,0
0.1176470588235294,0.023770221195113902,4,3,0.5714285714285714,2,1,False,False,True,False,False,False,True,False,False,False,False,False,False,False,False,False,True,False,False,False,False,False,True,False,True,False,False,False,False,False,True,False,False,True,True,False,False,True,False,True,False,0
0.47058823529411764,0.2817761637504127,3,2,0.16071428571428575,2,1,False,False,False,False,False,False,True,False,False,True,False,False,False,False,False,False,False,False,False,False,False,True,False,False,False,True,False,False,True,True,False,False,False,True,True,False,False,True,False,False,False,0
0.20588235294117646,0.07329151535160118,4,4,0.48214285714285715,2,1,False,False,True,False,False,False,True,False,False,False,True,False,False,False,False,False,False,False,True,False,False,False,False,True,False,True,False,False,False,False,True,False,False,True,True,False,False,True,False,False,False,0
0.029411764705882346,0.06030593155056674,2,4,0.41071428571428575,1,2,False,False,True,False,True,False,False,False,False,False,True,False,False,False,False,False,True,False,False,False,False,False,False,True,False,True,False,False,False,False,False,True,False,False,False,True,False,True,False,True,False,0
0.08823529411764706,0.09210960713106636,1,4,0.33928571428571425,1,1,False,False,True,False,True,False,False,False,False,False,True,False,False,False,False,False,False,False,False,False,False,True,False,False,False,True,False,False,False,True,False,False,False,True,True,False,False,True,False,True,True,0
0.47058823529411764,0.30802244965335096,4,1,0.0892857142857143,1,1,False,True,False,False,True,False,False,False,False,False,True,False,False,False,False,False,False,False,False,False,False,True,False,False,False,True,False,False,False,False,True,False,False,True,True,False,False,True,False,False,False,0
0.2941176470588235,0.41311764058545175,2,4,0.17857142857142855,1,1,True,False,False,False,False,False,True,True,False,False,False,False,False,False,False,False,False,False,True,False,False,False,False,True,True,False,False,False,False,False,False,True,False,True,False,False,False,True,False,False,False,0
0.2941176470588235,0.3695939253879168,4,4,0.30357142857142855,1,1,True,False,False,False,False,True,False,False,False,False,False,False,False,False,False,True,True,False,False,False,False,False,True,False,False,True,False,False,False,False,True,False,False,True,False,False,False,False,True,True,False,0
0.1176470588235294,0.056784417299438755,2,4,0.01785714285714285,1,1,False,False,False,False,True,False,False,False,False,True,False,False,False,False,False,False,False,False,False,False,False,True,False,False,True,False,False,False,False,False,True,False,False,True,False,False,False,True,False,False,False,1
0.07352941176470588,0.057114559260482006,3,4,0.5178571428571428,2,2,False,False,False,False,False,False,True,False,False,False,False,False,True,False,False,False,True,False,False,False,False,False,False,True,False,True,False,False,True,False,False,False,False,True,True,False,False,True,False,False,True,0
0.1176470588235294,0.004897105755474855,4,1,0.46428571428571425,1,1,False,False,False,True,False,False,False,False,False,False,False,False,False,False,True,False,False,False,False,False,False,False,False,True,False,False,True,False,False,False,True,False,False,False,True,False,True,False,False,False,False,0
0.2941176470588235,0.1794871794871795,2,3,0.33928571428571425,2,1,True,False,False,False,True,False,False,False,False,False,False,False,False,False,False,False,True,False,False,False,False,False,True,False,False,True,False,False,False,False,True,False,False,False,True,False,False,True,False,True,False,0
0.029411764705882346,0.09067899196654561,1,2,0.26785714285714285,2,2,False,False,True,False,False,False,True,False,False,False,True,False,False,False,False,False,False,False,False,True,False,True,False,False,False,True,False,False,False,False,False,False,False,True,True,False,True,False,False,False,False,0
0.2941176470588235,0.14427203697589966,3,4,0.30357142857142855,1,2,False,False,True,False,False,False,True,False,False,False,True,False,False,False,False,False,True,False,False,False,False,False,False,True,False,True,False,False,False,False,False,False,False,True,True,False,False,True,False,True,False,0
0.20588235294117646,0.04429404643996919,4,1,0.19642857142857145,2,1,False,False,True,False,False,False,True,False,False,False,False,False,False,False,False,False,False,False,False,False,True,False,False,False,True,False,False,False,False,True,False,False,False,True,True,False,False,True,False,False,False,0
0.16176470588235292,0.055683944095961266,4,3,0.30357142857142855,2,1,False,False,True,False,True,False,False,False,False,False,False,True,False,False,False,False,False,True,False,False,False,False,True,False,False,True,False,False,False,True,False,False,False,True,True,False,False,True,False,True,False,0
0.08823529411764706,0.3883569935072081,2,4,0.9107142857142858,1,1,True,False,False,False,True,False,False,False,False,False,False,False,False,False,False,False,False,False,False,False,False,False,False,False,False,True,False,False,False,False,False,True,False,False,False,True,False,False,True,True,False,0
0.47058823529411764,0.03626059205458347,4,4,0.30357142857142855,1,1,False,False,True,False,True,False,False,False,False,False,False,False,False,False,False,False,False,True,False,False,False,False,False,True,False,True,False,False,False,True,False,False,False,True,True,False,False,True,False,False,False,0
0.029411764705882346,0.15010454495433037,1,2,0.23214285714285715,1,1,False,False,True,False,True,False,False,False,False,True,False,False,False,False,False,False,False,True,False,False,False,True,False,False,False,True,False,False,False,False,True,False,False,True,True,False,False,True,False,True,False,0
0.20588235294117646,0.048475844613183675,4,2,0.25000000000000006,1,1,False,False,False,False,True,False,False,False,False,True,False,False,False,False,False,False,False,False,False,False,False,False,False,False,True,False,False,False,False,False,True,False,False,True,True,False,False,True,False,False,False,1
0.10294117647058824,0.07301639705073182,4,1,0.01785714285714285,1,1,True,False,False,False,True,False,False,False,False,True,False,False,False,False,False,False,False,False,True,False,True,False,False,False,True,False,False,False,False,False,False,False,False,True,True,False,False,True,False,False,False,0
0.2941176470588235,0.2047980631671619,2,4,0.10714285714285715,1,1,False,False,True,False,True,False,False,False,False,True,False,False,False,False,False,False,False,False,False,False,False,False,True,False,True,False,False,False,False,True,False,False,False,True,False,False,False,True,False,True,False,0
0.2941176470588235,0.09271486739297898,4,4,0.21428571428571425,2,1,True,False,False,False,False,False,True,False,False,False,False,False,False,False,False,True,False,False,False,False,False,False,False,True,False,False,False,False,False,False,False,False,False,True,True,False,False,True,False,True,False,1
0.16176470588235292,0.03851656212171234,4,3,0.25000000000000006,2,2,False,False,False,False,False,False,False,False,False,False,False,False,False,False,False,False,False,False,False,False,False,False,False,True,False,True,False,False,False,False,True,False,False,True,False,False,False,True,False,False,False,1
0.1176470588235294,0.028227137669197756,4,1,0.125,1,1,False,False,True,False,True,False,False,False,False,True,False,False,False,False,False,False,False,False,False,False,False,True,False,False,True,False,False,False,False,False,False,False,False,True,True,False,False,True,False,True,False,0
0.2941176470588235,0.09981291955540883,3,2,0.26785714285714285,1,1,True,False,False,False,False,True,False,False,False,True,False,False,False,False,False,False,False,False,False,False,False,False,False,False,True,False,False,False,False,True,False,False,False,True,True,False,False,False,True,True,False,1
0.058823529411764705,0.06404754044239022,4,2,0.25000000000000006,1,1,True,False,False,False,True,False,False,False,False,False,True,False,False,False,False,False,False,False,False,False,False,True,False,False,False,True,False,False,True,False,False,False,False,True,True,False,False,True,False,False,True,0
0.25,0.17409486079013978,2,1,0.125,2,1,False,False,False,False,False,True,False,False,False,False,False,False,False,True,False,False,False,False,False,False,True,False,False,False,False,True,False,False,False,True,False,False,False,True,True,False,False,True,False,False,False,1
0.38235294117647056,0.39809618135798397,4,1,0.6071428571428572,1,1,False,False,True,True,False,False,False,True,False,False,False,False,False,False,False,False,False,False,False,True,False,False,False,False,True,False,False,False,False,False,False,False,False,False,True,False,False,False,True,True,False,1
0.1176470588235294,0.1280400572246066,2,1,0.41071428571428575,1,1,False,False,False,False,True,False,False,False,False,True,False,False,False,False,False,False,False,False,False,False,False,True,False,False,False,False,False,False,False,False,True,False,False,True,True,False,False,True,False,False,False,0
0.029411764705882346,0.00484208209530098,4,4,0.5892857142857142,2,1,False,False,False,False,False,False,True,False,False,False,True,False,False,False,False,False,False,True,False,False,False,False,False,True,False,True,False,False,False,False,True,False,False,True,True,False,False,True,False,False,False,0
0.1176470588235294,0.09425552987784747,4,2,0.21428571428571425,2,2,False,False,True,False,True,False,False,False,False,False,True,False,False,False,False,False,False,False,False,False,False,False,True,False,False,True,False,False,False,False,True,False,False,True,False,False,False,False,True,True,False,0
0.25,0.0176625949158138,4,4,0.8214285714285714,2,1,False,False,False,False,False,False,True,False,False,False,False,False,False,False,False,False,False,False,False,False,False,False,False,True,False,True,False,False,False,False,False,False,False,True,True,False,False,True,False,False,False,0
0.47058823529411764,0.5129305601408606,1,1,0.16071428571428575,2,1,False,False,True,False,False,True,False,False,False,False,False,False,False,False,False,True,False,False,False,False,True,False,False,False,False,False,False,False,False,False,True,False,False,True,True,False,False,True,False,False,False,1
0.47058823529411764,0.2313744910311434,2,2,0.19642857142857145,2,1,True,False,False,False,False,True,False,False,False,False,False,False,False,False,False,True,False,False,False,False,False,True,False,False,False,False,False,False,False,False,False,False,True,False,True,False,False,False,True,True,False,1
0.25,0.07686805326290305,4,2,0.37499999999999994,2,2,False,False,False,True,False,False,False,False,False,False,False,False,False,False,False,False,False,False,False,True,False,True,False,False,False,True,False,False,False,True,False,False,False,True,True,False,True,False,False,False,False,1
0.2941176470588235,0.19406844943325632,4,4,0.5535714285714286,1,1,False,False,True,False,False,False,True,False,False,True,False,False,False,False,False,False,False,False,True,False,False,True,False,False,False,True,False,False,False,False,False,False,False,True,True,False,False,True,False,True,False,0
0.20588235294117646,0.034885000550236606,4,4,0.30357142857142855,1,2,True,False,False,False,False,False,True,False,False,False,False,False,False,False,False,False,False,False,False,False,False,False,False,True,False,True,False,False,False,False,True,False,False,False,True,False,False,True,False,True,False,1
0.16176470588235292,0.06107626279300099,4,2,0.21428571428571425,2,1,False,False,True,False,False,False,True,False,False,False,True,False,False,False,False,False,False,False,False,False,False,True,False,False,False,True,False,False,False,True,False,False,False,True,True,False,False,True,False,False,False,0
0.07352941176470588,0.268460437988335,2,4,0.9821428571428572,1,2,True,False,False,True,False,False,False,True,False,False,False,False,False,False,False,False,False,False,False,False,False,False,False,True,True,False,False,False,False,False,False,True,False,False,False,True,False,False,True,True,False,1
0.1764705882352941,0.050896885660834154,2,3,0.875,3,1,True,False,False,False,False,False,True,False,False,False,False,False,False,False,False,False,False,False,False,False,False,False,False,False,False,True,False,False,False,False,True,False,False,True,False,True,False,False,False,True,False,0
0.1176470588235294,0.0233300319137229,4,1,0.01785714285714285,1,1,False,False,False,False,True,False,False,False,False,False,True,False,False,False,False,False,True,False,False,False,False,False,True,False,False,False,True,False,False,True,False,False,False,True,True,False,False,True,False,False,False,1
0.20588235294117646,0.16474083856058105,1,4,0.25000000000000006,2,1,True,False,False,False,False,False,False,False,False,True,False,False,False,False,False,False,False,False,False,False,False,True,False,False,True,False,False,False,False,False,True,False,False,False,True,False,False,True,False,True,False,0
0.2941176470588235,0.23885770881479035,2,3,0.625,3,1,False,False,True,False,True,False,False,False,False,False,False,False,False,False,False,True,False,False,True,False,False,True,False,False,False,True,False,False,False,True,False,False,False,True,True,False,False,False,True,True,False,1
0.6470588235294117,0.19775503466490593,4,4,0.26785714285714285,1,2,True,False,False,False,False,False,False,False,False,False,False,False,False,False,False,True,True,False,False,False,False,False,True,False,False,True,False,False,False,False,False,True,False,True,False,True,True,False,False,False,False,1
0.338235294117647,0.20166171453725104,4,2,0.30357142857142855,1,2,True,False,False,False,True,False,False,False,False,False,False,False,False,False,False,True,False,False,False,False,False,True,False,False,False,True,False,False,False,False,True,False,False,True,True,False,False,True,False,True,False,1
0.029411764705882346,0.10223396060305931,2,2,0.17857142857142855,1,1,False,False,True,False,True,False,False,False,False,False,True,False,False,False,False,False,False,False,False,False,False,False,True,False,False,False,True,False,False,False,False,False,False,True,False,False,False,True,False,False,False,0
0.6029411764705882,0.15302079894354573,4,4,0.035714285714285754,1,1,True,False,False,False,True,False,False,False,False,False,True,False,False,False,False,False,True,False,False,False,False,True,False,False,False,True,False,False,True,True,False,False,False,True,False,False,False,True,False,False,False,1
0.07352941176470588,0.06883459887751733,2,3,0.26785714285714285,2,1,True,False,False,False,False,False,True,False,False,False,False,False,False,True,False,False,False,False,False,False,False,False,False,True,True,False,False,False,False,False,True,False,False,True,True,False,False,False,True,True,False,1
0.029411764705882346,0.06228678331682623,1,1,0.16071428571428575,2,1,False,False,True,False,False,False,True,False,False,False,True,False,False,False,False,False,False,False,False,False,False,True,False,False,True,False,False,False,False,False,True,False,False,True,True,False,False,True,False,True,False,0
0.1176470588235294,0.038571585781886214,4,4,0.14285714285714285,4,1,True,False,False,False,True,False,False,False,False,True,False,False,False,False,False,False,True,False,False,False,True,False,False,False,True,False,False,False,False,False,True,False,False,False,False,False,False,True,False,False,False,1
0.2941176470588235,0.13810938703642567,4,4,0.30357142857142855,1,1,True,False,False,False,True,False,False,True,False,False,False,False,False,False,False,False,False,False,False,True,False,False,False,True,False,True,False,False,False,False,False,True,False,False,False,True,False,True,False,True,False,0
0.20588235294117646,0.2226807527236712,4,3,0.37499999999999994,1,1,True,False,False,False,False,True,False,False,False,True,False,False,False,False,False,False,False,False,False,False,False,False,False,True,False,False,False,False,False,False,False,True,False,True,True,False,False,False,True,True,False,1
0.07352941176470588,0.037746230879278087,4,2,0.5892857142857142,2,1,False,False,True,False,False,False,True,False,False,False,False,False,False,True,False,False,False,True,False,False,False,False,False,True,False,True,False,False,False,False,True,False,False,True,True,False,False,True,False,True,False,0
0.1176470588235294,0.05051172003961703,4,3,0.14285714285714285,1,1,False,False,False,False,True,False,False,False,False,False,False,False,False,False,False,False,False,False,False,False,False,True,False,False,False,False,True,False,False,False,False,False,False,True,True,False,True,False,False,False,False,0
0.338235294117647,0.2678001540662485,3,4,0.125,2,1,False,False,True,False,False,True,False,False,False,False,False,False,False,False,False,True,False,False,False,False,False,False,True,False,False,True,False,False,False,False,True,False,False,True,True,False,False,True,False,False,False,0
0.1176470588235294,0.035875426433366345,4,4,0.035714285714285754,1,1,False,False,False,False,True,False,False,False,False,False,False,False,False,False,True,False,False,False,False,False,False,False,True,False,False,False,True,False,False,True,False,False,False,True,False,False,False,True,False,False,False,1
0.1176470588235294,0.06850445691647408,4,1,0.33928571428571425,2,2,False,False,True,False,False,False,True,False,False,False,False,False,False,False,False,False,False,False,False,False,False,False,False,True,False,True,False,False,False,False,False,False,False,True,True,False,True,False,False,False,False,0
0.38235294117647056,0.5707604269836029,3,4,0.33928571428571425,3,2,False,False,False,False,False,False,True,True,False,False,False,False,False,False,False,False,False,False,False,False,False,False,False,True,False,True,False,False,False,False,False,True,False,True,False,True,False,False,True,True,False,0
0.1176470588235294,0.09271486739297898,4,4,0.42857142857142855,3,1,False,False,True,False,False,False,True,False,False,True,False,False,False,False,False,False,False,False,False,False,False,False,False,True,False,True,False,False,False,False,False,False,False,True,True,False,False,True,False,True,False,0
0.1176470588235294,0.06459777704412897,4,3,0.125,1,1,True,False,False,False,False,False,True,False,False,False,False,True,False,False,False,False,False,False,False,False,False,False,True,False,False,True,False,False,False,True,False,False,False,True,True,False,False,True,False,False,False,0
0.2941176470588235,0.3476394849785408,2,2,0.035714285714285754,1,1,False,False,False,False,True,False,False,False,False,False,False,False,False,False,False,True,False,False,False,False,False,True,False,False,False,False,True,False,False,False,True,False,True,False,True,False,True,False,False,False,False,0
0.1176470588235294,0.06399251678221635,3,2,0.6428571428571428,1,1,False,False,True,False,True,False,False,True,False,False,False,False,False,False,False,False,False,False,True,False,False,False,True,False,False,True,False,False,False,True,False,False,False,True,True,False,False,True,False,False,True,0
0.07352941176470588,0.15538681633102236,1,2,0.25000000000000006,2,2,False,False,True,False,False,False,True,False,False,False,True,False,False,False,False,False,False,False,False,True,False,True,False,False,False,True,False,False,False,False,False,False,False,True,True,False,False,True,False,False,False,0
0.47058823529411764,0.19725982172334106,2,4,0.46428571428571425,1,1,False,False,True,False,True,False,False,False,False,False,True,False,False,False,False,False,False,False,False,True,False,False,False,True,True,False,False,False,False,False,False,False,False,True,True,False,True,False,False,True,False,0
0.338235294117647,0.27748431825685044,2,4,0.5535714285714286,2,1,False,False,False,False,False,False,False,False,False,False,False,False,False,False,False,True,False,False,False,False,False,False,False,False,False,True,False,False,False,True,False,False,True,False,True,False,False,True,False,True,False,1
0.38235294117647056,0.09122922856828436,4,4,0.8392857142857144,1,1,False,True,False,False,False,True,False,False,False,False,False,False,False,False,False,True,False,False,False,False,False,False,False,True,False,True,False,False,False,False,False,False,False,True,True,False,False,False,True,True,False,1
0.47058823529411764,0.1701331572576208,4,2,0.5714285714285714,1,1,False,False,True,False,False,False,True,False,False,False,True,False,False,False,False,False,False,False,False,True,False,False,False,True,False,True,False,False,False,False,True,False,False,True,True,False,False,True,False,True,False,0
0.029411764705882346,0.037526136238582586,1,3,0.35714285714285715,2,1,True,False,False,False,False,False,True,False,False,False,False,False,False,False,True,False,False,False,False,True,False,False,True,False,True,False,False,False,False,True,False,False,False,True,True,False,True,False,False,False,False,0
0.20588235294117646,0.1570375261362386,3,1,0.21428571428571425,1,1,False,False,False,False,False,False,False,False,False,False,False,False,False,False,False,True,False,False,False,False,False,False,True,False,False,True,False,False,False,True,False,False,False,False,True,False,False,True,False,True,False,0
0.47058823529411764,0.2015516672169033,2,2,0.07142857142857145,1,1,False,True,False,False,True,False,False,False,False,False,True,False,False,False,False,False,False,False,False,False,False,True,False,False,False,True,False,False,False,False,False,False,False,True,True,False,False,True,False,True,False,0
0.2941176470588235,0.15247056234180698,2,2,0.0892857142857143,1,1,False,False,False,False,True,False,False,False,False,True,False,False,False,False,False,False,False,False,False,False,False,True,False,False,False,False,False,False,False,False,False,False,False,True,False,False,True,False,False,False,False,0
0.08823529411764706,0.06129635743369649,2,4,0.8035714285714286,1,1,False,False,True,False,True,False,False,False,False,False,False,False,False,False,False,False,False,False,False,False,False,True,False,False,True,False,False,False,False,False,True,False,False,True,True,False,False,True,False,True,False,0
0.1176470588235294,0.020633872565203038,4,1,0.125,1,1,True,False,False,False,True,False,False,False,False,False,True,False,False,False,False,False,False,False,False,False,True,False,False,False,False,False,True,False,True,False,False,False,False,False,True,False,True,False,False,False,False,0
0.1176470588235294,0.05227247716518102,4,4,0.07142857142857145,1,1,False,False,False,False,True,False,False,False,False,False,False,False,False,True,False,False,False,False,False,True,False,True,False,False,True,False,False,False,False,True,False,False,False,False,False,False,False,True,False,True,False,0
0.1176470588235294,0.025145812699460767,4,2,0.19642857142857145,2,1,False,False,True,False,True,False,False,False,False,False,True,False,False,False,False,False,False,False,False,False,False,True,False,False,False,True,False,False,False,False,False,False,False,False,True,False,False,True,False,False,False,0
0.2941176470588235,0.15010454495433037,4,4,0.23214285714285715,2,2,False,False,True,False,False,True,False,False,False,False,False,False,False,False,False,True,False,False,False,True,False,True,False,False,False,True,False,False,False,False,False,False,False,True,True,False,False,True,False,True,False,0
0.16176470588235292,0.2424892703862661,3,2,0.19642857142857145,1,1,False,False,True,False,True,False,False,True,False,False,False,False,False,False,False,False,False,False,False,False,False,True,False,False,False,True,False,False,False,False,True,False,False,True,True,False,False,True,False,True,False,0
0.47058823529411764,0.13002090899086607,4,2,0.14285714285714285,2,1,False,False,True,False,False,False,False,False,False,False,False,False,True,False,False,False,False,False,False,False,False,True,False,False,False,True,False,False,False,False,True,False,False,True,True,False,False,True,False,False,False,0
0.6470588235294117,0.5893584241223726,1,2,0.14285714285714285,2,1,True,False,False,False,True,False,False,False,False,False,True,False,False,False,False,False,False,False,True,False,False,False,True,False,False,True,False,True,False,False,False,True,False,False,True,False,False,True,False,True,False,1
0.1176470588235294,0.41900517222405637,4,4,0.6071428571428572,1,1,False,False,False,False,True,False,False,False,False,True,False,False,False,False,False,False,False,False,False,False,False,False,False,True,False,True,False,False,False,False,False,True,False,True,False,True,False,False,True,True,False,1
0.07352941176470588,0.0675690546935182,4,2,0.0535714285714286,1,1,False,False,True,False,True,False,False,False,False,False,True,False,False,False,False,False,False,False,False,False,False,False,True,False,False,True,False,False,False,False,True,False,False,True,True,False,False,True,False,False,False,1
0.2941176470588235,0.15951359084406297,4,1,0.0535714285714286,1,1,False,False,False,False,True,False,False,False,False,True,False,False,False,False,False,False,False,False,False,False,True,False,False,False,False,True,False,False,False,False,False,True,False,False,False,True,False,True,False,False,False,0
0.47058823529411764,0.21789369428854408,4,2,0.125,1,1,False,True,False,False,True,False,False,False,False,False,True,False,False,False,False,False,False,False,False,False,False,True,False,False,False,True,False,False,False,False,True,False,False,True,True,False,False,True,False,False,False,1
0.07352941176470588,0.12418840101243535,2,4,0.5714285714285714,1,1,False,False,True,False,True,False,False,False,False,False,False,False,False,False,False,False,False,True,False,False,False,False,False,True,False,True,False,False,False,False,False,True,False,True,False,True,True,False,False,False,False,0
0.1176470588235294,0.10404974138879718,3,1,0.28571428571428575,1,1,False,False,True,False,True,False,False,False,False,False,True,False,False,False,False,False,True,False,False,False,False,False,True,False,False,True,False,False,False,False,False,True,False,True,True,False,False,True,False,False,False,0
0.20588235294117646,0.03389457466710685,4,2,0.10714285714285715,1,1,True,False,False,False,True,False,False,False,False,False,True,False,False,False,False,False,False,False,False,False,False,True,False,False,False,False,True,False,True,False,False,False,False,True,True,False,True,False,False,False,False,0
0.0,0.07120061626499395,2,1,0.41071428571428575,3,2,False,False,True,False,False,False,True,False,False,False,True,False,False,False,False,False,False,False,False,False,False,False,True,False,False,True,False,False,False,False,False,False,False,True,True,False,True,False,False,False,False,0
0.2941176470588235,0.086552217453505,4,2,0.19642857142857145,1,2,False,False,False,False,True,False,False,False,False,False,True,False,False,False,False,False,False,False,False,False,False,False,False,False,False,True,False,False,False,False,True,False,True,False,True,False,False,False,True,False,False,1
0.029411764705882346,0.7871134587872785,1,2,0.07142857142857145,1,1,True,False,False,False,True,False,False,False,False,False,False,False,False,False,False,False,False,False,False,True,False,False,False,False,False,True,False,False,False,True,False,False,False,True,True,False,False,False,False,True,False,1
0.25,0.1384945526576428,4,2,0.75,2,1,True,False,False,False,True,False,False,False,False,False,False,False,False,False,False,True,True,False,False,False,False,False,False,True,False,False,False,False,False,False,True,False,False,False,False,False,True,False,False,False,False,1
0.1176470588235294,0.05727963024100363,4,2,0.28571428571428575,2,1,False,False,True,False,False,False,True,False,False,False,True,False,False,False,False,False,False,False,False,False,False,True,False,False,True,False,False,False,False,True,False,False,False,True,True,False,False,True,False,False,False,0
0.38235294117647056,0.1250137559150435,1,3,0.35714285714285715,1,2,False,False,False,False,True,False,False,False,False,False,True,False,False,False,False,False,False,False,False,False,False,False,False,True,False,True,False,False,True,True,False,False,False,True,True,False,False,True,False,False,False,0
0.2941176470588235,0.03659073401562672,4,2,0.17857142857142855,1,1,False,False,False,False,True,False,False,False,False,False,False,False,False,False,False,False,False,False,False,True,False,False,False,True,True,False,False,False,False,False,True,False,False,False,True,False,False,True,False,False,False,1
0.029411764705882346,0.07400682293386156,3,2,0.5714285714285714,1,2,False,False,True,False,True,False,False,False,False,False,True,False,False,False,False,False,False,False,False,False,False,False,True,False,False,True,False,False,False,True,False,False,False,True,True,False,False,True,False,False,False,0
0.6470588235294117,0.2396280400572246,3,4,0.0892857142857143,2,2,False,False,False,False,False,False,False,True,False,False,False,False,False,False,False,False,False,False,False,False,False,False,False,True,False,True,False,False,False,False,False,True,False,True,False,True,False,True,False,False,False,1
0.1176470588235294,0.051447122262572906,3,2,0.14285714285714285,2,1,False,False,True,False,False,False,True,False,False,False,False,False,False,False,False,True,False,False,False,False,False,True,False,False,True,False,False,False,False,False,False,False,False,True,True,False,False,True,False,False,False,0
0.1176470588235294,0.17591064157587763,4,3,0.28571428571428575,1,2,False,False,True,True,False,False,False,False,False,False,False,False,False,False,True,False,False,True,False,False,False,True,False,False,True,False,False,False,False,False,False,False,False,True,True,False,True,False,False,False,False,0
0.2941176470588235,0.055463849455265765,4,1,0.10714285714285715,1,1,False,False,True,False,True,False,False,False,False,False,False,False,False,False,False,True,False,False,False,False,False,False,True,False,False,True,False,False,False,False,False,False,False,True,True,False,False,True,False,True,False,0
0.1176470588235294,0.02569604930119952,4,4,0.5892857142857142,3,1,False,False,True,False,False,False,True,False,False,False,True,False,False,False,False,False,False,False,False,False,False,False,False,True,False,True,False,False,False,False,False,False,False,True,True,False,False,True,False,False,False,0
0.029411764705882346,0.05249257180587652,4,1,0.28571428571428575,1,1,False,False,True,False,False,False,False,False,False,False,False,False,False,False,False,False,True,False,False,False,False,True,False,False,False,True,False,False,False,False,False,True,False,False,False,False,False,True,False,False,True,0
0.2941176470588235,0.09216463079124024,2,2,0.125,1,1,False,True,False,False,True,False,False,False,False,True,False,False,False,False,False,False,False,False,False,False,False,True,False,False,False,True,False,False,False,False,False,False,False,True,True,False,False,True,False,False,False,0
0.20588235294117646,0.010069329811819083,3,4,0.0535714285714286,1,1,False,False,True,False,True,False,False,False,False,False,True,False,False,False,False,False,False,False,False,False,False,False,False,False,True,False,False,True,False,False,False,False,False,True,False,False,False,True,False,False,False,1
0.029411764705882346,0.022889842632331906,3,4,0.35714285714285715,2,1,False,False,False,False,False,False,True,False,False,False,False,False,False,False,False,False,False,False,True,False,False,False,True,False,True,False,False,False,False,False,False,False,False,True,True,False,True,False,False,True,False,0
0.1176470588235294,0.1101023440079234,1,2,0.48214285714285715,1,1,False,True,False,False,True,False,False,False,False,True,False,False,False,False,False,False,False,False,False,False,False,True,False,False,True,False,False,False,False,False,True,False,False,True,True,False,True,False,False,False,False,0
0.38235294117647056,0.10454495433036205,4,2,0.0892857142857143,1,1,True,False,False,False,True,False,False,False,False,False,False,False,False,False,False,False,False,False,False,False,False,True,False,False,True,False,False,False,True,False,False,True,False,False,True,False,False,True,False,False,False,1
0.2941176470588235,0.21464729833828547,2,3,0.28571428571428575,2,1,False,False,True,False,False,True,False,False,False,True,False,False,False,False,False,False,True,False,False,False,False,True,False,False,False,True,False,False,False,True,False,False,False,True,True,False,False,True,False,False,False,0
0.07352941176470588,0.09794211510949709,2,1,0.0892857142857143,1,1,True,False,False,False,True,False,False,False,False,True,False,False,False,False,False,False,False,False,False,True,False,False,True,False,False,True,False,False,False,False,True,False,False,True,True,False,False,True,False,True,False,0
0.8235294117647058,0.39440959612633436,1,1,0.14285714285714285,1,1,True,False,False,False,False,True,False,False,False,False,True,False,False,False,False,False,False,False,False,True,False,True,False,False,False,True,False,False,False,False,False,False,False,True,True,False,True,False,False,False,False,0
0.2941176470588235,0.13392758886321118,4,2,0.28571428571428575,2,1,False,False,True,False,False,False,True,False,False,False,True,False,False,False,False,False,False,False,False,False,False,True,False,False,False,True,False,False,False,False,False,False,False,True,True,False,True,False,False,False,False,0
0.1176470588235294,0.10448993067018818,4,1,0.17857142857142855,1,1,False,False,False,True,False,False,False,False,False,False,True,False,False,False,False,False,False,False,False,False,False,True,False,False,False,False,False,False,False,False,False,True,False,True,False,True,False,True,False,False,False,1
0.16176470588235292,0.19599427753934193,1,4,0.07142857142857145,1,1,False,False,True,False,True,False,False,True,False,False,False,False,False,False,False,False,True,False,False,False,True,False,False,False,True,False,False,False,False,False,True,False,False,True,True,False,False,True,False,True,False,0
0.10294117647058824,0.04974138879718279,4,4,0.6785714285714286,3,1,False,False,True,False,False,False,True,False,False,False,True,False,False,False,False,False,True,False,False,False,False,False,False,False,True,False,False,False,False,False,False,False,False,True,True,False,True,False,False,False,False,0
0.1176470588235294,0.07741828986464179,2,2,0.14285714285714285,1,1,False,False,False,False,True,False,False,False,False,True,False,False,False,False,False,False,False,False,False,False,False,True,False,False,False,True,False,False,False,False,False,False,False,True,True,False,False,True,False,False,False,0
0.2941176470588235,0.07444701221525256,4,4,0.6428571428571428,1,1,False,False,False,False,True,False,False,False,False,False,True,False,False,False,False,False,False,False,False,False,False,False,False,True,True,False,False,False,False,False,True,False,False,True,True,False,False,True,False,False,False,0
0.20588235294117646,0.27797953119841534,2,4,0.30357142857142855,3,1,False,False,False,False,False,False,True,False,False,False,False,False,False,False,False,False,False,False,False,False,False,False,False,True,False,True,False,False,False,False,False,True,False,True,False,True,False,False,True,True,False,0
0.1176470588235294,0.13744910311433917,2,4,0.6785714285714286,3,1,False,False,True,False,False,False,True,False,False,False,False,False,False,True,False,False,False,False,False,False,False,False,False,True,True,False,False,False,False,False,False,True,False,False,False,True,True,False,False,False,False,0
0.08823529411764706,0.05397821063057115,3,4,0.23214285714285715,2,2,False,False,True,False,False,False,True,False,False,False,False,False,False,False,False,False,False,False,False,False,False,False,False,True,False,True,False,False,False,False,False,False,False,True,True,False,True,False,False,False,True,0
0.16176470588235292,0.030373060415978873,4,3,0.32142857142857145,1,2,True,False,False,False,True,False,False,False,False,False,True,False,False,False,False,False,False,False,False,False,False,False,False,True,False,True,False,False,False,False,True,False,False,True,True,False,False,True,False,False,False,1
0.47058823529411764,0.33311323869263787,4,4,0.30357142857142855,2,1,False,False,True,False,False,False,True,False,False,False,False,False,False,False,False,True,False,False,False,True,False,False,False,True,False,True,False,False,False,False,False,False,False,True,True,False,False,True,False,False,False,0
0.2941176470588235,0.07059535600308132,4,3,0.33928571428571425,1,1,False,False,True,False,True,False,False,False,False,False,True,False,False,False,False,False,False,False,False,False,True,False,False,False,True,False,False,False,False,False,True,False,True,False,True,False,False,True,False,True,False,0
0.14705882352941174,0.48024650599757895,1,4,0.46428571428571425,1,1,False,False,False,False,True,False,False,False,False,False,False,False,False,False,False,False,False,False,False,False,False,False,False,True,False,False,False,False,False,True,False,False,False,True,True,False,False,False,True,True,True,1
0.2941176470588235,0.041212721470232194,4,2,0.10714285714285715,2,1,False,False,True,False,True,False,False,False,False,False,True,False,False,False,False,False,False,False,False,True,False,False,False,True,False,True,False,False,False,False,True,False,False,True,True,False,False,True,False,False,False,0
0.20588235294117646,0.13271706833938596,4,3,0.23214285714285715,1,1,False,False,True,False,True,False,False,False,False,False,False,False,False,False,False,False,False,False,False,True,False,False,True,False,False,True,False,False,False,True,False,False,False,True,True,False,False,True,False,False,True,0
0.1176470588235294,0.06338725652030373,3,4,0.32142857142857145,1,1,False,False,True,False,False,False,True,False,False,True,False,False,False,False,False,False,False,True,False,False,False,False,True,False,True,False,False,False,False,False,True,False,False,True,False,False,False,True,False,True,False,0
0.6470588235294117,0.6558270056124132,4,4,0.30357142857142855,1,1,True,False,False,True,False,False,False,False,False,False,False,False,False,False,False,False,False,False,False,True,False,False,False,False,False,True,False,True,False,False,False,True,False,True,False,True,False,False,True,True,False,0
0.6470588235294117,0.1546164850885881,4,4,0.16071428571428575,2,1,True,False,False,False,True,False,False,False,False,False,True,False,False,False,False,False,False,False,False,False,False,False,True,False,False,True,False,False,False,False,False,False,False,True,True,False,False,True,False,False,False,1
0.38235294117647056,0.6464179597226807,1,1,0.26785714285714285,1,1,False,False,False,False,True,False,False,False,False,False,False,False,True,False,False,False,False,False,False,False,True,False,False,False,False,False,False,False,False,False,False,True,False,True,True,False,True,False,False,True,False,1
0.07352941176470588,0.13464289644547156,1,2,0.23214285714285715,1,2,False,False,True,False,True,False,False,False,False,False,True,False,False,False,False,False,False,False,False,False,False,True,False,False,False,True,False,False,False,False,False,False,False,True,True,False,False,True,False,False,False,0
0.20588235294117646,0.11852096401452623,2,2,0.125,2,1,False,False,True,False,False,False,True,False,False,False,True,False,False,False,False,False,False,False,False,False,False,True,False,False,True,False,False,False,False,False,True,False,False,True,True,False,False,True,False,False,False,0
0.1176470588235294,0.055683944095961266,2,4,0.5357142857142858,1,1,False,False,False,False,True,False,False,False,False,True,False,False,False,False,False,False,False,False,False,True,False,False,False,True,False,False,False,False,False,True,False,False,False,True,True,False,True,False,False,True,False,0
0.029411764705882346,0.23995818201826785,1,4,0.23214285714285715,1,1,False,False,True,False,True,False,False,False,False,True,False,False,False,False,False,False,False,False,False,False,True,False,False,False,True,False,False,False,False,True,False,False,False,True,True,False,False,True,False,False,False,1
0.2941176470588235,0.09084406294706723,4,4,0.17857142857142855,1,1,False,False,True,False,True,False,False,False,False,False,True,False,False,False,False,False,True,False,False,False,False,True,False,False,False,True,False,False,False,False,True,False,False,True,False,False,False,False,True,True,False,0
0.16176470588235292,0.17156377242214152,3,4,0.07142857142857145,2,1,False,False,True,False,False,False,True,True,False,False,False,False,False,False,False,False,False,False,True,False,False,False,False,True,False,True,False,False,False,False,False,True,False,True,False,False,False,True,False,True,False,0
0.1176470588235294,0.07285132607021019,4,2,0.5535714285714286,1,1,False,False,True,False,True,False,False,False,False,True,False,False,False,False,False,False,False,False,False,False,False,True,False,False,False,True,False,False,False,False,False,False,False,True,True,False,False,True,False,False,False,0
0.20588235294117646,0.06575327390778034,4,4,0.5357142857142858,1,1,False,True,False,True,False,False,False,False,False,False,True,False,False,False,False,False,False,False,False,True,False,False,True,False,False,True,False,False,False,False,True,False,False,False,True,False,True,False,False,False,False,0
0.16176470588235292,0.06988004842082095,4,4,0.7857142857142858,1,1,False,False,True,False,False,False,True,False,False,True,False,False,False,False,False,False,False,False,False,True,False,False,False,True,False,True,False,False,False,True,False,False,False,True,True,False,False,True,False,False,False,0
0.2941176470588235,0.19962583911081766,4,2,0.32142857142857145,1,1,True,False,False,False,False,False,True,False,False,False,False,False,False,False,False,False,True,False,False,False,True,False,False,False,False,False,False,False,False,False,True,False,False,True,True,False,False,True,False,True,False,0
0.6323529411764706,0.5762077693408165,1,1,0.28571428571428575,1,1,False,False,False,False,True,False,False,False,False,False,False,False,False,False,False,False,False,False,False,False,True,False,False,False,True,False,False,False,False,False,False,False,False,True,True,False,True,False,False,True,False,0
0.6470588235294117,0.24969736986904373,4,3,0.125,1,2,False,False,False,False,True,False,False,True,False,False,False,False,False,False,False,False,False,False,False,False,False,False,True,False,False,True,False,False,False,True,False,False,False,True,True,False,False,True,False,False,False,0
0.6470588235294117,0.4034334763948498,2,4,0.21428571428571425,1,1,True,False,False,False,False,True,False,False,True,False,False,False,False,False,False,False,True,False,False,False,False,False,False,False,False,True,False,False,False,False,False,True,False,True,False,True,False,False,True,True,False,0
0.1176470588235294,0.04632992186640256,4,4,0.5357142857142858,2,1,True,False,False,False,True,False,False,False,False,False,True,False,False,False,False,False,False,False,False,False,False,True,False,False,True,False,False,False,True,False,False,False,False,True,True,False,False,True,False,True,False,0
0.2941176470588235,0.04258831297457907,4,4,0.5178571428571428,1,1,False,False,False,False,False,True,False,False,False,False,True,False,False,False,False,False,False,False,False,False,True,False,False,False,False,False,True,False,False,False,False,False,True,False,True,False,False,True,False,False,False,1
0.1176470588235294,0.045449543303620554,2,2,0.125,1,1,False,False,True,False,True,False,False,False,False,False,False,False,False,False,False,True,False,False,False,False,False,True,False,False,False,False,True,False,False,False,False,False,False,True,True,False,False,True,False,True,True,0
0.47058823529411764,0.5033564432706064,1,4,0.16071428571428575,1,1,True,False,False,False,True,False,False,True,False,False,False,False,False,False,False,False,False,False,False,False,True,False,False,False,False,False,True,False,False,False,True,False,False,True,False,False,False,False,True,True,False,1
0.2941176470588235,0.33944095961263343,2,4,0.44642857142857145,2,2,False,False,False,False,False,False,True,True,False,False,False,False,False,False,False,False,False,False,False,False,False,False,False,True,True,False,False,False,False,False,False,True,False,True,False,True,False,False,True,True,False,0
0.5588235294117647,0.2501375591504347,4,4,0.6607142857142858,1,1,False,True,False,False,False,False,True,True,False,False,False,False,False,False,False,False,False,False,False,False,False,False,False,True,False,True,False,False,False,False,False,True,False,True,False,True,False,True,False,False,False,0
0.6470588235294117,0.40601958842302194,4,2,0.48214285714285715,2,2,False,False,True,False,False,False,True,False,False,False,False,False,False,False,False,True,False,False,False,True,False,False,False,True,False,False,False,False,False,False,True,False,False,False,True,False,False,False,True,False,False,0
0.6470588235294117,0.5342797402883239,1,2,0.125,1,1,True,False,False,False,True,False,False,False,False,True,False,False,False,False,False,False,False,False,False,False,True,False,False,False,True,False,False,False,False,False,True,False,False,True,True,False,False,True,False,True,False,1
0.1176470588235294,0.24347969626939586,1,4,0.01785714285714285,1,1,False,False,True,False,True,False,False,True,False,False,False,False,False,False,False,False,False,False,False,True,True,False,False,False,True,False,False,False,False,False,True,False,False,True,False,False,False,True,False,False,False,0
0.08823529411764706,0.05705953560030813,4,2,0.46428571428571425,1,1,False,False,True,False,True,False,False,False,False,False,False,False,False,False,False,False,False,False,False,True,False,False,False,True,False,True,False,True,False,True,False,False,False,True,True,False,True,False,False,False,True,0
0.20588235294117646,0.12462859029382635,3,4,0.42857142857142855,1,1,False,False,True,False,True,False,False,False,False,True,False,False,False,False,False,False,False,False,False,False,False,True,False,False,False,True,False,False,False,False,False,False,False,True,True,False,False,True,False,True,False,0
0.25,0.13728403213381754,3,2,0.23214285714285715,2,1,True,False,False,False,False,False,True,False,False,True,False,False,False,False,False,False,False,False,True,False,False,False,True,False,False,True,False,False,False,False,True,False,False,True,True,False,False,True,False,True,False,0
0.029411764705882346,0.02321998459337515,1,4,0.625,1,1,False,False,True,False,True,False,False,False,False,False,False,False,False,False,False,False,False,False,False,False,False,False,False,False,True,False,False,False,False,False,False,False,False,True,True,False,False,False,False,True,False,0
0.47058823529411764,0.19555408825795093,4,1,0.41071428571428575,1,1,True,False,False,False,False,False,False,False,False,False,True,False,False,False,False,False,False,False,False,False,False,True,False,False,True,False,False,False,False,False,True,False,False,True,True,False,False,True,False,True,False,1
0.2941176470588235,0.06019588423021899,4,2,0.32142857142857145,2,2,False,True,False,False,False,False,True,False,False,False,False,False,False,False,False,False,False,False,False,True,False,False,True,False,False,True,False,False,False,False,False,False,False,False,True,False,True,False,False,False,False,1
0.08823529411764706,0.04335864421701331,4,3,0.5357142857142858,2,1,False,False,False,False,False,False,True,False,False,False,False,False,False,False,False,False,False,False,False,False,False,False,True,False,False,True,False,True,False,True,False,False,False,True,True,False,False,True,False,True,False,0
0.6470588235294117,0.543468691537361,2,2,0.44642857142857145,1,1,False,False,True,False,False,False,True,False,False,False,False,False,False,False,False,False,False,True,False,False,False,True,False,False,False,True,False,False,False,False,False,True,False,False,False,True,False,True,False,False,False,1
0.029411764705882346,0.07114559260482008,4,2,0.25000000000000006,1,1,False,False,True,False,True,False,False,False,False,True,False,False,False,False,False,False,False,False,True,False,False,True,False,False,False,False,False,False,False,False,False,False,False,True,True,False,False,True,False,False,False,0
0.38235294117647056,0.25096291405304283,2,4,0.0892857142857143,1,1,False,False,True,False,True,False,False,True,False,False,False,False,False,False,False,False,False,False,False,True,False,False,True,False,True,False,False,False,False,True,False,False,True,False,False,False,True,False,False,False,False,0
0.1176470588235294,0.026246285902938263,4,3,0.25000000000000006,1,1,False,False,False,False,True,False,False,False,False,False,True,False,False,False,False,False,True,False,False,False,True,False,False,False,False,False,True,False,False,False,False,True,False,True,True,False,True,False,False,True,False,1
0.058823529411764705,0.05430835259161439,3,4,0.0892857142857143,1,1,True,False,False,False,True,False,False,False,False,True,False,False,False,False,False,False,False,False,False,False,False,True,False,False,True,False,False,False,False,False,False,False,False,True,True,False,False,True,False,False,False,1
0.07352941176470588,0.001430615164520744,4,4,0.0535714285714286,1,1,True,False,False,False,True,False,False,False,False,False,False,False,False,False,False,False,False,False,False,False,False,True,False,False,False,False,True,False,False,False,False,False,False,True,False,False,True,False,False,False,False,0
0.6470588235294117,0.28232640035215145,3,4,0.37499999999999994,1,1,True,False,False,False,True,False,False,False,True,False,False,False,False,False,False,False,False,False,False,True,False,False,False,False,False,True,False,False,False,False,False,True,False,False,False,True,False,False,False,True,False,0
0.2941176470588235,0.28947947617475517,4,1,0.10714285714285715,1,1,False,False,True,False,True,False,False,False,False,True,False,False,False,False,False,False,True,False,False,False,False,True,False,False,False,True,False,False,False,False,True,False,True,False,True,False,False,True,False,False,False,0
0.2941176470588235,0.19252778694838782,2,4,0.125,1,1,False,True,False,False,True,False,False,False,False,True,False,False,False,False,False,False,False,False,False,False,True,False,False,False,True,False,False,False,False,False,True,False,False,True,True,False,False,True,False,False,False,0
0.1176470588235294,0.023935292175635527,2,3,0.10714285714285715,1,1,True,False,False,False,True,False,False,False,False,False,False,False,False,False,False,False,False,False,False,False,False,False,True,False,False,False,True,False,False,False,True,False,False,False,True,False,True,False,False,False,False,1
0.0,0.06844943325630021,1,2,0.17857142857142855,1,2,False,True,False,False,True,False,False,False,False,False,False,False,False,False,False,False,False,False,False,True,True,False,False,False,False,True,False,False,False,False,False,False,False,True,True,False,True,False,False,False,True,0
0.47058823529411764,0.13733905579399142,4,4,0.21428571428571425,1,1,False,False,False,True,False,False,False,False,False,True,False,False,False,False,False,False,False,False,False,False,False,False,False,True,False,True,False,False,False,False,True,False,False,False,True,False,False,True,False,False,False,1
0.1176470588235294,0.025200836359634642,2,3,0.33928571428571425,1,2,False,False,False,False,True,False,False,False,False,True,False,False,False,False,False,False,False,False,False,False,False,True,False,False,False,True,False,False,True,True,False,False,False,True,True,False,True,False,False,False,False,0
0.2941176470588235,0.22565203037306042,1,4,0.5178571428571428,1,1,True,False,False,False,True,False,False,False,False,True,False,False,False,False,False,False,False,False,False,True,False,True,False,False,True,False,False,False,False,True,False,False,False,True,True,False,True,False,False,True,False,0
0.1176470588235294,0.024815670738417523,4,2,0.23214285714285715,2,1,False,False,True,False,False,False,True,False,False,False,False,False,False,True,False,False,False,False,False,False,False,True,False,False,False,True,False,False,False,False,True,False,False,True,True,False,False,True,False,False,False,0
0.16176470588235292,0.1866952789699571,1,4,0.14285714285714285,2,1,False,False,False,False,False,True,False,False,False,True,False,False,False,False,False,False,False,False,False,False,False,False,False,True,True,False,False,False,False,True,False,False,False,True,True,False,True,False,False,False,False,0
0.38235294117647056,0.2200396170353252,4,2,0.16071428571428575,2,1,True,False,False,False,False,False,True,False,False,False,False,False,False,False,False,False,False,False,False,False,False,False,False,False,False,False,True,False,False,False,True,False,False,True,True,False,False,False,True,False,False,1
0.2941176470588235,0.0928799383735006,4,3,0.23214285714285715,1,1,False,False,False,False,True,False,False,False,False,False,True,False,False,False,False,False,False,False,False,False,True,False,False,False,False,False,False,False,False,True,False,False,False,True,True,False,False,True,False,False,False,1
0.2941176470588235,0.1463629360625069,2,1,0.26785714285714285,1,1,False,False,False,False,True,False,False,True,False,False,False,False,False,False,False,False,False,False,False,False,False,False,True,False,False,True,False,False,False,False,False,True,False,True,False,True,False,False,True,True,False,0
0.20588235294117646,0.13255199735886433,4,2,0.16071428571428575,1,1,False,False,False,False,True,False,False,False,False,True,False,False,False,False,False,False,False,False,True,False,False,True,False,False,False,True,False,False,False,False,True,False,False,True,True,False,False,True,False,False,False,0
0.20588235294117646,0.042808407615274574,4,3,0.30357142857142855,2,1,False,False,True,False,False,False,True,False,False,False,False,False,False,False,False,False,False,False,False,False,False,True,False,False,True,False,False,False,False,False,False,False,False,True,True,False,False,True,False,False,False,0
0.058823529411764705,0.17321448222735777,1,4,0.35714285714285715,2,1,False,False,False,False,False,False,True,False,False,False,False,False,False,False,False,False,False,False,False,False,False,False,True,False,False,True,False,False,False,False,False,False,False,True,True,False,True,False,False,False,True,0
0.1176470588235294,0.30543633762517886,2,4,0.5357142857142858,1,1,False,False,True,False,False,False,True,False,False,True,False,False,False,False,False,False,False,False,False,True,False,False,False,True,False,True,False,False,False,True,False,False,False,True,False,False,False,True,False,True,False,0
0.2941176470588235,0.07015516672169032,4,3,0.26785714285714285,1,2,False,False,True,False,True,False,False,False,False,False,False,False,False,False,False,False,False,False,True,False,False,False,True,False,True,False,False,False,False,False,True,False,False,True,True,False,False,True,False,True,False,0
0.47058823529411764,0.23236491691427316,4,2,0.21428571428571425,1,1,False,True,False,False,True,False,False,False,False,False,True,False,False,False,False,False,False,False,False,False,False,False,False,True,False,True,False,False,False,False,True,False,False,True,True,False,False,True,False,False,False,0
0.029411764705882346,0.04500935402222955,4,4,0.16071428571428575,1,2,True,False,False,False,True,False,False,False,False,False,True,False,False,False,False,False,False,False,False,False,False,False,False,True,False,True,False,False,False,False,True,False,False,True,True,False,False,True,False,False,False,0
0.2941176470588235,0.3502255970067129,2,4,1.0,2,1,False,False,False,False,False,False,True,True,False,False,False,False,False,False,False,False,False,False,False,False,False,False,False,False,False,True,False,False,False,False,False,True,False,True,False,True,False,False,True,True,False,0
0.20588235294117646,0.08880818752063387,4,2,0.19642857142857145,2,1,False,False,True,False,False,False,True,False,False,False,False,False,False,True,False,False,True,False,False,False,False,True,False,False,True,False,False,False,False,False,False,False,False,True,True,False,False,True,False,False,False,1
0.8235294117647058,0.3938593595245956,4,2,0.0892857142857143,1,1,True,False,False,False,True,False,False,False,False,False,False,False,False,False,False,False,True,False,False,False,True,False,False,False,True,False,False,False,False,True,False,False,False,True,True,False,False,False,True,False,False,1
0.6470588235294117,0.6239683063717398,2,4,0.0892857142857143,2,1,False,False,True,False,False,False,True,True,False,False,False,False,False,False,False,False,True,False,False,False,False,True,False,False,True,False,False,False,False,False,True,False,False,False,False,False,True,False,False,False,False,1
0.2941176470588235,0.21239132827115662,3,4,0.07142857142857145,2,2,False,False,False,False,False,False,False,False,False,True,False,False,False,False,False,False,False,False,False,False,False,False,False,True,False,True,False,False,False,False,False,True,False,False,False,False,False,True,False,False,False,1
0.029411764705882346,0.17244415098492352,1,4,0.44642857142857145,1,1,False,False,False,False,False,False,True,False,False,True,False,False,False,False,False,False,False,False,False,False,False,True,False,False,False,False,False,False,False,False,False,False,False,True,False,False,False,False,True,True,False,1
0.13235294117647056,0.10184879498184218,2,4,0.07142857142857145,1,1,True,False,False,False,True,False,False,False,False,False,True,False,False,False,False,False,False,False,False,False,True,False,False,False,True,False,False,False,True,True,False,False,False,True,True,False,True,False,False,False,False,0
0.16176470588235292,0.05639925167822163,4,2,0.0892857142857143,1,1,False,False,False,False,True,False,False,False,False,False,False,True,False,False,False,False,False,False,False,True,False,True,False,False,True,False,False,False,False,False,True,False,False,True,False,False,False,True,False,False,False,1
0.2941176470588235,0.21563772422141522,4,4,0.16071428571428575,1,1,False,False,False,False,True,False,False,False,False,True,False,False,False,False,False,False,False,False,False,False,False,True,False,False,False,True,False,False,False,True,False,False,False,True,True,False,False,True,False,False,False,0
0.08823529411764706,0.06993507208099482,4,2,0.21428571428571425,1,1,True,False,False,False,True,False,False,False,False,True,False,False,False,False,False,False,False,False,False,False,False,True,False,False,False,False,False,False,False,False,True,False,False,True,True,False,True,False,False,False,False,0
0.2941176470588235,0.3022449653350941,2,4,0.0892857142857143,2,1,True,False,False,False,False,False,True,False,False,False,False,False,False,True,False,False,False,False,False,False,True,False,False,False,True,False,False,False,False,False,False,True,False,True,False,True,False,True,False,True,False,0
0.25,0.1842742379223066,1,4,0.125,1,1,False,False,False,False,True,False,False,False,False,True,False,False,False,False,False,False,False,False,False,False,False,False,True,False,True,False,False,False,False,False,True,False,False,True,False,False,True,False,False,False,False,0
0.20588235294117646,0.16303510509519095,1,3,0.10714285714285715,1,1,True,False,False,False,True,False,False,False,False,False,True,False,False,False,False,False,False,True,False,False,True,False,False,False,False,False,True,False,False,False,False,False,False,True,False,False,False,True,False,False,False,0
0.20588235294117646,0.2304941124683614,1,1,0.25000000000000006,1,1,True,False,False,False,True,False,False,False,False,False,False,False,False,False,False,True,False,False,False,False,False,False,False,True,False,True,False,True,False,False,False,False,False,False,True,False,False,False,True,True,False,0
0.08823529411764706,0.20353251898316277,1,1,0.32142857142857145,1,2,False,True,False,False,True,False,False,False,False,False,False,False,False,False,False,False,False,False,False,False,True,False,False,False,False,True,False,False,True,True,False,False,False,True,True,False,True,False,False,False,False,0
0.16176470588235292,0.06652360515021459,4,2,0.42857142857142855,1,1,False,False,True,False,False,False,True,False,False,False,True,False,False,False,False,False,False,False,False,False,False,True,False,False,True,False,False,False,False,False,True,False,False,True,True,False,True,False,False,False,False,0
0.13235294117647056,0.034774953229888855,4,4,0.07142857142857145,2,1,True,False,False,False,False,False,True,False,False,False,True,False,False,False,False,False,False,False,False,False,True,False,False,False,False,True,False,False,True,False,False,False,False,True,True,False,False,True,False,False,False,0
0.2941176470588235,0.1930229998899527,1,4,0.07142857142857145,1,1,True,False,False,False,True,False,False,False,False,False,True,False,False,False,False,False,False,True,False,False,False,False,False,False,True,False,False,False,False,False,False,True,False,True,False,False,False,False,False,False,False,0
0.029411764705882346,0.08215032463959503,1,2,0.26785714285714285,2,1,False,False,True,False,False,True,False,False,False,False,False,False,False,False,False,True,True,False,False,False,False,True,False,False,False,True,False,False,False,False,False,False,False,True,True,False,True,False,False,False,False,0
0.07352941176470588,0.048750962914053037,4,3,0.23214285714285715,2,2,True,False,False,False,False,False,True,False,False,False,False,False,False,True,False,False,False,False,True,False,False,False,False,True,False,True,False,False,False,False,False,True,False,True,False,True,False,True,False,False,False,1
0.07352941176470588,0.05425332893144051,1,4,0.07142857142857145,1,1,False,False,True,False,True,False,False,False,False,False,False,True,False,False,False,False,False,False,False,False,True,False,False,False,True,False,False,False,False,False,False,False,False,True,False,False,False,True,False,True,False,0
0.07352941176470588,0.039011775063277215,1,2,0.17857142857142855,1,1,True,False,False,False,True,False,False,False,False,True,False,False,False,False,False,False,False,False,False,False,False,True,False,False,True,False,False,False,False,False,True,False,False,True,True,False,False,True,False,False,True,1
0.20588235294117646,0.16391548365797293,2,4,0.33928571428571425,1,1,False,False,True,False,False,False,True,True,False,False,False,False,False,False,False,False,False,False,False,True,False,False,False,False,False,True,False,False,False,False,False,True,False,True,True,False,False,False,True,True,False,0
0.1176470588235294,0.327335754374381,4,2,0.16071428571428575,2,1,False,False,False,False,False,False,False,False,False,False,True,False,False,False,False,False,False,False,False,False,False,True,False,False,False,True,False,False,False,True,False,False,False,True,False,False,False,True,False,True,False,1
0.08823529411764706,0.026246285902938263,4,4,0.48214285714285715,1,1,False,False,True,False,True,False,False,False,False,False,False,False,False,True,False,False,False,True,False,False,False,False,False,True,False,True,False,False,False,False,False,True,False,True,False,True,False,True,False,True,False,0
0.2941176470588235,0.05480356553317926,4,2,0.07142857142857145,1,1,True,False,False,False,True,False,False,False,False,False,False,False,False,False,False,False,False,False,False,False,True,False,False,False,False,True,False,False,False,False,False,False,True,False,True,False,True,False,False,False,False,1
0.1176470588235294,0.11450423682183337,1,4,0.5357142857142858,1,1,False,False,True,False,False,False,True,False,False,False,True,False,False,False,False,False,False,False,False,True,False,False,False,True,False,True,False,True,False,False,False,False,False,True,True,False,False,True,False,True,False,0
0.47058823529411764,0.2318146803125344,4,2,0.125,2,1,False,False,True,False,False,True,False,False,False,False,True,False,False,False,False,False,False,False,False,False,False,True,False,False,False,True,False,False,False,False,True,False,False,True,True,False,False,False,True,True,False,1
0.1176470588235294,0.028942445251458126,4,2,0.16071428571428575,1,1,False,False,True,False,True,False,False,False,False,False,True,False,False,False,False,False,False,False,False,False,False,True,False,False,False,False,True,False,False,False,False,False,False,True,True,False,False,True,False,False,False,0
0.38235294117647056,0.11863101133487398,4,4,0.07142857142857145,1,1,False,False,False,False,True,False,False,False,False,True,False,False,False,False,False,False,False,False,False,False,False,False,True,False,True,False,False,False,False,False,False,False,False,True,False,False,False,True,False,False,False,1
0.20588235294117646,0.05441839991196214,4,4,0.75,1,1,True,False,False,False,True,False,False,False,False,False,False,False,False,True,False,False,False,False,False,True,False,True,False,False,False,True,False,False,False,False,False,True,False,True,False,True,False,True,False,False,False,0
0.1176470588235294,0.17326950588753165,2,3,0.32142857142857145,1,1,False,True,False,False,True,False,False,False,False,False,True,False,False,False,False,False,False,False,False,True,False,False,False,True,False,True,False,False,False,False,True,False,False,True,True,False,False,False,True,False,False,0
0.1176470588235294,0.1098822493672279,2,2,0.30357142857142855,2,1,False,True,False,False,False,True,False,False,False,False,False,False,False,False,False,False,False,False,False,False,False,True,False,False,True,False,False,False,False,False,True,False,True,False,True,False,False,True,False,True,False,0
0.029411764705882346,0.08341586882359414,1,2,0.035714285714285754,1,1,False,False,True,False,True,False,False,False,False,True,False,False,False,False,False,False,False,False,False,False,False,True,False,False,False,False,True,False,False,True,False,False,False,True,False,False,False,True,False,False,False,0
0.20588235294117646,0.12231759656652359,4,1,0.10714285714285715,1,1,False,False,False,False,True,False,False,False,False,True,False,False,False,False,False,False,False,False,False,False,False,False,False,False,False,True,False,False,False,False,True,False,False,True,True,False,False,False,False,False,False,1
0.1176470588235294,0.0710905689446462,2,4,0.30357142857142855,1,1,False,False,True,False,True,False,False,False,False,False,False,False,False,False,False,True,False,False,False,False,False,False,True,False,False,True,False,False,False,False,True,False,False,True,True,False,False,True,False,True,False,0
0.20588235294117646,0.19808517662594918,3,1,0.14285714285714285,2,1,False,False,True,False,False,False,True,True,False,False,False,False,False,False,False,False,False,False,False,False,False,False,True,False,False,True,False,False,False,False,True,False,False,True,True,False,False,True,False,False,False,0
0.20588235294117646,0.1870804445911742,1,4,0.0535714285714286,1,1,False,False,False,False,True,False,False,False,False,True,False,False,False,False,False,False,False,False,False,False,True,False,False,False,True,False,False,False,False,False,True,False,False,True,False,False,False,True,False,False,False,0
0.47058823529411764,0.17585561791570375,4,2,0.41071428571428575,1,2,False,False,False,False,True,False,False,False,False,True,False,False,False,False,False,False,False,False,False,False,False,False,False,True,False,True,False,False,False,False,True,False,False,True,True,False,False,True,False,False,False,1
0.20588235294117646,0.1513700891383295,2,4,0.37499999999999994,1,1,True,False,False,False,True,False,False,False,False,True,False,False,False,False,False,False,False,False,False,False,False,False,True,False,True,False,False,False,False,False,False,False,False,True,False,False,False,True,False,False,False,0
0.47058823529411764,0.15566193463189174,4,4,0.30357142857142855,1,1,False,False,True,False,True,False,False,False,False,False,False,False,False,False,False,False,False,False,False,True,False,True,False,False,False,True,False,False,False,False,False,False,False,True,True,False,False,True,False,False,False,0
0.20588235294117646,0.32023770221195114,3,4,0.25000000000000006,2,1,False,False,True,False,False,False,True,False,False,False,True,False,False,False,False,False,False,False,False,False,False,False,False,True,False,True,False,False,False,False,True,False,False,True,True,False,False,True,False,True,False,0
0.08823529411764706,0.10432485968966655,1,3,0.07142857142857145,2,1,False,False,True,False,False,False,True,False,False,True,False,False,False,False,False,False,False,False,False,False,True,False,False,False,True,False,False,False,False,False,False,False,False,True,False,False,False,True,False,False,False,0
0.8235294117647058,0.7431495543083525,2,4,0.7857142857142858,1,1,False,False,True,False,False,False,True,False,False,False,False,False,False,False,False,False,False,False,False,True,False,False,False,True,False,True,False,False,False,False,False,True,False,False,False,True,False,False,True,True,False,0
0.8235294117647058,0.799603829646748,3,4,0.7321428571428572,2,1,True,False,False,True,False,False,False,False,True,False,False,False,False,False,False,False,True,False,False,False,False,False,False,True,True,False,False,False,False,False,False,True,False,False,False,True,False,False,True,True,False,1
0.6470588235294117,0.4091009133927589,2,4,0.32142857142857145,1,1,False,False,False,True,False,False,False,False,False,False,False,False,False,False,False,True,False,False,False,False,False,False,True,False,True,False,False,False,True,False,True,False,False,True,False,False,False,True,False,False,False,1
0.20588235294117646,0.11389897655992078,2,3,0.26785714285714285,2,1,False,False,True,False,False,True,False,False,False,False,True,False,False,False,False,False,False,False,False,False,False,False,False,False,False,False,True,False,False,False,False,False,False,True,True,False,False,True,False,False,False,0
0.044117647058823525,0.03279410146362936,3,4,0.30357142857142855,1,1,False,False,True,False,False,True,False,False,False,False,True,False,False,False,False,False,False,False,False,True,False,False,False,True,False,True,False,False,False,False,False,True,False,True,False,True,False,True,False,False,False,0
0.47058823529411764,0.7740728513260702,4,2,0.6785714285714286,1,1,True,False,False,False,True,False,False,False,False,False,False,False,False,False,False,False,False,False,False,False,False,False,False,True,False,True,False,False,False,False,False,True,False,True,False,True,False,False,True,True,False,1
0.029411764705882346,0.0061626499394739735,4,4,0.5892857142857142,2,1,False,False,True,False,False,False,True,False,False,False,False,False,False,False,False,False,True,False,False,False,False,True,False,False,True,False,False,False,False,False,True,False,False,True,True,False,True,False,False,False,False,0
0.23529411764705882,0.10795642126114229,4,4,0.35714285714285715,1,1,False,False,False,False,True,False,False,False,False,True,False,False,False,False,False,False,False,False,False,True,False,False,True,False,False,True,False,False,False,False,True,False,False,True,True,False,False,True,False,True,False,0
0.20588235294117646,0.7002310993727302,3,4,0.33928571428571425,1,1,True,False,False,False,True,False,False,True,False,False,False,False,False,False,False,False,False,False,False,False,False,False,False,False,True,False,False,False,False,False,False,True,False,True,False,True,False,False,True,True,False,1
0.2647058823529412,0.05683944095961263,4,4,0.10714285714285715,1,1,False,False,True,False,True,False,False,False,False,False,False,False,False,False,False,False,False,False,False,True,False,False,True,False,True,False,False,False,False,True,False,False,False,True,False,False,False,True,False,False,False,0
0.1176470588235294,0.05942555298778475,4,1,0.125,1,1,False,True,False,False,True,False,False,False,False,False,False,False,False,False,False,False,False,False,False,False,True,False,False,False,False,True,False,False,False,False,False,False,False,True,True,False,False,True,False,False,False,0
0.38235294117647056,0.2213051612193243,2,2,0.125,2,1,False,False,True,False,False,True,False,False,False,False,False,False,False,False,False,True,True,False,False,False,False,True,False,False,False,True,False,False,False,True,False,False,False,True,True,False,True,False,False,False,False,0
0.20588235294117646,0.10938703642566304,2,1,0.10714285714285715,2,1,False,False,True,False,False,False,True,False,False,False,True,False,False,False,False,False,False,False,False,False,False,True,False,False,True,False,False,False,False,False,True,False,False,True,True,False,False,True,False,False,False,0
0.20588235294117646,0.0482007263123143,4,2,0.035714285714285754,1,1,False,False,True,False,True,False,False,False,False,False,True,False,False,False,False,False,False,False,False,True,True,False,False,False,True,False,False,False,False,False,False,False,False,True,False,False,False,True,False,True,False,0
0.20588235294117646,0.39198855507868385,4,4,0.37499999999999994,2,1,True,False,False,False,False,False,True,False,False,True,False,False,False,False,False,False,False,False,False,False,False,False,False,False,False,True,False,False,False,True,False,False,True,False,True,False,False,False,True,True,False,0
0.16176470588235292,0.114229118520964,2,4,0.14285714285714285,1,1,True,False,False,False,False,False,True,False,False,False,False,False,False,False,False,True,False,True,False,False,False,True,False,False,False,True,False,False,False,False,True,False,False,False,True,False,False,True,False,False,False,0
0.07352941176470588,0.06597336854847584,3,2,0.14285714285714285,2,1,False,False,True,False,True,False,False,False,False,False,False,False,False,False,False,True,False,False,False,False,False,False,True,False,True,False,False,False,False,False,True,False,False,True,True,False,False,True,False,False,False,0
0.20588235294117646,0.08638714647298339,2,2,0.19642857142857145,1,1,False,False,True,False,True,False,False,False,False,False,False,False,False,False,False,False,False,False,False,False,False,True,False,False,False,False,True,False,False,True,False,False,False,True,True,False,False,False,True,True,False,0
0.1176470588235294,0.040332342907450205,1,4,0.0,1,1,True,False,False,False,True,False,False,False,False,True,False,False,False,False,False,False,False,False,True,False,True,False,False,False,True,False,False,False,False,False,False,False,False,True,False,False,True,False,False,False,False,0
0.47058823529411764,0.16501595686145043,2,4,0.35714285714285715,1,2,False,False,False,False,True,False,False,False,False,False,False,False,False,False,False,False,False,False,False,False,False,False,True,False,False,True,False,False,False,False,False,True,False,False,False,True,False,False,True,True,False,0
0.029411764705882346,0.09392538791680423,1,4,0.21428571428571425,1,1,False,False,False,False,False,False,True,False,False,False,True,False,False,False,False,False,False,False,False,False,False,False,True,False,True,False,False,False,False,False,True,False,False,True,True,False,False,True,False,False,False,0
0.07352941176470588,0.11863101133487398,2,3,0.21428571428571425,1,1,False,False,True,False,False,False,True,False,False,True,False,False,False,False,False,False,False,False,False,False,False,False,False,False,False,True,False,False,False,False,True,False,False,True,True,False,False,False,True,False,False,0
0.5147058823529411,0.6333223286012986,2,3,0.23214285714285715,1,1,True,False,False,False,False,True,False,False,False,False,False,False,False,True,False,False,True,False,False,False,False,False,True,False,False,True,False,False,False,False,False,True,False,True,False,False,False,True,False,True,False,0
0.1176470588235294,0.12809508088478047,3,4,0.6428571428571428,1,1,False,False,False,False,True,False,False,False,False,True,False,False,False,False,False,False,False,False,False,False,False,False,False,False,True,False,False,False,False,False,False,True,False,True,False,True,False,False,True,False,False,0
0.47058823529411764,0.11543963904478925,3,2,0.48214285714285715,2,1,False,False,False,False,False,False,True,False,False,True,False,False,False,False,False,False,False,False,False,False,False,True,False,False,False,False,True,False,False,True,False,False,False,True,True,False,False,True,False,True,False,0
0.1176470588235294,0.05353802134918015,1,1,0.48214285714285715,2,1,True,False,False,False,True,False,False,False,False,False,False,False,False,False,False,False,False,False,False,False,False,False,False,True,False,False,False,False,False,False,False,False,False,True,False,False,False,True,False,False,False,1
0.2941176470588235,0.06965995378012545,4,1,0.42857142857142855,2,1,False,False,True,False,False,False,True,False,False,False,True,False,False,False,False,False,False,False,True,False,False,True,False,False,True,False,False,False,False,False,False,False,False,True,True,False,True,False,False,False,False,0
0.20588235294117646,0.06729393639264884,3,4,0.35714285714285715,1,1,False,False,True,False,True,False,False,False,False,False,True,False,False,False,False,False,False,False,False,False,True,False,False,False,False,False,True,False,False,False,False,False,False,True,True,False,False,True,False,True,False,0
0.20588235294117646,0.090073731704633,4,4,0.16071428571428575,2,1,True,False,False,False,False,False,True,False,False,False,False,False,False,False,False,True,False,False,False,True,False,True,False,False,False,False,True,False,False,False,False,False,False,False,True,False,False,True,False,False,False,0
0.2941176470588235,0.4620886981402003,2,2,0.14285714285714285,2,1,False,False,True,False,False,True,False,False,False,False,False,False,False,False,False,True,False,False,False,False,True,False,False,False,False,True,False,False,False,False,True,False,False,False,True,False,False,True,False,True,False,1
0.14705882352941174,0.030373060415978873,4,2,0.14285714285714285,2,1,False,False,True,False,False,True,False,False,False,False,False,False,False,False,False,False,False,False,False,False,False,True,False,False,False,True,False,False,False,False,True,False,False,True,True,False,True,False,False,False,False,0
0.20588235294117646,0.14575767580059426,4,4,0.42857142857142855,1,2,True,False,False,False,False,True,False,False,False,False,False,False,False,False,False,False,False,False,False,True,False,False,False,True,False,True,False,False,False,False,True,False,False,True,True,False,False,True,False,False,False,0
0.2941176470588235,0.09843732805106195,1,1,0.0535714285714286,1,1,True,False,False,False,True,False,False,False,False,False,True,False,False,False,False,False,False,False,False,False,True,False,False,False,False,False,True,False,False,True,False,False,False,True,True,False,False,True,False,True,False,1
0.2941176470588235,0.10713106635853417,4,4,0.42857142857142855,2,2,False,False,True,False,False,False,True,True,False,False,False,False,False,False,False,False,False,False,False,True,False,False,True,False,False,True,False,False,False,False,True,False,False,True,True,False,False,True,False,True,False,0
0.16176470588235292,0.04418399911962144,4,2,0.14285714285714285,1,1,False,False,False,False,True,False,False,False,False,False,True,False,False,False,False,False,False,False,False,False,True,False,False,False,False,False,True,False,False,False,False,False,False,True,True,False,False,True,False,False,True,0
0.2941176470588235,0.16424562561901618,3,2,0.125,1,1,False,False,True,False,True,False,False,False,False,False,True,False,False,False,False,False,False,True,False,False,False,False,False,True,False,False,False,False,False,False,True,False,False,True,True,False,False,False,True,True,False,0
0.1176470588235294,0.03791130185979971,4,2,0.16071428571428575,3,1,False,True,False,False,False,False,True,False,False,False,False,False,False,False,False,False,False,True,False,False,False,False,True,False,False,False,True,False,False,False,False,False,False,True,True,False,False,True,False,True,False,1
0.2941176470588235,0.09447562451854297,4,4,0.01785714285714285,1,1,True,False,False,False,True,False,False,False,False,False,True,False,False,False,False,False,False,False,False,False,False,False,False,True,True,False,False,False,False,False,True,False,False,True,True,False,False,True,False,True,False,0
0.4264705882352941,0.385330692197645,3,2,0.28571428571428575,2,1,False,False,True,False,False,False,True,True,False,False,False,False,False,False,False,False,False,False,False,False,False,False,True,False,False,True,False,False,False,False,True,False,False,True,True,False,False,False,True,True,False,0
0.1176470588235294,0.11235831407505227,4,2,0.41071428571428575,2,1,False,False,True,False,False,False,True,False,False,False,False,False,False,False,False,True,False,False,False,False,False,False,False,False,False,True,False,False,False,False,True,False,True,False,True,False,False,False,True,True,False,1
0.08823529411764706,0.07411687025420931,3,2,0.37499999999999994,1,2,False,False,True,False,True,False,False,False,False,False,False,False,False,False,False,False,False,True,False,False,False,True,False,False,False,True,False,False,False,False,False,True,False,True,False,False,True,False,False,False,True,0
0.2941176470588235,0.062231759656652355,4,2,0.28571428571428575,1,1,False,False,False,False,True,False,False,False,False,False,False,False,False,False,False,False,False,False,False,True,False,True,False,False,True,False,False,False,False,True,False,False,False,True,True,False,False,True,False,False,False,1
0.47058823529411764,0.3076923076923077,2,2,0.28571428571428575,2,2,False,False,True,False,False,False,True,True,False,False,False,False,False,False,False,False,False,False,False,False,False,False,False,True,False,True,False,False,False,True,False,False,False,True,True,False,False,True,False,True,False,0
0.1176470588235294,0.12815010454495435,4,1,0.25000000000000006,1,2,False,False,False,False,True,False,False,False,False,False,False,False,False,False,False,False,False,False,False,False,True,False,False,False,False,True,False,False,False,False,False,False,False,True,True,False,True,False,False,False,False,1
0.20588235294117646,0.45234951028942444,1,2,0.07142857142857145,2,1,False,False,False,False,False,True,False,False,False,False,False,False,False,True,False,False,False,False,False,True,False,True,False,False,True,False,False,False,False,False,True,False,False,True,False,False,False,True,False,True,False,0
0.25,0.13931990756025092,1,2,0.21428571428571425,1,1,False,False,True,False,True,False,False,False,False,False,False,False,False,False,False,False,False,True,False,False,False,False,True,False,True,False,False,False,False,False,True,False,False,False,True,False,False,False,True,False,False,0
0.20588235294117646,0.04357873885770881,4,2,0.25000000000000006,1,1,True,False,False,False,True,False,False,False,False,False,False,False,False,False,False,False,False,False,False,True,False,True,False,False,True,False,False,False,False,True,False,False,False,True,True,False,False,True,False,False,False,1
0.16176470588235292,0.16154946627049632,2,3,0.01785714285714285,1,1,False,False,True,False,True,False,False,False,False,False,False,False,False,False,False,False,False,False,True,False,False,False,True,False,True,False,False,False,False,False,True,False,False,True,False,False,False,True,False,False,False,0
0.1176470588235294,0.09783206778914934,4,2,0.19642857142857145,1,1,True,False,False,False,True,False,False,True,False,False,False,False,False,False,False,False,False,False,False,True,False,True,False,False,False,True,False,False,False,False,True,False,False,True,True,False,False,True,False,False,False,0
0.1176470588235294,0.03895675140310334,2,3,0.49999999999999994,2,2,True,False,False,False,False,False,True,False,False,False,False,False,False,False,False,False,False,False,False,False,False,False,True,False,False,True,False,False,False,False,False,False,False,True,True,False,True,False,False,False,False,0
0.25,0.07378672829316606,4,3,0.26785714285714285,2,1,False,False,True,False,False,True,False,False,False,True,False,False,False,False,False,False,True,False,False,False,False,False,True,False,False,True,False,False,False,False,False,False,False,True,True,False,False,False,True,False,False,0
0.1176470588235294,0.13821943435677342,1,2,0.10714285714285715,1,1,True,False,False,False,True,False,False,False,False,True,False,False,False,False,False,False,False,False,False,True,False,False,False,True,True,False,False,False,False,True,False,False,False,False,True,False,False,True,False,True,False,1
0.20588235294117646,0.1391548365797293,1,3,0.035714285714285754,1,1,True,False,False,False,True,False,False,True,False,False,False,False,False,False,False,False,False,False,False,False,False,True,False,False,False,False,True,False,False,False,True,False,False,True,False,False,False,True,False,True,False,0
0.3529411764705882,0.1371739848134698,4,2,0.17857142857142855,2,1,False,False,True,False,False,False,True,False,False,False,True,False,False,False,False,False,False,False,False,False,False,False,False,True,False,True,False,False,False,False,True,False,False,True,True,False,False,True,False,False,False,0
0.20588235294117646,0.049466270496313414,4,3,0.48214285714285715,2,1,False,False,True,False,False,False,True,False,False,False,True,False,False,False,False,False,False,False,True,False,False,True,False,False,False,True,False,False,False,False,False,False,False,True,True,False,False,True,False,False,False,0
0.07352941176470588,0.05849015076482887,1,4,0.01785714285714285,1,1,False,False,True,False,True,False,False,False,False,True,False,False,False,False,False,False,False,False,False,False,False,False,False,True,False,True,False,False,False,False,True,False,False,True,True,False,False,True,False,False,False,0
0.20588235294117646,0.05172224056344228,2,4,0.6428571428571428,3,2,False,False,False,False,False,False,True,False,False,False,False,False,True,False,False,False,False,False,False,False,False,False,False,False,True,False,False,False,False,False,False,True,False,True,False,True,False,False,False,False,False,1
0.01470588235294118,0.1759656652360515,1,4,0.9821428571428572,1,1,False,False,True,False,True,False,False,False,False,False,False,False,False,False,False,True,False,False,False,False,False,False,True,False,False,True,False,False,False,False,False,False,False,True,True,False,True,False,False,False,False,0
0.2941176470588235,0.6095521074061846,2,3,0.17857142857142855,2,1,True,False,False,False,True,False,False,False,True,False,False,False,False,False,False,False,False,False,False,False,False,True,False,False,False,True,False,True,False,False,True,False,False,False,True,False,False,False,True,True,False,1
0.029411764705882346,0.08924837680202487,4,4,0.30357142857142855,3,1,False,False,False,False,False,False,True,False,False,True,False,False,False,False,False,False,False,False,False,False,False,False,False,False,False,True,False,False,False,False,False,True,False,True,False,True,False,False,True,True,False,0
0.2941176470588235,0.09948277759436558,4,2,0.25000000000000006,2,1,False,False,True,False,False,False,True,False,False,False,False,False,True,False,False,False,False,False,False,False,False,True,False,False,False,False,False,False,False,False,False,False,False,True,True,False,False,True,False,True,False,0
0.07352941176470588,0.1037746230879278,3,2,0.10714285714285715,1,1,False,False,False,False,True,False,False,False,False,True,False,False,False,False,False,False,False,False,False,False,False,True,False,False,False,True,False,False,False,False,False,False,False,True,True,False,False,True,False,False,False,0
0.1176470588235294,0.06789919665456146,2,1,0.10714285714285715,1,1,True,False,False,False,True,False,False,False,False,False,True,False,False,False,False,False,False,False,False,True,False,True,False,False,False,False,True,False,False,False,False,False,False,True,True,False,False,True,False,True,False,1
0.029411764705882346,0.022559700671288655,2,4,0.07142857142857145,1,1,False,False,True,False,True,False,False,False,False,False,False,False,True,False,False,False,False,True,False,False,False,False,True,False,False,False,True,False,False,False,False,False,False,True,False,False,True,False,False,False,False,0
0.2941176470588235,0.05705953560030813,4,4,0.32142857142857145,2,1,False,False,True,False,False,False,True,False,False,False,False,False,False,False,False,False,False,False,True,False,False,False,False,True,True,False,False,False,False,False,False,False,False,True,True,False,False,True,False,True,False,0
0.5588235294117647,0.17299438758666227,4,4,0.8214285714285714,2,1,False,False,False,False,False,False,True,False,False,False,False,False,True,False,False,False,False,False,False,False,False,False,False,False,False,True,False,True,False,False,True,False,False,True,True,False,False,False,False,False,False,0
0.1176470588235294,0.019753494002421042,4,1,0.125,1,1,False,True,False,True,False,False,False,False,False,False,False,False,False,False,False,True,False,False,False,False,True,False,False,False,True,False,False,False,False,False,False,False,False,True,True,False,False,False,False,False,False,1
0.1176470588235294,0.08990866072411137,4,4,0.35714285714285715,1,1,False,False,True,False,True,False,False,False,False,False,False,False,False,False,False,False,False,False,False,False,False,False,False,True,False,True,False,False,False,False,True,False,False,True,True,False,False,False,True,True,False,0
0.1176470588235294,0.07538241443820842,2,3,0.19642857142857145,1,1,False,False,False,False,True,False,False,False,False,True,False,False,False,False,False,False,False,False,False,False,False,True,False,False,True,False,False,True,False,True,False,False,False,True,True,False,False,True,False,False,False,0
0.23529411764705882,0.13090128755364808,2,3,0.17857142857142855,2,1,True,False,False,False,False,True,False,False,True,False,False,False,False,False,False,False,False,False,False,False,False,True,False,False,False,True,False,False,False,False,True,False,False,False,True,False,False,True,False,True,False,0
0.1176470588235294,0.02580609662154727,4,4,0.39285714285714285,1,2,False,False,True,False,True,False,False,False,False,False,False,False,False,True,False,False,False,False,False,False,False,False,False,True,False,True,False,False,False,False,True,False,False,False,True,False,True,False,False,False,False,1
0.6470588235294117,0.2666446572025971,2,3,0.19642857142857145,1,1,True,False,False,False,False,False,True,False,False,True,False,False,False,False,False,False,False,False,False,False,False,True,False,False,True,False,False,False,False,False,True,False,False,True,True,False,False,False,True,True,False,1
0.07352941176470588,0.05469351821283151,4,4,0.39285714285714285,2,1,False,False,True,False,False,False,True,False,False,False,False,False,False,True,False,False,False,False,False,True,False,False,False,True,True,False,False,False,False,True,False,False,False,True,False,False,True,False,False,False,False,0
0.47058823529411764,0.08759766699680863,4,4,0.26785714285714285,1,1,False,False,False,False,True,False,False,False,False,False,False,False,False,False,False,False,False,False,False,False,True,False,False,False,True,False,False,False,False,False,True,False,False,True,True,False,False,True,False,True,False,1
0.044117647058823525,0.12798503356443272,2,2,0.28571428571428575,1,1,True,False,False,False,True,False,False,False,False,False,True,False,False,False,False,False,False,False,False,False,False,True,False,False,False,True,False,False,True,False,False,False,False,True,True,False,False,True,False,False,False,0
0.1176470588235294,0.06459777704412897,3,4,0.6428571428571428,1,1,False,True,False,False,True,False,False,False,False,True,False,False,False,False,False,False,False,False,False,True,False,False,False,True,True,False,False,False,False,False,False,False,False,True,True,False,False,False,True,True,False,0
0.16176470588235292,0.06943985913942995,3,3,0.75,2,1,True,False,False,False,False,True,False,False,False,False,False,False,True,False,False,False,False,False,True,False,False,True,False,False,False,False,True,False,False,True,False,False,True,False,True,False,False,True,False,False,False,1
0.47058823529411764,0.594475624518543,4,2,0.19642857142857145,1,1,False,False,True,False,False,False,True,True,False,False,False,False,False,False,False,False,False,False,False,True,False,True,False,False,False,True,False,False,False,False,True,False,False,True,True,False,False,False,True,True,False,0
0.029411764705882346,0.014746340926598437,3,1,0.17857142857142855,1,1,False,False,True,False,True,False,False,False,False,False,True,False,False,False,False,False,False,False,False,False,False,True,False,False,True,False,False,False,False,False,False,False,False,True,True,False,False,True,False,False,False,0
0.1176470588235294,0.1380543633762518,2,4,0.26785714285714285,2,1,False,False,True,False,False,False,False,False,False,True,False,False,False,False,False,False,False,False,False,False,False,False,False,True,False,True,False,False,False,True,False,False,False,True,True,False,False,True,False,False,False,0
0.2941176470588235,0.13315725762077696,4,4,0.28571428571428575,1,1,False,False,True,False,True,False,False,True,False,False,False,False,False,False,False,False,False,False,False,False,False,False,False,True,False,True,False,False,False,False,True,False,False,True,True,False,False,False,True,True,False,0
0.2941176470588235,0.2512930560140861,2,3,0.21428571428571425,1,1,False,False,False,False,True,False,False,False,False,False,False,False,False,False,False,False,False,False,False,False,False,False,True,False,False,True,False,True,False,True,False,False,False,True,True,False,False,True,False,True,False,1
0.2941176470588235,0.1336524705623418,4,1,0.17857142857142855,1,1,False,False,True,False,True,False,False,True,False,False,False,False,False,False,False,False,False,False,False,False,True,False,False,False,True,False,False,False,False,False,False,True,False,True,True,False,False,False,True,True,False,0
0.10294117647058824,0.2011114779355123,2,2,0.30357142857142855,2,2,False,False,False,False,False,False,True,False,False,False,False,False,False,False,False,False,False,False,False,False,False,True,False,False,False,True,False,False,False,False,False,False,False,True,False,False,False,True,False,False,False,0
0.1176470588235294,0.17255419830527127,3,4,0.28571428571428575,1,1,False,False,False,False,True,False,False,True,False,False,False,False,False,False,False,False,False,False,False,False,False,False,False,True,False,True,False,False,False,False,False,True,False,True,False,True,False,True,False,True,False,1
0.029411764705882346,0.005117200396170352,4,1,0.14285714285714285,1,1,False,False,False,False,True,False,False,False,False,False,False,True,False,False,False,False,False,False,False,False,True,False,False,False,True,False,False,False,False,False,False,False,False,True,True,False,False,True,False,False,False,0
0.20588235294117646,0.239022779795312,3,2,0.23214285714285715,1,1,False,False,True,False,True,False,False,False,False,False,True,False,False,False,False,False,False,False,False,False,True,False,False,False,False,True,False,False,False,False,True,False,False,True,True,False,False,True,False,True,False,0
0.47058823529411764,0.18542973478595798,1,2,0.32142857142857145,1,2,False,False,False,False,True,False,False,False,False,True,False,False,False,False,False,False,False,False,False,False,False,True,False,False,False,True,False,False,True,True,False,False,False,True,True,False,False,True,False,False,False,0
0.16176470588235292,0.08093980411576977,2,3,0.30357142857142855,1,1,False,False,False,False,True,False,False,False,False,False,False,False,False,False,False,False,False,False,False,False,True,False,False,False,False,True,False,False,False,False,False,False,False,True,True,False,False,True,False,False,False,0
0.1176470588235294,0.1522504677011115,3,1,0.26785714285714285,1,1,True,False,False,False,True,False,False,False,False,True,False,False,False,False,False,False,False,False,False,False,True,False,False,False,True,False,False,False,False,False,False,False,False,True,False,False,False,False,True,False,False,0
0.1176470588235294,0.027731924727632886,4,4,0.33928571428571425,2,1,True,False,False,False,True,False,False,False,False,False,False,False,False,False,True,False,False,False,False,True,False,False,False,True,False,True,False,False,False,True,False,False,False,True,True,False,False,True,False,False,False,0
0.20588235294117646,0.0935402222955871,4,1,0.26785714285714285,2,1,False,False,True,False,True,False,False,False,False,False,False,False,False,False,False,True,False,False,False,False,False,False,True,False,False,True,False,False,False,False,True,False,True,False,True,False,False,True,False,True,False,0
0.2941176470588235,0.14713326730494114,3,4,0.7857142857142858,1,2,False,False,False,False,True,False,False,True,False,False,False,False,False,False,False,False,False,False,False,False,False,True,False,False,False,True,False,False,True,False,False,True,False,False,True,False,False,True,False,True,False,0
0.2941176470588235,0.07752833718498954,4,2,0.17857142857142855,1,1,False,False,False,False,False,True,False,False,False,False,True,False,False,False,False,False,False,False,False,False,True,False,False,False,True,False,False,False,False,False,True,False,False,True,False,False,True,False,False,True,False,1
0.6470588235294117,0.3845053372950369,3,3,0.23214285714285715,2,2,False,False,True,False,False,True,False,False,False,False,True,False,False,False,False,False,False,False,False,True,False,False,False,True,False,True,False,False,False,False,True,False,False,False,True,False,False,True,False,False,False,0
0.4264705882352941,0.13832948167712117,2,2,0.125,2,1,False,False,True,False,False,True,False,False,False,False,False,False,False,False,False,True,False,False,False,False,False,True,False,False,True,False,False,False,False,False,True,False,False,True,True,False,False,True,False,True,False,0
0.2941176470588235,0.24369979091009136,3,3,0.28571428571428575,2,1,False,False,True,False,False,True,False,True,False,False,False,False,False,False,False,False,False,False,False,False,False,False,True,False,False,True,False,False,False,False,True,False,False,True,True,False,True,False,False,True,False,0
0.2941176470588235,0.15637724221415208,3,2,0.0535714285714286,1,1,True,False,False,False,True,False,False,False,False,False,True,False,False,False,False,False,True,False,False,False,True,False,False,False,False,False,True,False,False,False,True,False,False,True,False,False,False,True,False,True,False,1
0.029411764705882346,0.010894684714427203,4,4,0.07142857142857145,1,1,False,False,False,False,True,False,False,False,False,False,False,False,False,True,False,False,False,False,False,False,True,False,False,False,True,False,False,False,False,True,False,False,False,True,True,False,False,True,False,False,False,1
0.07352941176470588,0.022229558710245404,4,3,0.16071428571428575,1,1,False,False,False,False,True,False,False,False,False,False,False,False,False,False,False,False,False,False,False,False,False,True,False,False,False,True,False,False,False,False,True,False,False,True,True,False,True,False,False,False,False,1
0.029411764705882346,0.05436337625178826,4,4,0.30357142857142855,1,2,False,False,True,False,True,False,False,False,False,False,False,False,False,False,True,False,False,False,False,True,False,False,False,False,False,True,False,False,False,True,False,False,False,True,True,False,False,False,True,True,False,0
0.20588235294117646,0.05474854187300539,4,2,0.25000000000000006,1,1,True,False,False,False,False,False,True,False,False,False,True,False,False,False,False,False,False,False,False,False,False,True,False,False,False,False,True,False,False,False,True,False,False,True,True,False,False,True,False,False,False,1
0.20588235294117646,0.15758776273797734,1,4,0.125,1,1,False,False,False,False,False,False,False,False,False,True,False,False,False,False,False,False,False,False,False,False,True,False,False,False,True,False,False,False,False,True,False,False,False,True,False,False,False,True,False,False,False,1
0.5147058823529411,0.1275998679432156,4,4,0.0892857142857143,1,1,False,False,True,False,True,False,False,True,False,False,False,False,False,False,False,False,False,True,False,False,False,True,False,False,False,True,False,False,False,False,True,False,False,True,True,False,False,True,False,False,False,0
0.2941176470588235,0.2697259821723341,4,2,0.10714285714285715,1,1,False,True,False,False,True,False,False,False,False,False,True,False,False,False,False,False,False,False,False,False,False,False,True,False,False,True,False,False,False,False,True,False,False,False,True,False,False,True,False,False,False,0
0.1176470588235294,0.04330362055683944,3,4,0.35714285714285715,1,1,True,False,False,False,True,False,False,False,False,False,False,False,False,False,False,True,True,False,False,False,False,False,True,False,False,True,False,False,False,False,False,False,False,True,True,False,True,False,False,False,False,0
0.16176470588235292,0.0675690546935182,4,4,0.44642857142857145,2,2,False,False,False,False,False,False,True,False,False,True,False,False,False,False,False,False,False,False,False,False,False,False,False,True,False,True,False,False,False,False,True,False,False,True,True,False,False,True,False,True,False,0
0.1176470588235294,0.18284362275778587,1,1,0.07142857142857145,1,1,True,False,False,False,False,False,True,False,False,False,True,False,False,False,False,False,False,False,False,False,False,True,False,False,True,False,False,False,False,False,False,False,False,True,True,False,True,False,False,False,False,0
0.2941176470588235,0.052327500825354895,4,1,0.125,1,1,True,False,False,False,True,False,False,False,False,False,False,False,False,False,False,False,False,False,False,False,True,False,False,False,False,True,False,False,False,True,False,False,False,True,True,False,False,True,False,False,False,0
0.38235294117647056,0.18553978210630573,4,4,0.6785714285714286,2,1,False,False,False,False,True,False,False,False,False,True,False,False,False,False,False,False,False,False,True,False,False,False,False,True,True,False,False,False,False,True,False,False,False,True,False,False,False,True,False,True,False,0
0.16176470588235292,0.03906679872345109,3,2,0.19642857142857145,2,1,False,False,True,False,False,True,False,False,False,True,False,False,False,False,False,False,False,False,True,False,False,False,True,False,True,False,False,False,False,True,False,False,False,True,True,False,False,True,False,False,False,0
0.1176470588235294,0.05023660173874765,4,4,0.44642857142857145,1,1,False,False,True,False,False,False,True,False,False,False,False,False,False,False,False,False,False,True,False,False,False,True,False,False,False,True,False,False,False,False,False,False,False,True,True,False,False,True,False,True,False,0
0.029411764705882346,0.052767690106745896,4,4,0.49999999999999994,1,1,True,False,False,False,False,True,False,False,False,False,False,False,False,False,False,False,False,False,False,False,False,False,False,False,False,True,False,False,False,True,False,False,False,True,True,False,False,False,True,True,False,1
0.1176470588235294,0.15555188731154398,2,4,0.5892857142857142,1,1,False,False,True,False,True,False,False,False,False,False,True,False,False,False,False,False,False,False,False,False,False,True,False,False,False,True,False,False,False,False,True,False,False,True,True,False,False,True,False,True,False,0
0.2941176470588235,0.19296797622977882,4,4,0.7678571428571428,1,1,False,False,True,False,True,False,False,False,False,False,False,False,False,False,False,False,False,False,False,False,False,False,False,True,True,False,False,True,False,False,False,True,False,True,False,True,False,True,False,True,False,0
0.08823529411764706,0.06426763508308572,3,2,0.28571428571428575,1,1,False,False,True,False,True,False,False,False,False,False,False,False,False,False,False,False,True,False,False,False,False,True,False,False,False,True,False,False,False,False,False,False,False,True,False,False,True,False,False,False,True,0
0.029411764705882346,0.17981732144822274,2,3,0.125,1,1,False,False,True,False,True,False,False,False,False,False,False,False,False,False,False,False,False,False,False,False,False,True,False,False,False,True,False,False,True,True,False,False,False,True,False,False,False,True,False,False,False,0
0.1176470588235294,0.0926598437328051,2,2,0.125,2,1,False,False,True,False,False,False,True,False,False,False,True,False,False,False,False,False,False,False,False,False,False,False,False,True,False,True,False,False,False,False,False,True,False,True,True,False,False,True,False,False,False,0
0.338235294117647,0.4439308902828216,2,4,0.41071428571428575,2,1,True,False,False,False,False,False,False,False,False,False,False,False,False,False,False,True,False,False,False,False,False,False,False,True,True,False,False,False,False,False,False,True,False,True,False,True,False,False,True,True,False,1
0.029411764705882346,0.05430835259161439,1,1,0.14285714285714285,2,1,False,False,True,False,False,False,True,False,False,False,True,False,False,False,False,False,True,False,False,False,False,True,False,False,True,False,False,False,False,True,False,False,False,True,True,False,False,True,False,False,False,0
0.029411764705882346,0.0064927919005172245,4,4,0.33928571428571425,1,1,True,False,False,False,True,False,False,False,False,False,True,False,False,False,False,False,False,False,False,True,False,False,False,True,False,True,False,False,False,True,False,False,False,True,True,False,False,True,False,False,False,0
0.1176470588235294,0.10300429184549356,3,2,0.35714285714285715,2,2,False,False,False,False,False,False,True,False,False,False,False,False,False,False,False,False,False,False,False,False,False,True,False,False,False,True,False,False,False,False,False,False,False,True,False,False,True,False,False,False,True,0
0.2941176470588235,0.15109497083746012,2,4,0.01785714285714285,1,1,False,False,False,False,True,False,False,False,False,True,False,False,False,False,False,False,False,False,False,True,False,True,False,False,False,False,True,False,False,False,True,False,False,True,True,False,False,True,False,False,False,1
0.47058823529411764,0.48332783096731596,4,1,0.17857142857142855,1,1,True,False,False,False,True,False,False,False,False,True,False,False,False,False,False,False,True,False,False,False,True,False,False,False,False,True,False,True,False,False,False,True,False,True,False,False,False,False,True,True,False,1
0.2941176470588235,0.0734565863321228,4,3,0.37499999999999994,2,1,False,False,True,False,False,False,True,False,False,True,False,False,False,False,False,False,False,False,False,False,False,False,True,False,False,True,False,False,False,True,False,False,False,True,True,False,False,True,False,False,False,0
0.20588235294117646,0.05782986684274238,4,2,0.23214285714285715,1,1,True,False,False,False,True,False,False,False,False,False,True,False,False,False,False,False,False,False,False,False,False,False,False,True,False,False,True,False,True,False,False,False,False,True,True,False,True,False,False,False,False,0
0.029411764705882346,0.05904038736656762,2,4,0.16071428571428575,2,2,False,True,False,False,False,False,True,False,False,False,False,False,False,False,False,False,True,False,False,False,False,False,False,True,False,False,False,False,False,False,True,False,False,True,True,False,False,True,False,True,False,0
0.2941176470588235,0.15808297567954221,4,1,0.14285714285714285,1,1,False,False,False,False,True,False,False,False,False,False,False,False,False,False,False,False,False,False,False,False,True,False,False,False,True,False,False,False,False,True,False,False,False,True,True,False,False,True,False,False,False,1
0.47058823529411764,0.2884890502916254,2,4,0.41071428571428575,1,2,False,False,False,False,True,False,False,True,False,False,False,False,False,False,False,False,False,False,False,False,False,False,False,True,False,True,False,False,False,False,False,True,False,True,False,True,False,True,False,False,False,0
0.07352941176470588,0.0482007263123143,2,4,0.5357142857142858,1,1,False,True,False,False,True,False,False,False,False,False,True,False,False,False,False,False,True,False,False,False,False,False,False,True,False,False,False,False,False,False,False,False,False,True,True,False,False,True,False,False,False,0
0.2941176470588235,0.05315285572796302,4,4,0.33928571428571425,2,2,True,False,False,False,False,False,True,False,False,False,True,False,False,False,False,False,True,False,False,False,True,False,False,False,False,True,False,False,False,False,False,True,False,False,True,False,False,True,False,False,False,1
0.2941176470588235,0.052657642786398146,4,4,0.0892857142857143,1,1,False,False,False,False,True,False,False,False,False,False,False,False,False,False,False,False,False,False,False,False,True,False,False,False,True,False,False,False,False,True,False,False,False,True,False,False,False,True,False,False,False,1
0.08823529411764706,0.05827005612413337,4,4,0.14285714285714285,1,1,False,False,True,False,True,False,False,False,False,False,False,False,False,False,False,False,False,False,False,True,False,True,False,False,False,True,False,False,True,True,False,False,False,True,True,False,True,False,False,False,False,1
0.16176470588235292,0.11609992296687575,2,2,0.30357142857142855,1,1,False,True,False,False,False,False,True,True,False,False,False,False,False,False,False,False,False,True,False,False,False,True,False,False,False,True,False,False,False,False,True,False,False,True,True,False,False,True,False,True,False,0
0.16176470588235292,0.3631561571475735,1,2,0.26785714285714285,1,2,True,False,False,True,False,False,False,False,False,False,False,False,False,False,False,False,True,False,False,False,False,False,False,False,False,True,False,False,False,True,False,False,False,True,True,False,False,False,True,True,False,1
0.2941176470588235,0.06399251678221635,4,2,0.16071428571428575,1,1,False,False,True,False,True,False,False,False,False,False,True,False,False,False,False,False,False,False,False,False,False,True,False,False,False,False,True,False,False,True,False,False,False,True,True,False,False,True,False,False,False,0
0.5147058823529411,0.4587872785297678,4,2,0.46428571428571425,1,1,False,False,True,False,True,False,False,True,False,False,False,False,False,False,False,False,True,False,False,False,False,False,False,True,False,True,False,False,False,False,True,False,False,True,True,False,False,False,True,True,False,0
0.1176470588235294,0.028007043028502255,4,2,0.125,1,1,False,False,False,False,True,False,False,False,False,False,False,False,False,False,False,False,False,False,False,False,False,False,True,False,False,True,False,False,False,False,False,False,False,True,True,False,False,True,False,False,False,1
0.47058823529411764,0.24408495653130846,2,2,0.23214285714285715,1,1,False,False,True,False,True,False,False,True,False,False,False,False,False,False,False,False,False,False,False,False,False,True,False,False,False,True,False,False,False,False,False,True,False,True,False,True,False,False,True,True,False,0
0.16176470588235292,0.1340926598437328,2,4,0.125,1,1,False,True,False,False,True,False,False,False,False,False,False,False,False,False,False,True,False,False,False,False,False,False,True,False,False,True,False,False,False,True,False,False,False,True,False,False,False,True,False,True,False,0
0.1176470588235294,0.018432926158248045,4,4,0.01785714285714285,2,1,True,False,False,False,False,True,False,False,False,False,True,False,False,False,False,False,False,False,False,False,False,True,False,False,False,False,True,True,False,False,False,False,False,True,False,False,False,True,False,False,False,0
0.2941176470588235,0.1103224386486189,4,1,0.625,1,1,False,False,True,False,True,False,False,False,False,False,False,False,False,False,False,False,False,False,False,True,True,False,False,False,False,True,False,False,False,True,False,False,False,True,True,False,False,True,False,False,False,0
0.029411764705882346,0.019753494002421042,4,3,0.32142857142857145,2,1,False,False,False,False,False,False,True,False,False,False,False,False,False,False,False,False,False,False,False,False,False,False,True,False,True,False,False,False,False,True,False,False,False,True,True,False,False,True,False,False,True,0
0.029411764705882346,0.061131286453174866,2,4,0.37499999999999994,1,2,False,False,False,False,False,False,True,False,False,False,False,False,False,False,False,False,False,False,False,False,True,False,False,False,False,True,False,False,False,False,False,False,False,True,True,False,True,False,False,False,True,0
0.47058823529411764,0.37839771101573677,2,4,0.07142857142857145,2,1,False,False,True,False,False,False,True,False,False,True,False,False,False,False,False,False,False,False,False,False,True,False,False,False,True,False,False,False,False,True,False,False,False,True,False,False,False,True,False,True,False,1
0.029411764705882346,0.052437548145702645,3,2,0.42857142857142855,1,1,False,False,False,False,True,False,False,False,False,False,False,False,False,False,False,False,True,False,False,False,False,False,False,True,False,True,False,False,False,True,False,False,False,True,True,False,False,True,False,True,False,0
0.029411764705882346,0.024760647078243648,4,4,0.30357142857142855,2,1,False,False,True,False,False,False,True,False,False,False,True,False,False,False,False,False,False,False,False,True,False,False,False,True,False,True,False,False,False,False,False,True,False,True,False,True,False,True,False,False,False,0
0.2941176470588235,0.28925938153405967,3,4,0.44642857142857145,2,1,False,False,True,False,False,False,True,False,False,False,False,False,True,False,False,False,False,False,False,False,False,False,False,True,False,True,False,False,False,False,False,True,False,True,False,True,False,True,False,False,False,0
0.20588235294117646,0.16176956091119182,2,2,0.0892857142857143,1,1,False,False,False,False,True,False,False,False,False,False,True,False,False,False,False,False,False,False,False,False,False,True,False,False,True,False,False,False,False,False,False,False,False,True,True,False,False,True,False,False,False,1
0.6470588235294117,0.37795752173434577,3,4,0.6071428571428572,2,2,False,False,False,False,False,False,False,False,False,True,False,False,False,False,False,False,False,False,False,False,False,True,False,False,False,True,False,False,False,False,False,True,False,True,False,True,False,True,False,False,False,1
0.2941176470588235,0.1781666116430065,3,4,0.07142857142857145,1,1,False,False,True,False,True,False,False,True,False,False,False,False,False,False,False,False,True,False,False,False,False,False,True,False,True,False,False,False,False,False,True,False,False,True,True,False,False,True,False,False,False,0
0.20588235294117646,0.04748541873005392,4,4,0.125,1,2,True,False,False,False,True,False,False,False,False,False,True,False,False,False,False,False,False,False,False,False,False,True,False,False,True,False,False,False,True,False,False,False,False,True,True,False,True,False,False,False,False,0
0.32352941176470584,0.42456256190161773,2,3,0.19642857142857145,2,1,True,False,False,False,True,False,False,True,False,False,False,False,False,False,False,False,False,False,False,False,True,False,False,False,False,True,False,False,False,False,True,False,False,True,True,False,False,True,False,False,False,0
0.16176470588235292,0.07054033234290745,4,3,0.21428571428571425,1,1,False,False,True,False,False,False,True,False,False,False,False,False,False,True,False,False,True,False,False,False,False,True,False,False,True,False,False,False,False,False,True,False,False,True,True,False,False,True,False,False,False,0
0.0,0.06894464619786508,2,1,0.41071428571428575,2,2,False,False,True,False,False,False,True,False,False,False,True,False,False,False,False,False,False,False,False,False,False,False,True,False,False,True,False,False,False,False,False,False,False,True,True,False,True,False,False,False,False,0
0.47058823529411764,0.11290855067679102,4,4,0.21428571428571425,1,1,False,False,False,False,True,False,False,False,False,False,True,False,False,False,False,False,False,False,False,False,False,True,False,False,False,False,False,False,False,False,True,False,False,True,False,False,False,True,False,False,False,1
0.029411764705882346,0.022669747991636405,3,4,0.39285714285714285,1,2,False,False,False,False,True,False,False,False,False,False,False,False,False,False,False,False,False,False,False,False,True,False,False,False,False,True,False,False,False,False,False,False,False,True,True,False,True,False,False,True,False,0
0.47058823529411764,0.11131286453174864,3,1,0.23214285714285715,2,2,True,False,False,False,True,False,False,False,False,False,False,False,False,True,False,False,False,False,False,False,False,False,True,False,False,True,False,False,False,False,True,False,False,True,True,False,False,True,False,False,False,0
0.16176470588235292,0.13101133487399583,2,4,0.16071428571428575,2,1,True,False,False,False,True,False,False,False,False,False,False,False,False,False,False,False,True,False,False,False,False,True,False,False,True,False,False,False,False,False,True,False,False,True,False,False,False,True,False,True,False,1
0.1176470588235294,0.06894464619786508,4,4,0.39285714285714285,1,1,False,False,True,False,False,True,False,True,False,False,False,False,False,False,False,False,False,False,False,False,False,True,False,False,False,False,True,False,False,False,False,False,False,True,False,False,False,True,False,False,False,0
0.2941176470588235,0.05838010344448112,4,3,0.125,1,1,False,False,True,False,True,False,False,False,False,False,True,False,False,False,False,False,True,False,False,False,False,False,True,False,False,False,True,False,False,True,False,False,False,True,True,False,False,True,False,True,False,0
0.2941176470588235,0.15709254979641246,4,2,0.10714285714285715,2,1,False,False,True,False,True,False,False,False,False,False,True,False,False,False,False,False,False,False,False,True,True,False,False,False,False,True,False,False,False,False,True,False,False,True,True,False,False,True,False,False,False,0
0.25,0.1138439528997469,2,1,0.25000000000000006,1,1,False,True,False,False,False,False,True,False,False,False,False,False,False,True,False,False,False,False,False,False,True,False,False,False,False,False,False,False,False,False,True,False,False,True,False,False,False,True,False,False,False,1
0.029411764705882346,0.06184659403543523,4,3,1.0,1,1,False,False,False,False,True,False,False,False,False,False,False,False,False,False,False,False,False,False,False,True,False,False,False,False,True,False,False,False,False,True,False,False,False,True,True,False,False,False,True,True,False,0
0.20588235294117646,0.18498954550456698,3,4,0.32142857142857145,1,1,True,False,False,False,False,False,True,False,False,True,False,False,False,False,False,False,False,False,False,False,False,False,False,True,True,False,False,False,False,True,False,False,False,True,True,False,False,True,False,True,False,0
0.6470588235294117,0.41339275888632115,4,4,0.41071428571428575,1,1,False,False,False,False,True,False,False,False,False,False,False,False,False,False,False,False,False,False,False,False,False,False,False,True,False,True,False,False,False,False,False,True,False,False,False,True,False,False,True,False,False,1
0.20588235294117646,0.15401122482667548,1,1,0.46428571428571425,1,1,False,True,False,False,True,False,False,False,False,True,False,False,False,False,False,False,False,False,False,False,True,False,False,False,True,False,False,False,False,True,False,False,True,False,True,False,True,False,False,False,False,0
0.1176470588235294,0.0706503796632552,1,1,0.07142857142857145,1,1,True,False,False,False,True,False,False,False,False,False,True,False,False,False,False,False,False,False,False,False,True,False,False,False,False,False,True,False,False,False,False,False,False,True,False,False,False,True,False,False,False,1
0.2941176470588235,0.09805216242984482,4,4,0.7321428571428572,2,1,False,False,True,False,False,True,False,False,False,False,False,False,False,False,False,False,False,False,False,False,False,False,False,True,False,True,False,False,False,False,False,True,False,True,False,True,False,True,False,True,False,0
0.38235294117647056,0.33564432706063607,4,4,0.21428571428571425,1,1,False,False,False,False,True,False,False,False,False,True,False,False,False,False,False,False,False,False,False,True,False,False,False,True,False,True,False,False,False,True,False,False,False,True,True,False,False,True,False,False,False,1
0.20588235294117646,0.14383184769450866,2,1,0.26785714285714285,1,2,False,True,False,False,True,False,False,False,False,True,False,False,False,False,False,False,False,False,False,False,False,True,False,False,False,True,False,False,False,False,False,False,False,True,True,False,True,False,False,False,False,1
0.1176470588235294,0.05529877847474414,4,4,0.75,2,1,False,False,True,False,False,False,True,False,False,False,False,False,False,False,False,False,False,False,False,False,False,False,False,True,False,True,False,False,False,False,False,False,False,True,True,False,True,False,False,False,False,0
0.2941176470588235,0.059590623968306375,4,2,0.42857142857142855,2,2,False,False,False,False,False,True,False,False,False,False,False,False,False,False,False,False,False,False,False,False,False,False,False,False,False,True,False,False,False,False,False,False,False,True,False,True,False,True,False,False,False,1
0.2941176470588235,0.09750192582810609,4,4,0.32142857142857145,1,1,False,False,True,False,False,False,True,False,False,False,False,False,False,False,False,False,False,False,False,False,False,True,False,False,True,False,False,False,False,False,True,False,False,True,True,False,False,True,False,True,False,0
0.2941176470588235,0.07164080554638494,3,1,0.23214285714285715,1,2,False,False,True,False,True,False,False,False,False,False,True,False,False,False,False,False,False,False,False,False,False,False,True,False,False,True,False,False,False,False,True,False,False,False,True,False,False,True,False,False,False,0
0.1176470588235294,0.020688896225376913,4,4,0.0892857142857143,1,1,False,False,False,True,False,False,False,False,False,False,True,False,False,False,False,False,False,False,False,False,False,True,False,False,True,False,False,False,False,False,False,False,False,False,True,False,True,False,False,False,False,1
0.6470588235294117,0.473643666776714,2,1,0.28571428571428575,2,1,False,False,True,False,False,False,True,True,False,False,False,False,False,False,False,False,False,False,False,True,False,False,True,False,False,True,False,False,False,False,False,True,False,True,False,True,False,True,False,True,False,0
0.1176470588235294,0.04104765048971058,4,4,0.07142857142857145,2,1,False,False,True,False,False,False,True,False,False,False,False,False,True,False,False,False,False,False,False,True,False,False,True,False,True,False,False,False,False,False,False,False,False,True,True,False,False,True,False,False,False,0
0.029411764705882346,0.08253549026081215,2,4,0.46428571428571425,1,2,False,False,True,True,False,False,False,False,False,False,True,False,False,False,False,False,False,True,False,False,False,False,False,True,False,True,False,False,False,True,False,False,False,False,True,False,True,False,False,False,False,0
0.6470588235294117,0.3713546825134808,1,1,0.26785714285714285,2,1,False,False,False,False,True,False,False,False,False,False,True,False,False,False,False,False,False,False,False,False,False,False,True,False,False,False,True,False,True,False,False,False,False,True,True,False,False,True,False,True,False,1
0.1176470588235294,0.09601628700341147,4,1,0.14285714285714285,1,1,True,False,False,False,False,False,True,False,False,False,False,False,False,False,False,False,True,False,False,False,True,False,False,False,False,True,False,False,False,False,True,False,False,True,True,False,False,True,False,False,False,0
0.07352941176470588,0.052217453505007144,4,4,0.8571428571428572,2,1,True,False,False,False,True,False,False,False,False,False,False,False,False,True,False,False,False,False,False,False,False,False,True,False,True,False,False,False,False,True,False,False,False,True,True,False,False,False,True,True,False,0
0.1176470588235294,0.059480576647958625,2,1,0.0535714285714286,1,1,True,False,False,False,True,False,False,False,False,False,True,False,False,False,False,False,False,False,False,False,True,False,False,False,False,True,False,False,False,False,True,False,True,False,True,False,False,True,False,False,False,1
0.20588235294117646,0.11158798283261802,3,3,0.16071428571428575,2,1,True,False,False,False,False,False,False,False,False,False,False,False,False,False,False,False,True,False,False,False,True,False,False,False,True,False,False,False,False,False,True,False,False,True,True,False,False,True,False,False,False,1
0.25,0.26152745680642675,1,4,0.17857142857142855,2,1,False,False,True,False,False,False,False,False,False,False,False,False,False,False,False,False,False,False,False,True,False,True,False,False,True,False,False,False,False,True,False,False,False,False,True,False,False,True,False,True,False,1
0.2941176470588235,0.1816881258941345,3,4,0.14285714285714285,1,1,False,False,False,True,False,False,False,False,False,True,False,False,False,False,False,False,False,False,False,False,False,False,True,False,False,True,False,False,False,False,True,False,False,False,True,False,False,True,False,False,False,1
0.20588235294117646,0.09232970177176185,2,2,0.21428571428571425,2,1,True,False,False,False,False,False,True,False,False,True,False,False,False,False,False,False,False,False,False,False,True,False,False,False,False,True,False,False,False,False,False,False,False,True,True,False,True,False,False,False,False,1
0.2941176470588235,0.14933421371189612,4,4,0.5357142857142858,1,2,False,False,False,False,True,False,False,True,False,False,False,False,False,False,False,False,False,False,False,True,False,False,False,True,False,True,False,False,False,False,False,True,False,False,False,True,False,True,False,True,False,0
0.2941176470588235,0.07131066358534169,4,4,0.0892857142857143,1,1,False,False,False,True,False,False,False,False,False,False,True,False,False,False,False,False,False,False,False,False,False,False,True,False,False,True,False,False,True,False,True,False,False,False,False,False,True,False,False,False,False,1
0.029411764705882346,0.023825244855287777,2,1,0.17857142857142855,1,1,False,True,False,False,False,True,False,False,False,False,True,False,False,False,False,False,False,False,False,False,True,False,False,False,True,False,False,False,False,True,False,False,False,False,True,False,False,True,False,False,False,0
0.47058823529411764,0.6679322108506658,1,4,0.32142857142857145,1,1,True,False,False,False,True,False,False,False,False,False,False,False,False,False,False,False,False,False,False,True,False,True,False,False,False,True,False,False,False,False,False,True,False,True,False,True,False,True,False,True,False,1
0.2941176470588235,0.24551557169582922,4,2,0.32142857142857145,2,1,True,False,False,False,False,True,False,False,False,False,False,False,False,False,False,True,False,False,False,True,False,True,False,False,False,True,False,False,False,True,False,False,False,False,True,False,False,False,True,True,False,0
0.2941176470588235,0.07169582920655881,3,2,0.07142857142857145,2,1,True,False,False,False,False,True,False,False,False,False,True,False,False,False,False,False,True,False,False,False,False,False,True,False,True,False,False,False,False,True,False,False,False,True,False,False,False,True,False,True,False,0
0.1176470588235294,0.06173654671508748,2,3,0.30357142857142855,1,1,False,False,False,False,True,False,False,False,False,False,False,False,False,False,False,False,False,False,False,False,False,False,True,False,False,False,False,False,False,False,True,False,False,True,True,False,False,True,False,False,False,1
0.2941176470588235,0.12809508088478047,2,2,0.26785714285714285,1,1,False,False,True,False,False,False,True,False,False,False,True,False,False,False,False,False,False,False,True,False,False,False,False,True,False,True,False,False,False,False,True,False,False,True,True,False,False,True,False,False,False,0
0.6470588235294117,0.20518322878837902,4,1,0.39285714285714285,2,2,True,False,False,False,True,False,False,False,False,False,True,False,False,False,False,False,False,False,False,True,False,False,True,False,False,True,False,False,False,False,True,False,False,True,True,False,False,True,False,True,False,0
0.6470588235294117,0.358093980411577,3,2,0.21428571428571425,1,1,False,False,False,False,True,False,False,False,False,False,True,False,False,False,False,False,False,False,False,False,False,True,False,False,True,False,False,False,False,False,True,False,False,True,True,False,False,True,False,True,False,1
0.2941176470588235,0.1641906019588423,4,4,0.07142857142857145,1,1,False,False,False,False,True,False,False,False,False,True,False,False,False,False,False,False,False,False,False,False,True,False,False,False,True,False,False,False,False,False,False,False,False,True,False,False,True,False,False,True,False,1
0.38235294117647056,0.3138549576317817,3,2,0.33928571428571425,1,1,False,False,True,False,False,False,True,False,False,False,True,False,False,False,False,False,False,False,False,False,False,False,True,False,False,True,False,True,False,False,True,False,False,True,True,False,False,True,False,False,False,0
0.2941176470588235,0.2851876306811929,2,4,0.125,1,1,False,False,True,False,True,False,False,True,False,False,False,False,False,False,False,False,False,False,False,True,False,False,False,False,True,False,False,False,False,True,False,False,False,True,False,False,False,False,True,True,False,0
0.16176470588235292,0.030593155056674374,4,4,0.0535714285714286,1,1,False,False,False,False,True,False,False,False,False,False,False,False,False,False,False,True,False,False,False,False,False,True,False,False,True,False,False,False,False,True,False,False,False,True,True,False,True,False,False,False,False,0
0.07352941176470588,0.045779685264663805,4,4,0.14285714285714285,2,1,True,False,False,False,True,False,False,False,False,False,True,False,False,False,False,False,False,False,False,False,False,False,False,True,False,True,False,False,False,False,True,False,False,True,True,False,True,False,False,False,False,0
0.16176470588235292,0.13965004952129417,2,3,0.0892857142857143,2,1,False,False,True,False,False,False,True,False,False,True,False,False,False,False,False,False,False,False,False,False,False,False,True,False,True,False,False,True,False,False,True,False,False,False,True,False,False,True,False,False,False,0
0.1176470588235294,0.1474634092659844,2,1,0.14285714285714285,1,1,True,False,False,False,True,False,False,False,False,False,True,False,False,False,False,False,False,False,False,False,False,False,True,False,True,False,False,False,False,False,False,False,False,True,True,False,False,True,False,False,False,0
0.2941176470588235,0.09227467811158797,3,2,0.25000000000000006,2,1,False,False,True,False,False,False,True,False,False,False,False,False,False,True,False,False,False,False,False,True,False,True,False,False,True,False,False,False,False,False,True,False,False,True,True,False,False,True,False,True,False,0
0.47058823529411764,0.14141080664685815,4,4,0.14285714285714285,2,1,True,False,False,False,False,False,True,False,False,False,False,False,False,False,False,False,False,False,False,False,True,False,False,False,False,False,False,False,False,False,True,False,False,True,True,False,False,True,False,False,False,1
0.2941176470588235,0.03780125453945196,4,3,0.14285714285714285,2,1,False,False,True,False,True,False,False,False,False,False,False,False,False,False,True,False,False,False,False,False,True,False,False,False,False,False,True,False,False,False,True,False,False,True,True,False,True,False,False,False,False,0
0.20588235294117646,0.044349070100143065,3,3,0.19642857142857145,2,1,True,False,False,False,False,False,True,False,False,False,False,False,False,False,False,False,False,False,False,False,False,False,False,True,False,True,False,False,True,False,False,False,False,False,True,False,False,True,False,False,False,1
0.1176470588235294,0.1581379993397161,1,3,0.5357142857142858,2,2,True,False,False,False,False,False,True,False,False,False,False,False,False,False,False,False,False,False,False,False,True,False,False,False,False,True,False,False,False,False,False,False,False,False,True,False,True,False,False,False,False,0
0.07352941176470588,0.06261692527786948,4,2,0.125,1,1,False,False,True,False,True,False,False,False,False,True,False,False,False,False,False,False,False,False,False,False,False,True,False,False,True,False,False,False,False,False,False,False,False,True,False,False,False,True,False,False,False,0
0.47058823529411764,0.11742049081104876,4,1,0.25000000000000006,1,1,True,False,False,False,True,False,False,False,False,False,False,False,True,False,False,False,False,False,False,False,True,False,False,False,False,True,False,False,False,False,False,True,False,True,False,False,True,False,False,False,False,1
0.1176470588235294,0.10360955210740619,4,4,0.5892857142857142,1,1,False,False,True,False,True,False,False,False,False,False,False,False,False,False,False,False,False,False,False,True,False,False,False,True,True,False,False,False,False,False,False,True,False,True,False,True,False,False,True,True,False,0
0.20588235294117646,0.09843732805106195,1,4,0.01785714285714285,1,1,False,False,False,False,True,False,False,False,False,True,False,False,False,False,False,False,False,False,False,False,False,True,False,False,True,False,False,False,False,False,False,False,False,False,False,False,False,True,False,False,False,1
0.07352941176470588,0.1402553097832068,2,2,0.30357142857142855,2,2,False,False,False,False,False,False,True,False,False,False,False,False,False,False,False,False,False,False,False,False,False,True,False,False,False,True,False,False,False,False,False,False,False,True,False,False,False,True,False,False,False,0
0.1176470588235294,0.05716958292065588,4,1,0.035714285714285754,1,1,False,False,False,False,True,False,False,False,False,True,False,False,False,False,False,False,False,False,False,False,False,True,False,False,False,True,False,False,True,True,False,False,False,True,True,False,True,False,False,False,False,0
0.20588235294117646,0.0532078793881369,4,3,0.49999999999999994,1,1,False,False,False,False,True,False,False,False,False,False,False,True,False,False,False,False,False,False,False,False,False,True,False,False,False,False,True,False,False,False,False,False,False,True,True,False,True,False,False,True,False,1
0.1176470588235294,0.10982722570705403,3,3,0.7321428571428572,2,1,False,False,False,False,False,False,True,False,False,True,False,False,False,False,False,False,False,False,False,False,False,False,False,True,False,True,False,False,False,True,False,False,False,True,True,False,False,True,False,False,False,1
0.1176470588235294,0.007428194123473095,4,3,0.6964285714285714,4,1,False,False,False,False,False,False,True,False,False,False,True,False,False,False,False,False,False,False,False,False,False,False,True,False,True,False,False,False,False,False,False,False,False,True,True,False,True,False,False,True,False,0
0.2941176470588235,0.09436557719819522,4,4,0.41071428571428575,2,1,True,False,False,False,False,True,False,False,False,False,False,False,False,False,False,False,False,False,False,True,False,True,False,False,True,False,False,False,False,False,True,False,False,True,False,False,False,True,False,True,False,0
0.25,0.07274127874986244,4,4,0.30357142857142855,1,1,False,False,True,False,True,False,False,False,False,False,False,False,False,False,False,True,False,False,True,False,False,False,False,True,True,False,False,False,False,False,False,False,False,False,True,False,True,False,False,False,False,0
0.2941176470588235,0.13579839330912294,3,4,0.01785714285714285,1,1,True,False,False,False,True,False,False,False,False,False,False,False,False,False,False,False,False,False,False,False,False,True,False,False,True,False,False,False,False,True,False,False,False,True,False,False,True,False,False,True,False,1
0.2941176470588235,0.06096621547265324,4,3,0.37499999999999994,1,1,False,False,False,True,False,False,False,False,True,False,False,False,False,False,False,False,False,False,False,True,False,False,False,True,False,True,False,False,False,False,True,False,True,False,True,False,False,False,True,True,False,1
0.029411764705882346,0.03747111257840871,1,1,0.23214285714285715,1,1,True,False,False,True,False,False,False,False,False,False,False,False,False,False,False,False,True,False,False,False,True,False,False,False,True,False,False,False,False,True,False,False,True,False,True,False,True,False,False,False,False,1
0.2941176470588235,0.06558820292725871,4,4,0.07142857142857145,2,1,False,False,False,False,True,False,False,False,False,False,False,False,False,False,False,False,False,False,False,False,False,False,True,False,True,False,False,False,False,False,True,False,False,True,False,False,False,True,False,False,False,1
0.2941176470588235,0.2195994277539342,1,4,0.30357142857142855,3,1,True,False,False,False,False,False,False,False,False,False,False,False,False,False,False,True,False,False,False,False,False,True,False,False,False,True,False,False,False,False,False,False,False,True,True,False,True,False,False,True,False,1
0.20588235294117646,0.1389347419390338,2,2,0.21428571428571425,2,1,False,False,True,False,False,False,True,False,False,False,False,False,False,False,False,False,False,False,False,False,False,False,True,False,False,True,False,False,False,True,False,False,False,False,True,False,False,True,False,False,False,1
0.2941176470588235,0.19880048420820953,1,2,0.23214285714285715,1,1,False,False,True,False,False,True,False,False,False,False,False,False,False,False,False,True,False,False,False,False,False,True,False,False,False,True,False,False,False,False,False,True,False,True,False,True,False,True,False,False,False,0
0.044117647058823525,0.11439418950148562,1,1,0.46428571428571425,1,1,True,False,False,False,True,False,False,False,False,False,True,False,False,False,False,False,False,False,False,False,True,False,False,False,True,False,False,False,True,False,False,False,False,True,True,False,False,True,False,False,False,0
0.07352941176470588,0.03675580499614835,4,1,0.19642857142857145,1,1,True,False,False,False,True,False,False,False,False,True,False,False,False,False,False,False,False,False,False,False,False,True,False,False,True,False,False,False,False,True,False,False,False,True,True,False,False,True,False,False,False,1
0.2941176470588235,0.08732254869593925,4,4,0.26785714285714285,1,1,True,False,False,True,False,False,False,False,False,False,False,False,False,True,False,False,False,False,False,False,False,False,True,False,True,False,False,False,False,False,False,True,False,False,False,True,True,False,False,False,False,1
0.47058823529411764,0.17051832287883792,4,2,0.16071428571428575,1,1,False,False,True,False,True,False,False,False,False,True,False,False,False,False,False,False,False,False,False,False,False,True,False,False,True,False,False,False,False,False,True,False,False,True,True,False,False,False,True,True,False,1
0.08823529411764706,0.05639925167822163,4,2,0.07142857142857145,1,1,False,True,False,False,True,False,False,False,False,True,False,False,False,False,False,False,False,False,False,False,True,False,False,False,True,False,False,False,False,True,False,False,False,True,True,False,False,True,False,False,False,0
0.2941176470588235,0.14185099592824915,4,4,0.0535714285714286,1,1,False,False,False,True,False,False,False,False,False,True,False,False,False,False,False,False,False,True,False,False,False,True,False,False,False,True,False,False,False,False,False,False,True,False,True,False,False,True,False,True,False,0
0.2941176470588235,0.23528117090348852,3,2,0.9821428571428572,1,1,False,False,True,False,False,False,True,False,False,False,False,False,False,False,False,True,False,False,False,False,False,True,False,False,False,True,False,False,False,False,False,False,False,True,True,False,False,False,True,True,False,0
0.47058823529411764,0.13321228128095083,4,4,0.5535714285714286,1,1,True,False,False,False,True,False,False,False,False,False,True,False,False,False,False,False,True,False,False,False,False,True,False,False,True,False,False,True,False,False,False,True,False,True,False,True,False,True,False,False,False,1
0.20588235294117646,0.09909761197314845,4,1,0.25000000000000006,1,1,False,False,True,False,True,False,False,False,False,False,True,False,False,False,False,False,False,False,False,False,True,False,False,False,False,True,False,False,False,False,False,False,False,True,True,False,False,True,False,False,False,0
0.16176470588235292,0.05777484318256851,4,4,0.46428571428571425,1,2,False,False,True,False,True,False,False,True,False,False,False,False,False,False,False,False,False,False,False,True,False,False,False,True,False,True,False,False,False,False,False,True,False,False,False,True,False,True,False,False,False,0
0.1176470588235294,0.02701661714537251,4,3,0.0535714285714286,1,1,False,False,False,False,True,False,False,False,False,False,False,True,False,False,False,False,True,False,False,False,False,False,False,False,True,False,False,False,False,True,False,False,False,True,True,False,False,True,False,False,False,1
0.08823529411764706,0.05447342357213601,1,4,0.5178571428571428,1,2,False,True,False,False,True,False,False,False,False,False,False,False,False,False,False,False,True,False,False,False,False,False,False,True,True,False,False,False,False,False,False,True,False,True,False,True,True,False,False,False,False,1
0.25,0.17095851216022892,4,2,0.17857142857142855,1,1,False,False,False,False,True,False,False,False,False,False,True,False,False,False,False,False,False,False,True,False,True,False,False,False,True,False,False,False,False,False,True,False,False,False,True,False,False,True,False,False,False,0
0.2941176470588235,0.18609001870804448,1,4,0.0535714285714286,1,1,False,False,False,True,False,False,False,True,False,False,False,False,False,False,False,False,False,False,False,False,False,True,False,False,True,False,False,False,True,False,True,False,False,False,False,False,False,True,False,False,True,0
0.20588235294117646,0.08572686255089688,4,1,0.0535714285714286,1,1,False,False,True,False,False,True,False,False,False,True,False,False,False,False,False,False,False,False,False,False,False,False,True,False,True,False,False,False,False,False,False,False,False,True,True,False,False,True,False,False,False,1
0.6470588235294117,0.6577528337184989,2,2,0.5178571428571428,1,1,True,False,False,False,False,False,False,False,False,False,False,False,False,False,False,True,False,False,False,True,False,True,False,False,False,True,False,False,False,False,True,False,False,False,True,False,False,False,True,True,False,0
0.8235294117647058,0.4900957411687025,2,2,0.14285714285714285,1,1,True,False,False,False,False,True,False,False,False,False,True,False,False,False,False,False,False,False,False,True,False,True,False,False,False,True,False,False,False,False,False,True,False,True,False,True,False,False,True,False,False,0
0.029411764705882346,0.18851105975569496,1,3,0.32142857142857145,3,2,False,False,False,False,False,False,True,False,False,False,False,False,False,False,False,False,False,False,False,False,False,True,False,False,False,True,False,False,False,False,False,False,False,True,False,False,False,True,False,False,False,0
0.38235294117647056,0.17558049961483438,2,4,0.035714285714285754,1,1,True,False,False,False,True,False,False,False,False,True,False,False,False,False,False,False,True,False,False,False,False,True,False,False,True,False,False,True,False,False,True,False,False,True,False,False,False,True,False,False,False,1
0.1176470588235294,0.02145922746781116,4,2,0.5357142857142858,1,1,False,False,True,False,True,False,False,False,False,False,False,False,False,False,False,False,False,False,False,False,False,True,False,False,False,False,False,False,False,False,False,False,False,True,True,False,True,False,False,False,False,0
0.25,0.18719049191152196,2,3,0.14285714285714285,2,1,True,False,False,False,False,False,True,False,False,False,False,False,False,False,False,True,False,False,False,False,False,False,True,False,False,True,False,False,False,True,False,False,False,True,True,False,False,True,False,False,False,0
0.20588235294117646,0.0704302850225597,3,2,0.23214285714285715,2,1,False,False,True,False,False,False,True,False,False,False,False,False,False,False,False,False,False,False,False,False,False,True,False,False,False,True,False,False,False,True,False,False,False,False,True,False,False,True,False,False,False,1
0.6470588235294117,0.20160669087707717,4,2,0.33928571428571425,1,1,False,False,True,False,True,False,False,False,False,False,False,False,False,False,False,True,False,False,False,True,False,True,False,False,False,False,False,False,False,False,False,False,False,False,True,False,False,True,False,False,False,1
0.1176470588235294,0.08847804555959062,4,1,0.0535714285714286,1,1,False,False,False,False,True,False,False,False,False,True,False,False,False,False,False,False,False,False,False,False,True,False,False,False,True,False,False,False,False,False,True,False,False,True,False,False,False,True,False,False,False,0
0.20588235294117646,0.12930560140860572,4,4,0.8214285714285714,2,1,False,False,False,False,True,False,False,False,False,False,True,False,False,False,False,False,False,False,False,False,False,True,False,False,False,True,False,False,False,False,False,True,False,True,False,True,False,True,False,False,False,1
0.16176470588235292,0.09513590844062947,4,2,0.28571428571428575,1,1,False,False,True,False,True,False,False,False,False,False,True,False,False,False,False,False,False,False,False,True,False,False,False,True,False,True,False,False,False,False,True,False,False,True,True,False,False,True,False,False,False,0
0.029411764705882346,0.10267414988445031,2,2,0.39285714285714285,1,1,False,True,False,False,True,False,False,False,False,True,False,False,False,False,False,False,False,False,False,False,False,True,False,False,False,True,False,False,False,False,False,False,False,True,True,False,False,True,False,True,False,0
0.07352941176470588,0.06531308462638935,2,3,0.17857142857142855,1,1,True,False,False,True,False,False,False,False,False,False,False,False,False,False,False,False,True,False,False,False,False,False,True,False,False,True,False,False,False,False,False,True,False,True,True,False,False,True,False,False,False,1
0.5588235294117647,0.20864971937933313,4,4,0.30357142857142855,2,1,False,False,True,False,False,False,True,False,False,True,False,False,False,False,False,False,False,True,False,False,False,True,False,False,False,True,False,False,False,False,False,False,False,True,True,False,False,True,False,True,False,0
0.07352941176470588,0.19709475074281943,1,4,0.8035714285714286,1,1,False,False,True,False,True,False,False,False,False,False,False,False,False,True,False,False,False,False,False,True,False,False,False,True,False,True,False,False,False,False,False,False,False,True,True,False,True,False,False,False,False,0
0.2941176470588235,0.18763068119291296,2,4,0.16071428571428575,1,1,False,False,False,False,True,False,False,False,False,False,True,False,False,False,False,False,False,False,False,False,False,True,False,False,True,False,False,False,False,False,True,False,False,True,True,False,False,True,False,False,False,0
0.20588235294117646,0.07169582920655881,4,3,0.44642857142857145,1,1,False,False,False,True,False,False,False,False,False,True,False,False,False,False,False,False,False,False,False,False,False,True,False,False,False,True,False,False,False,False,True,False,False,False,True,False,False,True,False,False,False,1
0.16176470588235292,0.06569825024760646,4,1,0.07142857142857145,1,1,True,False,False,False,True,False,False,False,False,False,True,False,False,False,False,False,False,False,False,True,True,False,False,False,False,True,False,False,False,True,False,False,False,True,True,False,False,True,False,False,False,0
0.07352941176470588,0.09519093210080334,2,2,0.0,2,1,False,False,True,False,True,False,False,False,False,True,False,False,False,False,False,False,False,False,False,False,True,False,False,False,True,False,False,True,False,False,True,False,False,True,False,False,False,True,False,False,False,1
0.2941176470588235,0.060801144492131615,3,4,0.10714285714285715,1,1,True,False,False,False,True,False,False,False,False,False,False,False,False,False,False,False,False,False,False,False,True,False,False,False,True,False,False,False,False,False,True,False,False,True,True,False,True,False,False,True,False,1
0.1176470588235294,0.06289204357873886,4,4,0.49999999999999994,3,2,False,False,True,False,True,False,False,False,False,False,False,False,False,True,False,False,False,False,False,False,False,False,False,True,False,True,False,False,False,True,False,False,False,False,True,False,False,True,False,True,False,0
0.2941176470588235,0.06195664135578298,4,1,0.16071428571428575,1,1,False,False,True,False,True,False,False,False,False,False,True,False,False,False,False,False,False,True,False,False,False,False,True,False,True,False,False,False,False,False,True,False,False,True,True,False,False,True,False,False,False,0
0.8235294117647058,0.847529437658193,2,4,0.035714285714285754,2,1,False,False,True,False,False,True,False,False,False,False,True,False,False,False,False,False,False,False,False,False,False,False,True,False,False,True,False,False,False,False,True,False,False,True,True,False,False,True,False,True,False,0
0.1176470588235294,0.06839440959612633,4,3,0.26785714285714285,1,2,False,False,True,False,True,False,False,False,False,False,True,False,False,False,False,False,False,False,False,False,True,False,False,False,True,False,False,False,False,False,True,False,False,True,True,False,False,True,False,False,False,0
0.5588235294117647,0.22669747991636405,3,2,0.125,2,2,False,False,False,False,False,True,False,False,False,False,True,False,False,False,False,False,False,False,False,False,False,False,True,False,False,True,False,False,False,True,False,False,False,False,True,False,False,True,False,True,False,1
0.20588235294117646,0.027511830086937385,4,1,0.14285714285714285,1,1,False,False,False,False,True,False,False,False,False,False,False,False,False,True,False,False,False,False,False,False,False,False,False,False,True,False,False,False,False,False,False,False,False,True,True,False,False,False,False,False,False,1
0.16176470588235292,0.058215032463959496,4,4,0.33928571428571425,2,1,True,False,False,False,True,False,False,False,False,False,False,False,True,False,False,False,False,False,False,False,False,False,False,True,False,True,False,False,False,False,True,False,False,True,True,False,True,False,False,False,False,0
0.16176470588235292,0.24061846594035435,3,2,0.37499999999999994,1,1,False,False,True,False,True,False,False,False,False,False,False,False,False,True,False,False,True,False,False,False,False,True,False,False,False,True,False,False,False,True,False,False,False,True,True,False,False,False,True,True,False,1
0.2941176470588235,0.0880928799383735,4,2,0.25000000000000006,2,1,False,False,True,False,False,False,True,False,False,False,True,False,False,False,False,False,False,False,False,False,False,False,True,False,False,False,True,False,True,False,True,False,False,True,True,False,False,True,False,True,False,0
0.20588235294117646,0.08968856608341587,4,1,0.23214285714285715,2,1,False,False,False,False,False,False,True,False,False,False,True,False,False,False,False,False,False,False,False,False,False,False,True,False,False,False,True,False,False,True,False,False,False,True,True,False,False,False,True,True,False,0
0.47058823529411764,0.425332893144052,4,4,0.14285714285714285,2,1,False,False,True,False,False,True,False,False,False,False,False,False,False,False,False,True,False,False,False,True,True,False,False,False,False,True,False,False,False,False,True,False,False,True,False,False,False,True,False,True,False,1
0.38235294117647056,0.23841751953339935,2,2,0.23214285714285715,2,1,False,False,False,False,False,False,False,False,False,True,False,False,False,False,False,False,False,False,False,False,False,True,False,False,False,False,False,False,True,False,False,False,False,True,True,False,False,True,False,False,False,0
0.1176470588235294,0.06250687795752173,2,2,0.125,1,1,False,False,True,False,True,False,False,False,False,False,False,False,False,False,False,False,False,True,False,False,False,True,False,False,True,False,False,False,False,True,False,False,False,True,True,False,False,True,False,False,False,1
0.2941176470588235,0.03835149114119071,4,3,0.33928571428571425,1,2,False,True,False,False,True,False,False,False,False,False,False,False,False,False,False,False,False,False,False,False,False,False,True,False,False,True,False,False,False,False,False,True,False,False,False,True,False,True,False,False,False,1
0.1176470588235294,0.023880268515461652,4,4,0.37499999999999994,1,2,False,False,False,False,True,False,False,False,False,False,False,False,False,True,False,False,False,False,False,False,False,True,False,False,False,True,False,False,False,False,True,False,False,True,False,False,True,False,False,False,False,1
0.6470588235294117,0.39760096841641906,4,1,0.5535714285714286,1,1,False,False,False,False,True,False,False,False,False,False,False,False,False,True,False,False,False,False,False,False,False,False,True,False,False,True,False,False,False,False,False,True,False,True,False,True,False,False,True,True,False,0
0.1176470588235294,0.09199955981071861,4,2,0.32142857142857145,1,1,True,False,False,False,True,False,False,False,False,True,False,False,False,False,False,False,False,False,False,False,False,True,False,False,False,True,False,False,False,True,False,False,False,True,True,False,True,False,False,False,False,1
0.2941176470588235,0.1129635743369649,4,1,0.46428571428571425,1,1,False,False,False,False,True,False,False,False,False,False,False,False,False,False,False,False,False,False,False,False,False,False,False,True,False,True,False,True,False,False,False,False,False,True,True,False,False,True,False,False,False,1
0.47058823529411764,0.4311654011224827,2,4,0.41071428571428575,4,1,True,False,False,False,False,True,False,False,False,False,False,False,False,False,False,False,True,False,False,False,False,False,False,True,False,True,False,False,False,False,True,False,False,True,True,False,False,False,True,True,False,1
0.2941176470588235,0.1153295917244415,4,3,0.28571428571428575,2,1,False,False,True,False,False,False,True,True,False,False,False,False,False,False,False,False,False,False,False,False,False,False,True,False,False,True,False,False,False,False,True,False,False,True,True,False,False,True,False,True,False,0
0.14705882352941174,0.20485308682733577,1,4,0.0535714285714286,1,1,False,False,False,False,True,False,False,False,False,False,False,False,False,False,False,False,False,False,False,False,False,False,False,False,False,True,False,False,False,False,False,True,False,True,False,True,False,True,False,False,False,0
0.1176470588235294,0.035105095190932106,4,4,0.39285714285714285,1,2,True,False,False,False,True,False,False,False,False,False,False,False,False,False,False,False,False,False,False,False,False,False,False,True,False,True,False,False,False,False,True,False,False,False,True,False,True,False,False,False,False,1
0.6470588235294117,0.5486959392538792,4,3,0.32142857142857145,1,1,False,False,True,False,True,False,False,False,False,False,True,False,False,False,False,False,False,False,False,True,False,False,True,False,False,True,False,False,False,False,True,False,True,False,True,False,False,True,False,True,False,0
0.38235294117647056,0.2184989545504567,2,1,0.16071428571428575,2,1,True,False,False,False,False,False,False,False,False,False,False,False,False,False,False,True,False,False,False,False,False,True,False,False,True,False,False,False,False,False,True,False,False,True,True,False,False,True,False,False,False,0
0.20588235294117646,0.3362495873225487,2,1,0.39285714285714285,1,1,True,False,False,False,False,False,True,False,False,True,False,False,False,False,False,False,False,False,False,False,False,False,False,True,False,True,False,False,False,False,False,True,False,True,True,False,False,True,False,True,False,0
0.1176470588235294,0.05760977220204688,3,4,0.07142857142857145,1,1,False,True,False,False,True,False,False,False,False,False,True,False,False,False,False,False,False,False,False,False,False,True,False,False,False,False,True,False,False,False,False,False,False,True,False,False,False,True,False,False,False,0
0.1176470588235294,0.035765379113018594,4,2,0.07142857142857145,1,1,False,False,False,False,True,False,False,False,False,False,False,False,False,False,False,False,False,False,False,True,False,True,False,False,False,False,True,False,False,False,True,False,False,True,True,False,False,True,False,False,False,1
0.25,0.10955210740618465,4,2,0.5535714285714286,2,1,False,False,True,False,True,False,False,False,False,True,False,False,False,False,False,False,False,False,False,False,False,False,False,True,False,True,False,False,False,False,False,False,False,True,True,False,False,True,False,False,False,0
0.029411764705882346,0.044018928139099814,4,1,0.28571428571428575,2,1,True,False,False,False,False,True,False,False,False,True,False,False,False,False,False,False,False,False,False,False,False,False,False,False,False,True,False,False,False,True,False,False,True,False,True,False,False,False,True,True,False,0
0.029411764705882346,0.04385385715857819,2,4,0.5535714285714286,1,1,False,True,False,False,False,False,True,False,False,False,False,False,False,True,False,False,False,False,False,False,False,True,False,False,True,False,False,False,False,True,False,False,False,True,True,False,True,False,False,False,False,0
0.2941176470588235,0.3336634752943766,4,2,0.14285714285714285,2,1,False,False,True,False,False,False,True,False,True,False,False,False,False,False,False,False,False,False,False,False,False,False,False,False,False,True,False,True,False,False,False,True,False,False,True,False,False,False,True,True,False,0
0.38235294117647056,0.1786068009243975,4,2,0.26785714285714285,1,2,True,False,False,True,False,False,False,False,False,True,False,False,False,False,False,False,False,False,True,False,False,True,False,False,False,True,False,False,False,False,True,False,True,False,True,False,False,True,False,True,False,0
0.6470588235294117,0.18482447452404535,1,1,0.14285714285714285,1,1,False,False,True,True,False,False,False,False,False,False,False,False,False,False,False,True,False,False,False,False,False,True,False,False,True,False,False,False,False,False,False,False,True,False,True,False,False,True,False,False,False,0
0.1176470588235294,0.25272367117860683,3,4,0.42857142857142855,2,1,False,False,False,False,False,False,True,False,False,False,False,False,False,False,False,False,False,False,False,False,False,False,False,True,False,True,False,True,False,True,False,False,False,True,False,False,False,True,False,True,False,1
0.38235294117647056,0.1522504677011115,4,4,0.49999999999999994,1,1,False,True,False,False,False,False,True,False,False,False,True,False,False,False,False,False,False,False,False,False,False,False,False,True,False,True,False,False,False,True,False,False,False,True,True,False,False,True,False,False,False,0
0.2941176470588235,0.21398701441619897,3,3,0.14285714285714285,2,1,False,False,True,False,False,False,True,False,False,False,False,False,False,False,False,True,True,False,False,False,False,True,False,False,False,True,False,False,False,True,False,False,False,True,True,False,True,False,False,True,False,0
0.47058823529411764,0.30218994167492025,2,2,0.21428571428571425,2,1,False,False,True,False,True,False,False,False,False,False,False,False,False,False,False,True,True,False,False,False,False,False,True,False,False,True,False,False,False,False,True,False,False,True,True,False,False,True,False,True,False,0
0.8235294117647058,0.5566193463189171,2,4,0.41071428571428575,1,1,False,False,True,False,True,False,False,False,False,False,False,False,False,False,False,False,False,False,False,False,False,False,False,True,False,True,False,False,False,True,False,False,False,True,True,False,False,False,True,True,False,0
0.029411764705882346,0.10069329811819082,1,2,0.0892857142857143,1,1,False,False,True,False,False,False,True,False,False,False,False,False,False,False,False,False,False,True,False,False,False,True,False,False,False,False,True,False,False,False,True,False,False,True,True,False,False,True,False,False,False,0
0.25,0.12820512820512822,4,2,0.39285714285714285,1,2,False,False,True,False,False,True,False,False,False,False,False,False,False,False,False,True,False,True,False,False,True,False,False,False,False,True,False,False,False,False,False,False,False,False,True,False,True,False,False,False,False,1
0.38235294117647056,0.23550126554418402,4,4,0.125,1,1,False,False,True,False,False,False,True,False,False,False,True,False,False,False,False,False,False,False,False,False,False,False,True,False,True,False,False,False,False,False,True,False,False,True,False,False,False,False,True,True,False,0
0.2941176470588235,0.26961593485198637,4,4,0.25000000000000006,1,1,False,False,True,False,False,False,True,False,False,True,False,False,False,False,False,False,False,False,False,False,False,False,False,True,False,True,False,False,False,False,True,False,False,True,True,False,False,True,False,True,False,0
1.0,0.2941014636293606,2,2,0.0892857142857143,1,1,True,False,False,False,True,False,False,False,False,False,True,False,False,False,False,False,True,False,False,False,False,True,False,False,False,False,True,False,False,False,True,False,False,True,True,False,False,True,False,False,False,1
0.2941176470588235,0.11742049081104876,4,4,0.8035714285714286,1,1,False,False,False,False,True,False,False,False,False,False,True,False,False,False,False,False,False,False,False,False,False,False,False,True,False,True,False,False,False,False,False,False,False,False,False,False,True,False,False,False,False,0
0.20588235294117646,0.06619346318917134,3,1,0.125,1,1,False,False,True,False,True,False,False,False,False,False,True,False,False,False,False,False,False,False,False,False,True,False,False,False,True,False,False,False,False,False,False,False,False,True,True,False,False,True,False,False,False,0
0.029411764705882346,0.0708704743039507,1,2,0.6607142857142858,1,1,False,False,True,False,True,False,False,False,False,False,False,False,False,True,False,False,False,False,False,False,True,False,False,False,True,False,False,False,False,False,False,True,False,True,True,False,False,True,False,False,False,0
0.1176470588235294,0.1116430064927919,4,4,0.32142857142857145,1,1,False,False,True,False,True,False,False,False,False,False,True,False,False,False,False,False,False,False,False,True,False,True,False,False,False,True,False,False,False,False,False,True,False,True,False,True,False,True,False,True,False,0
0.16176470588235292,0.0675690546935182,4,3,0.25000000000000006,2,1,False,False,True,False,False,True,False,False,False,False,True,False,False,False,False,False,False,False,False,False,False,True,False,False,False,False,True,False,False,False,False,False,False,False,True,False,False,True,False,False,False,0
0.2941176470588235,0.26702982282381427,3,3,0.49999999999999994,3,1,False,False,True,False,False,False,True,False,False,False,True,False,False,False,False,False,False,False,False,False,True,False,False,False,False,False,True,False,False,False,False,True,False,True,False,True,False,True,False,True,False,0
0.47058823529411764,0.5286123032904149,1,3,0.21428571428571425,2,2,True,False,False,False,False,True,False,False,False,False,False,False,False,False,False,True,True,False,False,False,False,False,True,False,False,True,False,False,False,True,False,False,False,True,True,False,True,False,False,True,False,0
0.8235294117647058,0.3453835149114119,4,4,0.26785714285714285,1,2,False,False,True,False,True,False,False,False,False,False,False,False,False,False,False,False,False,False,False,True,False,True,False,False,False,True,False,False,False,False,False,True,False,True,False,True,False,True,False,True,False,0
0.08823529411764706,0.06036095521074061,4,2,0.14285714285714285,2,1,False,True,False,False,False,False,True,False,False,False,True,False,False,False,False,False,False,False,False,True,False,False,True,False,False,True,False,False,False,True,False,False,False,True,True,False,False,True,False,True,False,0
0.47058823529411764,0.1437218003741609,4,3,0.19642857142857145,1,1,True,False,False,False,False,True,False,False,False,False,False,False,False,False,False,False,True,False,False,False,False,False,False,True,False,True,False,False,False,False,False,True,False,True,False,True,False,True,False,False,False,0
0.07352941176470588,0.13772422141520854,3,4,0.28571428571428575,1,1,False,False,True,False,True,False,False,False,False,False,True,False,False,False,False,False,True,False,False,False,False,False,False,True,False,True,False,True,False,False,True,False,False,True,True,False,False,True,False,True,False,0
0.1176470588235294,0.18713546825134808,1,3,0.21428571428571425,1,2,False,False,False,False,True,False,False,False,False,False,False,False,False,False,False,False,False,False,True,False,False,True,False,False,False,True,False,False,False,True,False,False,False,True,True,False,False,True,False,False,False,0
0.16176470588235292,0.039892153626059204,2,3,0.10714285714285715,2,1,False,False,False,False,False,False,True,False,False,True,False,False,False,False,False,False,False,False,False,False,False,True,False,False,False,False,False,False,False,True,False,False,False,True,True,False,False,True,False,False,False,0
0.16176470588235292,0.13101133487399583,3,2,0.10714285714285715,1,1,True,False,False,False,True,False,False,False,False,False,False,False,True,False,False,False,True,False,False,False,False,True,False,False,True,False,False,False,False,False,False,False,False,True,True,False,True,False,False,False,False,0
0.2941176470588235,0.14559260482007264,2,1,0.17857142857142855,1,1,True,False,False,False,True,False,False,False,False,False,True,False,False,False,False,False,True,False,False,False,True,False,False,False,False,True,False,False,False,False,True,False,False,True,True,False,False,True,False,False,False,0
0.029411764705882346,0.24573566633652472,1,3,0.44642857142857145,2,2,False,False,False,False,False,False,True,False,False,False,False,False,False,False,False,False,False,False,False,True,True,False,False,False,False,True,False,False,False,False,False,False,False,True,True,False,True,False,False,False,False,0
0.2941176470588235,0.11191812479366127,4,2,0.16071428571428575,1,1,False,False,True,False,True,False,False,False,False,False,True,False,False,False,False,False,False,False,False,False,False,False,True,False,False,True,False,False,False,False,True,False,False,True,True,False,False,True,False,True,False,0
0.029411764705882346,0.05425332893144051,2,4,0.5535714285714286,1,1,False,False,True,False,True,False,False,True,False,False,False,False,False,False,False,False,False,True,False,False,False,True,False,False,False,True,False,False,False,True,False,False,False,True,False,False,False,True,False,False,False,0
0.1176470588235294,0.04693518212831517,4,3,0.17857142857142855,2,1,True,False,False,False,True,False,False,False,False,False,True,False,False,False,False,False,False,False,False,False,False,False,True,False,False,True,False,False,True,False,False,False,False,True,True,False,False,True,False,False,True,0
0.1176470588235294,0.03719599427753935,1,2,0.33928571428571425,1,1,False,False,True,False,False,False,True,False,False,False,False,False,False,False,False,False,False,False,False,False,False,False,False,False,True,False,False,False,False,True,False,False,False,True,True,False,False,False,False,False,False,0
0.20588235294117646,0.08528667326950588,4,2,0.0892857142857143,2,1,False,False,True,False,False,False,True,False,False,False,True,False,False,False,False,False,False,False,False,False,False,True,False,False,False,True,False,False,False,False,True,False,False,True,True,False,False,True,False,False,False,0
0.16176470588235292,0.09106415758776273,4,4,0.37499999999999994,1,1,False,True,False,False,True,False,False,False,False,False,False,False,False,True,False,False,False,False,False,False,False,False,False,True,False,True,False,False,False,False,True,False,False,True,False,False,False,False,True,True,False,0
0.1176470588235294,0.04803565533179267,4,4,0.17857142857142855,1,1,False,False,True,False,True,False,False,False,False,True,False,False,False,False,False,False,False,True,False,False,False,True,False,False,True,False,False,False,False,False,True,False,False,True,False,False,True,False,False,False,False,1
0.6470588235294117,0.33459887751733247,4,4,0.48214285714285715,2,1,False,False,False,False,False,False,True,True,False,False,False,False,False,False,False,False,False,False,False,False,False,False,False,True,False,True,False,False,False,False,False,True,False,True,False,True,False,True,False,True,False,1
0.2941176470588235,0.062011665015956854,4,2,0.49999999999999994,1,1,False,True,False,False,True,False,False,False,False,False,True,False,False,False,False,False,True,False,False,False,False,False,False,True,True,False,False,False,False,False,False,True,False,True,False,True,False,True,False,True,False,0
0.38235294117647056,0.12396830637173985,4,2,0.39285714285714285,2,1,True,False,False,False,False,True,False,False,False,False,False,False,False,False,False,True,True,False,False,False,False,False,False,True,False,True,False,False,False,True,False,False,True,False,True,False,False,True,False,False,False,0
0.338235294117647,0.12534389787608674,4,1,0.23214285714285715,1,2,True,False,False,False,True,False,False,False,False,False,False,False,False,False,False,True,False,False,False,False,True,False,False,False,True,False,False,False,False,True,False,False,False,True,True,False,False,True,False,True,False,0
0.16176470588235292,0.2791900517222406,1,4,0.28571428571428575,1,1,False,False,True,False,True,False,False,False,False,False,False,False,False,False,False,False,False,True,False,False,False,False,False,True,True,False,False,False,False,False,False,True,False,True,False,True,False,True,False,False,False,0
0.6470588235294117,0.3471992956971498,3,2,0.0892857142857143,1,1,True,False,False,False,True,False,False,False,False,False,False,False,False,False,False,False,True,False,False,False,False,False,True,False,False,True,False,False,False,True,False,False,False,True,True,False,False,True,False,False,False,1
0.1176470588235294,0.1496093320127655,4,3,0.10714285714285715,2,1,True,False,False,False,False,False,False,False,False,True,False,False,False,False,False,False,False,False,False,False,True,False,False,False,True,False,False,False,False,True,False,False,False,True,False,False,False,True,False,False,False,1
0.07352941176470588,0.05260261912622427,4,4,0.10714285714285715,1,1,True,False,False,False,True,False,False,False,False,False,True,False,False,False,False,False,False,False,False,False,False,False,False,True,True,False,False,False,False,False,False,False,False,True,True,False,False,True,False,False,False,0
0.07352941176470588,0.10278419720479806,2,2,0.32142857142857145,1,2,True,False,False,False,True,False,False,False,False,False,True,False,False,False,False,False,False,False,False,False,False,True,False,False,False,True,False,False,False,False,False,False,False,True,True,False,True,False,False,False,False,0
0.20588235294117646,0.02085396720589854,4,3,0.23214285714285715,2,1,False,False,True,False,False,False,True,False,False,False,True,False,False,False,False,False,False,True,False,False,False,False,False,True,False,True,False,False,False,True,False,False,False,False,True,False,False,False,True,True,False,0
0.029411764705882346,0.05216242984483327,4,4,0.28571428571428575,1,1,False,False,False,True,False,False,False,False,False,False,False,False,False,True,False,False,False,False,False,False,False,False,False,True,True,False,False,False,False,False,False,True,False,True,False,True,False,True,False,False,False,1
0.25,0.12248266754704522,4,4,0.48214285714285715,1,1,False,False,True,False,True,False,False,True,False,False,False,False,False,False,False,False,False,False,False,True,False,False,False,True,False,True,False,False,False,False,False,False,False,True,True,False,False,False,True,True,False,0
0.07352941176470588,0.04886101023440079,4,4,0.10714285714285715,2,1,False,False,False,False,False,False,True,False,False,False,True,False,False,False,False,False,False,False,False,False,False,True,False,False,False,True,False,False,False,False,False,False,False,True,True,False,True,False,False,False,False,0
0.8235294117647058,0.7580609662154726,4,2,0.14285714285714285,1,1,True,False,False,False,True,False,False,False,False,False,False,False,False,False,False,False,False,False,False,False,False,False,True,False,False,True,False,False,False,False,False,True,False,True,True,False,False,False,True,True,False,1
0.38235294117647056,0.40420380763728403,1,4,0.7857142857142858,2,1,False,False,True,False,False,False,True,True,False,False,False,False,False,False,False,False,False,False,False,True,False,False,False,True,False,True,False,False,False,False,True,False,False,True,True,False,False,True,False,False,False,0
0.38235294117647056,0.15555188731154398,3,2,0.37499999999999994,2,2,False,False,True,False,False,False,True,False,False,False,True,False,False,False,False,False,False,False,False,True,False,False,False,True,False,True,False,False,False,False,True,False,False,True,True,False,False,True,False,True,False,0
0.20588235294117646,0.06905469351821283,4,2,0.23214285714285715,1,1,False,False,True,False,True,False,False,False,False,False,True,False,False,False,False,False,False,False,False,False,False,True,False,False,False,True,False,False,False,False,False,True,False,True,False,True,False,False,True,True,False,0
0.2941176470588235,0.1594585671838891,3,2,0.21428571428571425,2,1,False,True,False,False,False,False,True,False,False,False,True,False,False,False,False,False,False,False,False,True,False,True,False,False,False,True,False,False,False,False,True,False,False,True,True,False,False,True,False,True,False,0
0.23529411764705882,0.3245295477055134,3,4,0.21428571428571425,2,1,True,False,False,False,False,False,False,True,False,False,False,False,False,False,False,False,True,False,False,False,False,False,False,True,False,False,True,False,False,False,True,False,False,False,True,False,False,True,False,True,False,0
0.07352941176470588,0.05981071860900186,4,2,0.26785714285714285,2,1,False,True,False,False,False,False,False,False,False,False,True,False,False,False,False,False,False,False,False,False,True,False,False,False,False,True,False,False,False,False,True,False,False,True,True,False,False,False,True,True,False,1
0.029411764705882346,0.010069329811819083,4,2,0.0892857142857143,1,2,True,False,False,True,False,False,False,False,False,False,False,False,False,True,False,False,False,False,True,False,True,False,False,False,True,False,False,False,False,True,False,False,False,False,False,False,False,True,False,False,False,1
0.1176470588235294,0.053813139650049524,4,2,0.0892857142857143,1,1,False,False,False,False,True,False,False,False,False,False,False,False,False,False,False,False,False,False,False,False,False,True,False,False,True,False,False,False,False,False,False,False,False,True,True,False,True,False,False,False,False,1
0.07352941176470588,0.02971277649389237,4,3,0.8392857142857144,1,1,True,False,False,False,True,False,False,False,False,False,True,False,False,False,False,False,False,True,False,False,False,True,False,False,True,False,False,False,False,False,False,False,False,True,True,False,True,False,False,False,False,0
0.338235294117647,0.12765489160338947,3,3,0.035714285714285754,1,1,False,False,True,False,True,False,False,False,False,False,False,False,False,False,False,False,False,False,False,False,False,True,False,False,True,False,False,False,False,False,False,False,False,True,False,False,False,True,False,False,False,1
0.029411764705882346,0.0,2,2,0.39285714285714285,2,1,False,False,True,False,False,False,True,False,False,False,False,False,False,False,False,False,False,False,True,False,False,True,False,False,True,False,False,False,False,False,False,False,False,False,True,False,True,False,False,False,False,0
0.16176470588235292,0.0586552217453505,2,2,0.49999999999999994,2,1,False,False,True,False,False,False,True,False,False,False,True,False,False,False,False,False,False,True,False,False,False,True,False,False,False,False,True,False,False,True,False,False,False,True,True,False,True,False,False,False,False,0
0.20588235294117646,0.08979861340376362,4,4,0.10714285714285715,2,1,False,False,False,False,True,False,False,False,False,False,True,False,False,False,False,False,False,False,False,False,False,True,False,False,True,False,False,False,False,False,True,False,False,False,False,False,False,True,False,False,False,1
0.6470588235294117,0.33927588863211183,4,3,0.7142857142857144,1,1,True,False,False,True,False,False,False,False,False,False,False,False,False,False,False,True,False,False,False,False,False,False,False,True,True,False,False,False,False,False,False,True,False,True,False,False,False,True,False,False,False,1
0.2941176470588235,0.05639925167822163,2,4,0.30357142857142855,2,1,False,True,False,False,False,False,True,False,False,False,False,False,False,False,False,True,False,False,True,False,False,True,False,False,False,False,False,False,False,False,False,False,False,True,True,False,False,True,False,True,False,0
0.2941176470588235,0.33856058104985143,1,2,0.25000000000000006,1,1,True,False,False,False,False,True,False,False,False,False,True,False,False,False,False,False,False,False,False,False,True,False,False,False,False,True,False,False,False,False,True,False,False,True,True,False,False,True,False,False,False,0
0.2941176470588235,0.09557609772202047,2,4,0.035714285714285754,1,2,False,False,False,False,True,False,False,False,False,False,True,False,False,False,False,False,False,False,False,False,False,True,False,False,False,True,False,False,False,False,False,False,False,True,False,False,True,False,False,False,False,1
0.058823529411764705,0.02806206668867613,4,2,0.44642857142857145,1,1,True,False,False,False,True,False,False,False,False,False,True,False,False,False,False,False,False,False,False,False,False,False,True,False,True,False,False,False,True,False,False,False,False,True,True,False,True,False,False,False,False,0
0.2941176470588235,0.12947067238912735,2,4,0.16071428571428575,1,1,False,False,True,False,True,False,False,True,False,False,False,False,False,False,False,False,False,False,True,False,False,True,False,False,True,False,False,False,False,False,True,False,False,True,False,False,False,True,False,True,False,0
0.0,0.17222405634422802,1,1,0.32142857142857145,1,2,False,False,True,False,False,False,True,False,False,False,False,False,False,False,False,False,False,False,False,False,False,False,True,False,True,False,False,False,False,False,False,False,False,True,True,False,False,True,False,False,False,0
0.47058823529411764,0.20578848905029165,3,2,0.17857142857142855,1,1,True,False,False,True,False,False,False,False,False,False,False,True,False,False,False,False,False,False,False,True,True,False,False,False,True,False,False,False,False,False,False,True,False,False,True,False,False,False,False,False,False,0
0.2941176470588235,0.6223175965665235,1,4,0.07142857142857145,2,1,True,False,False,False,True,False,False,True,False,False,False,False,False,False,False,False,False,False,False,False,False,True,False,False,True,False,False,False,False,False,True,False,False,True,False,False,False,False,True,False,False,1
0.20588235294117646,0.2272477165181028,3,4,0.28571428571428575,1,2,False,False,False,False,True,False,False,False,False,False,False,False,False,False,False,False,True,False,False,False,False,True,False,False,False,True,False,False,False,False,True,False,False,True,True,False,True,False,False,True,False,0
0.029411764705882346,0.3582590513920986,1,3,0.46428571428571425,2,2,False,False,True,False,False,False,True,False,False,False,False,False,False,False,False,False,False,False,False,False,False,False,True,False,False,True,False,False,False,False,False,True,False,True,True,False,False,False,True,True,False,0
0.38235294117647056,0.2217453505007153,4,4,0.125,2,1,True,False,False,False,False,False,False,False,False,False,False,False,False,False,False,True,True,False,False,False,False,True,False,False,True,False,False,False,False,False,True,False,False,True,False,False,True,False,False,False,False,1
0.2941176470588235,0.11417409486079015,2,3,0.23214285714285715,1,1,False,False,False,True,False,False,False,False,False,False,False,False,False,False,False,False,True,False,False,False,False,False,True,False,False,True,False,False,False,False,True,False,False,False,True,False,False,True,False,False,False,0
0.08823529411764706,0.043908880818752064,4,4,0.07142857142857145,1,1,True,False,False,True,False,False,False,False,False,False,True,False,False,False,False,False,False,False,False,False,False,True,False,False,False,True,False,False,False,False,False,False,True,False,True,False,True,False,False,False,False,0
0.25,0.16011885110597557,4,3,0.39285714285714285,1,1,False,False,True,False,True,False,False,False,False,False,True,False,False,False,False,False,False,False,False,True,False,False,False,True,False,True,False,False,False,True,False,False,False,True,True,False,False,True,False,True,False,0
0.2941176470588235,0.12286783316826234,4,4,0.0535714285714286,1,1,False,False,False,True,False,False,False,False,False,True,False,False,False,False,False,False,False,True,False,False,False,True,False,False,False,True,False,False,False,False,False,False,True,False,True,False,False,True,False,True,False,0
0.5147058823529411,0.7664245625619016,4,4,0.19642857142857145,2,1,False,False,False,False,False,False,True,False,False,True,False,False,False,False,False,False,False,False,False,True,False,False,True,False,False,True,False,False,False,True,False,False,False,True,True,False,False,False,True,True,False,0
0.13235294117647056,0.08512160228898426,3,1,0.16071428571428575,2,1,False,False,False,False,False,False,True,False,False,False,False,False,False,False,False,True,False,False,False,False,True,False,False,False,False,True,False,False,False,True,False,False,False,False,True,False,True,False,False,False,False,0
0.16176470588235292,0.12440849565313085,1,4,0.07142857142857145,1,1,False,False,False,False,True,False,False,False,False,False,False,False,False,False,False,False,False,False,False,False,False,False,False,False,True,False,False,False,False,False,True,False,False,True,False,False,False,True,False,False,False,0
0.1176470588235294,0.056344228018047754,3,1,0.32142857142857145,1,1,False,False,False,False,True,False,False,False,False,False,False,False,False,False,False,False,False,False,False,False,True,False,False,False,True,False,False,False,False,False,False,False,False,True,True,False,True,False,False,False,False,1
0.25,0.2750082535490261,1,3,0.125,1,1,False,False,True,False,True,False,False,True,False,False,False,False,False,False,False,False,False,False,False,True,False,True,False,False,False,True,False,False,False,False,True,False,False,True,True,False,False,True,False,False,False,0
0.16176470588235292,0.15291075162319798,2,2,0.25000000000000006,1,1,False,False,True,False,True,False,False,True,False,False,False,False,False,False,False,False,False,False,False,False,False,False,True,False,False,True,False,False,False,False,True,False,False,True,True,False,False,True,False,False,False,0
0.029411764705882346,0.00979421151094971,2,1,0.5357142857142858,1,1,False,False,False,False,True,False,False,False,False,True,False,False,False,False,False,False,False,False,False,False,False,False,False,True,True,False,False,False,False,True,False,False,False,False,True,False,False,True,False,True,False,0
0.20588235294117646,0.03994717728623308,1,2,0.07142857142857145,1,1,False,False,False,False,True,False,False,False,False,False,False,False,False,False,False,False,False,False,False,False,True,False,False,False,True,False,False,False,False,False,True,False,False,True,True,False,True,False,False,False,False,1
0.1176470588235294,0.03251898316275999,2,4,0.07142857142857145,1,1,True,False,False,False,True,False,False,False,False,False,False,False,False,False,False,True,True,False,False,False,False,False,True,False,True,False,False,False,False,False,False,False,False,True,False,False,True,False,False,False,False,0
0.38235294117647056,0.3037856278199626,4,2,0.10714285714285715,2,1,False,False,True,False,False,False,True,False,False,False,True,False,False,False,False,False,False,False,False,False,False,False,True,False,True,False,False,False,False,False,True,False,False,True,True,False,False,True,False,False,False,0
0.1176470588235294,0.07180587652690656,4,4,0.6428571428571428,2,2,False,False,True,False,False,True,False,False,False,False,False,False,True,False,False,False,False,False,True,False,False,False,False,True,False,True,False,False,False,False,False,True,False,True,False,True,False,True,False,False,False,1
0.2941176470588235,0.05694948827996038,4,4,0.23214285714285715,1,1,False,False,False,False,True,False,False,False,False,False,False,False,False,False,False,False,False,False,False,True,False,False,True,False,True,False,False,False,False,False,False,True,False,True,False,False,False,True,False,False,False,1
0.029411764705882346,0.05771981952239463,1,1,0.9821428571428572,3,2,False,True,False,False,False,False,True,False,False,False,False,False,False,False,False,False,False,False,False,False,False,True,False,False,False,True,False,False,False,False,False,False,False,True,True,False,False,False,False,False,True,0
0.16176470588235292,0.05617915703752613,3,4,0.35714285714285715,2,1,False,True,False,False,False,False,True,False,False,False,True,False,False,False,False,False,False,False,False,True,False,True,False,False,False,True,False,False,False,False,False,True,False,True,False,True,False,True,False,True,False,1
0.2941176470588235,0.06289204357873886,2,2,0.21428571428571425,1,1,False,False,True,False,True,False,False,False,False,False,False,False,False,False,False,False,False,False,False,False,False,True,False,False,False,True,False,False,True,False,False,False,False,True,True,False,False,True,False,True,False,0
0.1176470588235294,0.02426543413667877,4,3,0.28571428571428575,2,1,False,False,False,False,False,False,True,False,False,False,False,False,False,False,False,False,False,False,False,False,False,False,False,True,False,True,False,False,False,True,False,False,False,True,True,False,False,True,False,False,False,1
0.16176470588235292,0.2638384505337295,1,4,0.7142857142857144,1,1,False,False,True,False,False,False,True,False,False,False,False,False,False,False,False,False,False,False,False,True,False,False,False,True,True,False,False,False,False,False,True,False,False,True,True,False,False,True,False,True,False,0
0.20588235294117646,0.10311433916584131,4,4,0.0892857142857143,2,1,False,False,False,False,False,False,True,False,False,True,False,False,False,False,False,False,False,False,False,False,False,True,False,False,True,False,False,False,False,False,False,False,False,True,False,False,False,True,False,False,False,1
0.1176470588235294,0.10806646858149004,4,3,0.0892857142857143,1,1,False,False,False,False,True,False,False,False,False,False,True,False,False,False,False,False,False,False,False,False,False,True,False,False,False,True,False,False,False,True,False,False,False,True,True,False,True,False,False,False,False,0
0.25,0.6839440959612633,4,4,0.19642857142857145,1,1,False,False,True,False,False,False,True,False,False,False,False,False,False,False,False,False,False,False,False,True,False,False,False,True,False,True,False,False,False,False,False,True,False,True,False,True,False,False,True,True,False,1
0.2941176470588235,0.12176735996478487,4,3,0.14285714285714285,2,1,False,False,True,False,False,False,True,False,False,False,False,False,False,False,False,False,True,False,False,False,False,False,True,False,False,False,True,False,False,True,False,False,False,True,True,False,False,True,False,True,False,0
0.1176470588235294,0.049796412457356665,3,3,0.37499999999999994,2,1,True,False,False,False,True,False,False,False,False,False,True,False,False,False,False,False,False,False,False,False,False,False,False,True,False,False,True,False,True,False,False,False,False,False,True,False,True,False,False,False,False,0
0.38235294117647056,0.1572576207769341,2,4,0.21428571428571425,1,1,False,False,False,False,True,False,False,False,False,True,False,False,False,False,False,False,False,False,False,False,True,False,False,False,False,False,False,False,False,True,False,False,False,True,True,False,True,False,False,False,False,1
0.08823529411764706,0.145867723120942,1,4,0.21428571428571425,1,1,False,False,True,False,True,False,False,True,False,False,False,False,False,False,False,False,False,False,False,True,True,False,False,False,True,False,False,False,False,False,False,False,False,True,False,False,False,True,False,False,False,0
0.1176470588235294,0.18526466380543635,1,4,0.16071428571428575,3,1,True,False,False,False,False,False,True,False,False,True,False,False,False,False,False,False,False,False,False,False,False,False,False,True,False,True,False,False,False,False,True,False,False,True,False,False,False,True,False,True,False,0
0.1176470588235294,0.07730824254429404,2,4,0.7857142857142858,2,1,False,False,True,False,False,False,True,False,False,False,True,False,False,False,False,False,False,False,False,False,False,False,False,True,False,True,False,False,False,False,False,False,False,True,True,False,True,False,False,True,False,0
0.2941176470588235,0.14097061736546715,2,4,0.125,1,1,False,False,False,False,True,False,False,True,False,False,False,False,False,False,False,False,False,False,False,True,False,False,False,True,True,False,False,False,False,False,False,False,False,True,False,False,False,True,False,False,False,0
0.47058823529411764,0.4300099042588313,3,2,0.10714285714285715,2,1,False,False,False,False,False,False,True,False,False,False,False,False,False,True,False,False,False,False,False,False,False,True,False,False,True,False,False,False,False,False,False,True,False,True,True,False,False,False,True,True,False,1
0.25,0.16644657202597118,1,4,0.30357142857142855,1,1,False,False,True,False,False,False,True,True,False,False,False,False,False,False,False,False,False,False,False,False,False,False,False,True,False,True,False,False,False,False,True,False,False,True,True,False,False,False,True,True,False,0
0.2941176470588235,0.10856168152305491,4,4,0.5892857142857142,2,1,False,False,True,False,False,False,True,False,False,False,True,False,False,False,False,False,True,False,False,False,False,False,False,True,False,True,False,False,False,True,False,False,False,False,True,False,False,True,False,False,False,0
0.1176470588235294,0.06767910201386595,2,4,0.8392857142857144,3,1,False,True,False,False,False,False,True,False,False,False,False,False,False,False,False,False,False,True,False,False,False,False,False,False,False,True,False,False,False,False,False,True,False,False,False,True,False,False,False,False,False,0
0.2941176470588235,0.06168152305491362,4,4,0.10714285714285715,1,1,False,False,False,False,True,False,False,False,False,False,False,False,False,False,False,False,False,False,False,True,False,True,False,False,True,False,False,False,False,False,False,False,False,True,False,False,False,True,False,False,False,1
0.47058823529411764,0.18075272367117862,4,4,0.32142857142857145,2,1,False,False,True,False,False,False,True,False,False,False,False,False,False,False,False,False,False,False,False,False,False,False,True,False,False,True,False,False,False,False,True,False,False,True,True,False,False,True,False,True,False,0
0.20588235294117646,0.17932210850665786,4,1,0.10714285714285715,1,1,False,False,False,False,True,False,False,False,False,False,True,False,False,False,False,False,False,False,False,False,False,False,True,False,True,False,False,False,True,False,False,False,False,True,True,False,False,True,False,False,False,0
0.47058823529411764,0.3004842082095301,4,2,0.33928571428571425,2,1,False,False,True,False,False,False,True,True,False,False,False,False,False,False,False,False,False,False,True,False,False,False,False,True,False,True,False,False,False,False,True,False,False,True,True,False,False,False,True,True,False,0
0.20588235294117646,0.1992956971497744,2,4,0.8571428571428572,1,1,True,False,False,False,True,False,False,False,False,False,False,False,True,False,False,False,False,False,False,False,False,False,False,False,True,False,False,False,False,False,True,False,False,True,True,False,False,True,False,True,False,0
0.5147058823529411,0.25767580059425554,2,2,0.10714285714285715,2,1,True,False,False,False,False,False,True,False,False,False,True,False,False,False,False,False,False,False,False,False,False,False,True,False,False,True,False,False,True,False,False,False,False,True,True,False,False,True,False,False,False,1
0.2941176470588235,0.09298998569384835,4,4,0.7321428571428572,1,1,False,False,True,False,False,False,True,False,False,False,False,False,False,False,False,False,False,False,True,False,False,False,False,True,False,True,False,False,False,False,False,False,False,True,True,False,False,True,False,True,False,0
0.1176470588235294,0.06382744580169472,2,2,0.21428571428571425,1,1,True,False,False,False,False,False,False,False,False,False,False,False,False,False,True,False,False,False,False,False,False,True,False,False,False,True,False,False,False,False,False,False,False,True,True,False,True,False,False,True,False,0
0.1176470588235294,0.03224386486189061,4,2,0.07142857142857145,1,1,True,False,False,False,True,False,False,False,False,False,False,False,False,False,False,False,True,False,False,False,True,False,False,False,True,False,False,False,False,True,False,False,False,False,True,False,True,False,False,False,False,1
0.23529411764705882,0.3421371189611533,1,4,0.7321428571428572,1,1,True,False,False,False,True,False,False,True,False,False,False,False,False,False,False,False,False,False,False,True,False,False,False,False,False,False,False,False,False,False,False,False,False,True,True,False,False,False,True,True,False,0
0.20588235294117646,0.09304500935402223,4,2,0.28571428571428575,1,1,True,False,False,False,True,False,False,False,False,False,False,False,False,False,False,True,False,False,True,False,False,True,False,False,False,True,False,False,False,True,False,False,False,True,True,False,True,False,False,True,False,0
0.2647058823529412,0.1334323759216463,3,4,0.37499999999999994,1,1,False,False,True,False,True,False,False,False,False,False,True,False,False,False,False,False,False,True,False,False,False,False,False,True,False,True,False,False,False,False,True,False,False,True,True,False,False,True,False,False,False,0
0.6470588235294117,0.1376141740948608,4,3,0.33928571428571425,2,2,False,False,True,False,False,False,True,True,False,False,False,False,False,False,False,False,False,False,False,True,False,False,False,True,False,True,False,False,False,False,True,False,False,True,True,False,False,True,False,True,False,0
0.6470588235294117,0.32871134587872786,4,4,0.5535714285714286,1,1,True,False,False,False,False,True,False,False,False,False,False,False,False,True,False,False,False,False,False,False,False,False,False,True,False,True,False,False,False,False,False,True,False,True,False,True,False,True,False,False,False,1
0.5294117647058824,0.3162759986794322,4,3,0.14285714285714285,1,1,False,False,False,False,False,False,True,False,False,False,False,False,False,True,False,False,False,False,False,False,False,True,False,False,False,True,False,False,False,False,False,True,False,False,True,False,False,True,False,True,False,1
0.25,0.05161219324309453,2,4,0.35714285714285715,1,2,True,False,False,False,True,False,False,False,False,False,False,False,False,False,False,True,False,False,False,False,False,False,False,True,True,False,False,False,False,True,False,False,False,True,True,False,False,True,False,False,False,1
0.2941176470588235,0.3336084516342027,3,4,0.39285714285714285,1,2,False,False,True,False,True,False,False,True,False,False,False,False,False,False,False,False,False,False,False,True,False,False,False,True,False,True,False,False,False,False,True,False,False,True,True,False,False,False,True,True,False,0
0.029411764705882346,0.0534279740288324,1,2,0.14285714285714285,2,1,False,False,True,False,False,False,True,False,False,True,False,False,False,False,False,False,False,False,False,True,False,True,False,False,False,False,True,False,False,True,False,False,False,True,True,False,False,True,False,False,False,0
0.2941176470588235,0.14537251017937713,3,4,0.5714285714285714,1,1,False,True,False,False,True,False,False,False,False,True,False,False,False,False,False,False,False,False,False,False,False,False,False,True,False,False,False,False,False,False,False,True,False,True,False,True,False,True,False,False,False,0
0.2941176470588235,0.15472653240893586,4,3,0.23214285714285715,1,1,False,False,True,False,True,False,False,False,False,True,False,False,False,False,False,False,False,True,False,False,False,False,False,True,False,True,False,False,False,False,False,True,False,True,False,False,False,True,False,True,False,0
0.07352941176470588,0.11285352701661715,2,4,0.0535714285714286,1,1,False,False,True,False,True,False,False,False,False,True,False,False,False,False,False,False,True,False,False,False,True,False,False,False,True,False,False,False,False,True,False,False,False,True,False,False,False,True,False,False,False,0
0.20588235294117646,0.39952679652250467,1,4,0.5714285714285714,1,2,False,False,False,False,True,False,False,True,False,False,False,False,False,False,False,False,False,False,False,True,False,False,False,True,False,True,False,False,False,True,False,False,False,True,False,True,False,True,False,True,False,1
0.1176470588235294,0.055463849455265765,2,4,0.0535714285714286,2,1,False,False,True,False,False,False,True,False,False,True,False,False,False,False,False,False,False,False,False,False,True,False,False,False,True,False,False,False,False,True,False,False,False,True,False,False,True,False,False,False,False,0
0.2941176470588235,0.02569604930119952,4,4,0.625,2,1,False,False,True,False,False,True,False,False,False,False,False,False,False,False,False,False,False,False,False,True,False,False,False,True,False,False,True,False,False,False,True,False,False,True,True,False,False,True,False,True,False,0
0.07352941176470588,0.07147573456586331,4,2,0.28571428571428575,1,1,True,False,False,False,True,False,False,False,False,False,False,False,False,False,False,False,False,False,False,True,True,False,False,False,False,True,False,False,False,False,False,False,False,True,True,False,False,False,False,False,False,0
0.2941176470588235,0.07411687025420931,4,4,0.625,2,2,False,False,True,False,False,False,True,False,False,False,False,False,False,True,False,False,False,False,False,False,False,False,False,True,False,True,False,False,False,False,False,True,False,True,False,True,False,True,False,False,False,0
0.20588235294117646,0.08501155496863651,3,4,0.5178571428571428,2,1,True,False,False,False,False,False,True,False,False,False,True,False,False,False,False,False,False,False,False,False,False,False,False,True,True,False,False,False,True,False,False,False,False,False,False,False,True,False,False,True,False,0
0.23529411764705882,0.2213051612193243,1,4,0.0892857142857143,2,1,False,False,False,False,False,False,True,False,False,True,False,False,False,False,False,False,False,False,False,False,False,False,False,True,True,False,False,False,False,True,False,False,False,True,True,False,False,True,False,False,False,0
0.1176470588235294,0.03994717728623308,4,4,0.28571428571428575,2,1,False,False,True,False,False,False,True,False,False,False,True,False,False,False,False,False,False,False,False,True,False,False,False,True,False,True,False,False,False,False,True,False,False,True,True,False,False,True,False,False,False,0
0.1176470588235294,0.39738087377572356,1,2,0.0892857142857143,1,1,True,False,False,False,True,False,False,False,False,False,False,False,False,False,False,False,False,False,False,True,False,False,False,False,True,False,False,False,False,False,False,False,False,True,False,False,False,False,False,False,False,0
0.47058823529411764,0.49636843842852424,2,1,0.0892857142857143,1,1,False,False,False,False,True,False,False,False,False,False,False,False,False,False,False,False,False,False,False,False,False,False,True,False,False,True,False,False,False,False,True,False,False,True,True,False,False,True,False,True,False,1
0.029411764705882346,0.01870804445911742,3,3,0.125,1,1,True,False,False,False,True,False,False,False,False,False,True,False,False,False,False,False,False,False,False,False,True,False,False,False,False,False,True,False,False,False,False,False,False,True,True,False,True,False,False,False,True,0
0.1176470588235294,0.037416088918234836,4,4,0.8214285714285714,4,1,False,False,True,False,False,False,True,False,False,False,True,False,False,False,False,False,False,False,False,True,False,False,False,True,False,True,False,False,False,False,False,False,False,True,True,False,False,True,False,False,False,0
0.5588235294117647,0.49702872235061074,1,2,0.6428571428571428,1,1,True,False,False,True,False,False,False,True,False,False,False,False,False,False,False,False,False,False,False,False,False,False,False,False,False,True,False,False,False,False,False,True,False,False,False,True,False,False,True,True,False,0
0.16176470588235292,0.08407615274568064,2,1,0.125,2,1,True,False,False,False,False,False,False,False,False,False,False,False,False,False,False,False,False,False,False,False,True,False,False,False,True,False,False,False,False,False,False,False,False,True,False,False,False,False,False,False,False,1
0.058823529411764705,0.03615054473423572,3,2,0.125,1,1,True,False,False,False,True,False,False,False,False,False,False,False,False,False,False,True,False,False,False,False,True,False,False,False,False,False,True,False,False,False,False,False,False,True,True,False,False,True,False,True,False,0
0.029411764705882346,0.012875536480686695,3,3,0.16071428571428575,1,1,True,False,False,False,True,False,False,False,False,False,True,False,False,False,False,False,False,False,False,False,False,False,True,False,False,False,True,False,True,False,False,False,False,False,True,False,True,False,False,False,False,0
0.47058823529411764,0.5160669087707714,4,4,0.0892857142857143,2,1,False,False,False,False,False,False,True,True,False,False,False,False,False,False,False,False,False,False,False,False,False,False,True,False,False,True,False,False,False,False,True,False,False,True,True,False,False,True,False,True,False,1
0.6470588235294117,0.15412127214702323,3,4,0.625,1,1,False,False,False,False,True,False,False,False,False,False,False,True,False,False,False,False,False,False,False,False,False,True,False,False,False,True,False,False,False,False,True,False,False,True,True,False,False,True,False,False,False,1
0.6470588235294117,0.20254209310003302,4,4,0.48214285714285715,1,2,False,False,False,False,True,False,False,False,False,False,False,False,False,False,False,False,False,False,False,False,False,False,True,False,False,True,False,False,False,False,False,True,False,True,False,True,False,True,False,False,False,1
0.47058823529411764,0.39517992736876856,2,2,0.625,1,1,True,False,False,False,False,True,False,False,False,False,False,False,False,False,False,False,False,False,False,False,False,True,False,False,True,False,False,False,False,True,False,False,False,True,False,False,False,True,False,False,False,0
0.029411764705882346,0.05986574226917574,1,4,0.7678571428571428,1,1,False,False,True,False,True,False,False,False,False,False,False,True,False,False,False,False,False,True,False,False,False,True,False,False,False,False,False,False,False,False,False,False,False,True,True,False,False,True,False,False,False,0
0.029411764705882346,0.07175085286673269,1,2,0.0892857142857143,2,1,False,False,True,False,False,False,True,False,False,False,True,False,False,False,False,False,False,False,False,False,False,False,True,False,True,False,False,False,False,False,True,False,False,True,False,False,False,True,False,True,False,0
0.47058823529411764,0.8587542643336634,2,3,0.42857142857142855,1,1,False,False,False,False,True,False,False,False,True,False,False,False,False,False,False,False,False,False,False,False,False,False,False,False,False,False,False,True,False,False,True,False,False,True,True,False,False,False,True,False,False,0
0.20588235294117646,0.06025090789039286,4,3,0.125,1,1,False,False,False,False,True,False,False,False,False,False,True,False,False,False,False,False,False,False,False,False,False,True,False,False,False,False,True,False,False,False,False,False,False,False,True,False,False,True,False,False,False,1
0.1176470588235294,0.04682513480796743,3,2,0.14285714285714285,2,1,False,False,True,False,True,False,False,False,False,False,False,False,False,False,False,False,False,False,False,False,False,True,False,False,False,False,True,False,False,False,False,False,False,True,True,False,False,True,False,True,False,0
0.1176470588235294,0.15219544404093763,3,1,0.0892857142857143,1,1,False,True,False,False,True,False,False,False,False,False,True,False,False,False,False,False,False,False,False,False,False,True,False,False,False,False,True,False,False,False,True,False,False,True,True,False,False,True,False,False,False,0
0.47058823529411764,0.1354682513480797,2,2,0.39285714285714285,1,2,False,False,False,False,True,False,False,False,False,True,False,False,False,False,False,False,False,False,False,False,False,False,False,True,False,True,False,False,False,True,False,False,False,False,True,False,False,True,False,False,False,1
0.058823529411764705,0.026466380543633764,4,4,0.49999999999999994,2,1,False,False,False,False,False,False,True,False,False,False,False,False,False,False,False,False,False,False,False,False,False,False,False,True,False,True,False,False,False,False,False,False,False,True,True,False,True,False,False,False,False,0
0.20588235294117646,0.19423352041377795,3,2,0.28571428571428575,2,1,False,False,True,False,False,False,True,False,False,True,False,False,False,False,False,False,False,False,False,False,True,False,False,False,False,False,False,False,False,False,True,False,False,True,True,False,False,False,True,True,False,0
0.25,0.07439198855507868,4,3,0.19642857142857145,2,1,False,False,False,False,False,False,True,False,False,False,False,False,False,False,False,False,False,False,False,False,False,False,False,True,False,False,True,False,False,False,True,False,False,True,True,False,False,True,False,True,False,0
0.20588235294117646,0.20446792120611865,1,4,0.25000000000000006,3,1,False,False,False,False,False,False,True,False,False,False,False,False,False,False,False,False,False,False,False,False,False,False,False,True,True,False,False,False,False,False,False,False,False,False,False,False,False,True,False,True,False,1
0.20588235294117646,0.21541762958071972,2,2,0.30357142857142855,2,2,False,False,True,False,False,False,False,False,False,False,False,False,False,False,False,True,False,False,False,False,False,True,False,False,False,True,False,False,False,False,True,False,True,False,True,False,False,True,False,False,False,1
0.47058823529411764,0.44486629250577747,3,4,0.49999999999999994,1,1,False,False,False,False,True,False,False,True,False,False,False,False,False,False,False,False,False,False,False,True,False,False,False,True,False,True,False,False,False,False,False,True,False,True,False,True,False,True,False,False,False,1
0.6470588235294117,0.3538571585781886,4,4,0.33928571428571425,1,2,True,False,False,False,False,True,False,False,False,False,False,False,False,False,False,True,False,False,False,True,False,True,False,False,False,True,False,False,False,False,False,True,False,True,False,True,False,True,False,True,False,0
0.2941176470588235,0.11692527786948388,4,2,0.44642857142857145,2,2,False,False,True,False,False,True,False,False,False,False,False,False,False,False,False,True,False,True,False,False,False,True,False,False,False,True,False,False,False,False,True,False,False,True,True,False,False,True,False,True,False,0
0.20588235294117646,0.05315285572796302,4,3,0.07142857142857145,1,1,False,False,False,False,True,False,False,False,False,False,False,False,False,False,False,False,False,False,False,False,True,False,False,False,True,False,False,False,False,False,True,False,False,True,False,False,False,True,False,True,False,1
0.6029411764705882,0.6364036535710355,2,4,0.17857142857142855,2,1,False,False,False,False,False,False,False,False,False,False,False,False,False,False,False,True,False,False,False,False,False,False,False,True,False,True,False,False,False,False,True,False,False,True,False,False,False,True,False,False,False,1
0.2941176470588235,0.2659843732805106,2,4,0.41071428571428575,1,1,True,False,False,False,True,False,False,False,False,False,True,False,False,False,False,False,False,False,False,True,False,False,False,True,True,False,False,False,False,False,True,False,False,True,True,False,False,True,False,True,False,0
0.16176470588235292,0.11428414218113787,2,3,0.10714285714285715,1,1,False,True,False,False,True,False,False,False,False,False,True,False,False,False,False,False,False,False,False,False,True,False,False,False,True,False,False,False,False,False,False,False,False,True,True,False,True,False,False,False,False,1
0.1176470588235294,0.045779685264663805,4,4,0.5178571428571428,2,1,False,False,False,False,False,False,False,False,False,False,False,False,False,False,False,False,False,False,False,False,False,True,False,False,False,True,False,False,False,False,True,False,False,False,True,False,False,True,False,False,False,1
0.1176470588235294,0.034995047870584356,4,2,0.035714285714285754,1,1,False,False,True,False,True,False,False,False,False,False,True,False,False,False,False,False,False,False,False,True,False,True,False,False,True,False,False,False,False,False,True,False,False,True,True,False,False,True,False,False,False,0
0.0,0.01931330472103004,1,3,0.07142857142857145,1,2,False,False,True,False,True,False,False,False,False,True,False,False,False,False,False,False,False,False,False,False,True,False,False,False,True,False,False,False,False,False,False,False,False,True,False,False,True,False,False,False,False,0
0.2941176470588235,0.148949048090679,4,4,0.7857142857142858,2,1,False,False,False,False,False,False,True,True,False,False,False,False,False,False,False,False,False,False,False,False,False,False,False,True,False,True,False,False,False,True,False,False,False,True,True,False,False,True,False,True,False,0
0.2941176470588235,0.12991086167051832,4,3,0.48214285714285715,2,1,False,False,True,False,False,False,True,False,False,False,True,False,False,False,False,False,False,False,False,False,False,False,False,True,False,False,True,True,False,False,False,False,False,True,True,False,False,True,False,False,False,0
0.47058823529411764,0.2712116209970287,4,2,0.17857142857142855,1,1,False,False,False,False,True,False,False,False,False,True,False,False,False,False,False,False,False,False,False,False,False,False,True,False,False,True,False,False,False,True,False,False,False,True,True,False,False,True,False,False,False,1
0.25,0.1509298998569385,3,2,0.16071428571428575,2,1,False,False,True,False,False,True,False,True,False,False,False,False,False,False,False,False,False,False,False,False,False,True,False,False,False,True,False,False,False,False,False,False,True,False,True,False,True,False,False,False,False,0
0.20588235294117646,0.09315505667436998,4,4,0.07142857142857145,1,1,False,False,True,False,True,False,False,False,False,False,False,False,True,False,False,False,False,False,False,False,True,False,False,False,True,False,False,False,False,False,False,False,False,True,True,False,False,True,False,False,False,1
0.2941176470588235,0.07202597116760207,4,4,0.5535714285714286,1,1,False,False,True,True,False,False,False,False,False,False,False,False,False,False,False,True,False,False,False,False,False,False,True,False,False,True,False,False,False,False,True,False,False,False,True,False,False,True,False,True,False,0
0.20588235294117646,0.17453505007153078,4,4,0.49999999999999994,3,2,False,False,True,False,True,False,False,False,False,True,False,False,False,False,False,False,False,False,False,False,False,False,False,True,False,True,False,False,False,True,False,False,False,False,True,False,False,True,False,True,False,0
0.25,0.2050181578078574,2,3,0.28571428571428575,1,1,True,False,False,False,True,False,False,False,False,True,False,False,False,False,False,False,False,False,False,True,False,False,True,False,False,True,False,False,False,False,True,False,False,True,True,False,False,True,False,True,False,0
0.20588235294117646,0.3582590513920986,2,4,0.875,2,1,False,False,True,False,True,False,False,False,False,False,False,False,False,False,False,False,False,False,False,True,False,True,False,False,False,True,False,False,False,False,True,False,False,True,False,False,False,True,False,False,False,1
0.2941176470588235,0.05496863651370089,4,2,0.16071428571428575,1,1,False,False,True,False,True,False,False,False,False,False,False,False,False,False,False,False,False,False,False,False,True,False,False,False,False,False,True,False,False,False,False,False,False,True,True,False,False,True,False,False,False,0
0.07352941176470588,0.06129635743369649,3,4,0.7142857142857144,1,1,False,False,False,False,True,False,False,False,False,False,True,False,False,False,False,False,False,False,False,False,False,False,True,False,False,True,False,False,False,False,False,False,False,True,True,False,False,True,False,False,False,0
0.1176470588235294,0.025255860019808517,4,4,0.6785714285714286,1,1,False,False,False,False,True,False,False,False,False,False,True,False,False,False,False,False,False,False,False,False,False,False,False,True,False,True,False,False,False,False,False,False,True,False,True,False,True,False,False,False,False,1
0.23529411764705882,0.10922196544514141,4,2,0.25000000000000006,2,1,False,False,False,False,False,False,True,False,False,False,False,False,False,False,False,False,False,False,False,False,False,True,False,False,False,False,True,False,True,True,False,False,False,False,False,False,False,True,False,False,True,1
0.2941176470588235,0.20864971937933313,3,4,0.42857142857142855,2,1,False,False,True,False,False,False,True,True,False,False,False,False,False,False,False,False,False,False,False,True,False,False,True,False,False,True,False,False,False,True,False,False,False,True,True,False,False,True,False,True,False,0
0.16176470588235292,0.06718388907230109,4,4,0.28571428571428575,2,1,False,False,True,False,False,False,True,False,False,False,True,False,False,False,False,False,False,False,False,False,False,True,False,False,False,True,False,False,False,False,False,True,False,True,False,True,False,True,False,True,False,0
0.20588235294117646,0.06558820292725871,4,4,0.23214285714285715,2,2,False,False,False,True,False,False,False,False,False,False,False,False,False,False,False,False,False,False,False,False,False,False,True,False,False,True,False,False,False,False,False,True,False,True,False,True,True,False,False,False,False,1
0.47058823529411764,0.5846263893474194,2,2,0.46428571428571425,2,2,False,False,True,False,False,True,False,False,False,False,False,False,False,False,False,False,False,False,False,False,False,False,False,True,False,True,False,False,False,False,True,False,False,True,True,False,False,True,False,True,False,0
0.2941176470588235,0.06734896005282272,4,3,0.25000000000000006,1,1,False,False,True,False,True,False,False,False,False,False,False,False,False,False,False,False,True,False,False,False,True,False,False,False,False,False,True,False,False,False,False,False,False,True,True,False,False,True,False,True,False,0
0.08823529411764706,0.03543523715197534,4,3,0.37499999999999994,1,1,False,False,True,False,True,False,False,False,False,False,False,False,False,False,True,False,False,False,False,True,False,False,True,False,True,False,False,False,False,True,False,False,False,True,True,False,False,True,False,True,False,0
0.16176470588235292,0.17018818091779467,4,2,0.16071428571428575,1,1,False,False,True,False,False,False,True,False,False,True,False,False,False,False,False,False,False,False,False,False,False,True,False,False,False,True,False,False,False,False,False,True,False,True,False,True,False,True,False,True,False,0
0.16176470588235292,0.20408275558490152,3,2,0.17857142857142855,1,1,False,False,False,False,True,False,False,False,False,False,False,False,False,False,False,False,False,False,False,False,False,True,False,False,True,False,False,False,False,True,False,False,False,True,True,False,False,True,False,True,False,1
0.07352941176470588,0.18306371739848135,1,2,0.125,1,2,False,False,True,False,True,False,False,False,False,False,False,False,False,False,False,False,True,False,False,False,False,True,False,False,False,True,False,False,True,False,False,False,False,True,False,False,False,True,False,False,True,0
0.2941176470588235,0.30560140860570045,4,2,0.14285714285714285,2,1,False,False,True,False,False,False,True,True,False,False,False,False,False,False,False,False,False,False,True,False,False,True,False,False,False,True,False,False,False,False,False,False,False,True,True,False,False,True,False,False,False,0
0.20588235294117646,0.10559040387366568,4,2,0.16071428571428575,1,1,False,False,True,False,False,True,False,False,False,False,False,False,False,False,False,True,False,False,False,False,False,True,False,False,False,False,True,False,False,False,True,False,False,True,True,False,False,True,False,True,False,1
0.2941176470588235,0.12044679212061186,4,4,0.28571428571428575,1,1,False,False,False,False,True,False,False,False,False,False,True,False,False,False,False,False,False,False,False,False,True,False,False,False,True,False,False,False,False,False,False,False,False,True,True,False,False,True,False,True,False,1
0.338235294117647,0.23528117090348852,4,2,0.23214285714285715,2,2,False,False,True,False,False,False,True,False,False,True,False,False,False,False,False,False,False,False,True,False,True,False,False,False,False,True,False,False,False,False,False,False,True,False,True,False,True,False,False,True,False,0
0.08823529411764706,0.10784637394079453,2,2,0.10714285714285715,1,1,False,False,True,False,True,False,False,False,False,True,False,False,False,False,False,False,False,False,False,False,False,True,False,False,False,True,False,False,False,False,False,False,False,False,False,False,True,False,False,False,False,1
0.16176470588235292,0.10845163420270716,2,4,0.01785714285714285,1,1,False,False,True,False,True,False,False,False,False,True,False,False,False,False,False,False,False,True,False,False,False,True,False,False,True,False,False,False,False,False,True,False,False,True,False,False,False,True,False,False,False,0
0.20588235294117646,0.11769560911191813,4,1,0.14285714285714285,1,1,False,False,False,False,True,False,False,False,False,False,True,False,False,False,False,False,False,False,False,False,True,False,False,False,True,False,False,False,False,False,True,False,True,False,True,False,False,True,False,False,False,0
0.1176470588235294,0.16952789699570817,2,4,0.41071428571428575,1,1,False,False,True,False,False,False,True,False,False,True,False,False,False,False,False,False,False,False,False,False,False,False,False,True,False,True,False,False,False,True,False,False,True,False,True,False,False,True,False,False,False,0
0.47058823529411764,0.39391438318476946,3,2,0.32142857142857145,2,1,False,False,True,False,True,False,False,False,False,False,False,False,False,False,False,True,False,False,False,True,False,False,False,True,False,True,False,False,False,True,False,False,False,True,True,False,False,True,False,False,False,0
0.1176470588235294,0.022119511389897654,4,4,0.0892857142857143,1,1,False,False,False,False,True,False,False,False,False,True,False,False,False,False,False,False,False,False,False,False,False,False,False,True,True,False,False,False,False,True,False,False,False,True,False,False,False,True,False,False,False,0
0.47058823529411764,0.4087157477715418,2,4,0.37499999999999994,2,1,False,False,True,False,False,True,False,False,False,True,False,False,False,False,False,False,False,True,False,False,False,False,True,False,True,False,False,False,False,False,True,False,False,True,True,False,False,True,False,True,False,0
0.029411764705882346,0.06014086057004511,1,4,0.48214285714285715,2,2,False,True,False,False,False,False,True,False,False,False,False,False,False,False,False,False,False,False,False,False,False,False,False,True,False,True,False,False,False,False,False,False,False,True,True,False,False,True,False,False,True,0
0.2941176470588235,0.06228678331682623,4,1,0.125,2,1,False,False,False,False,False,False,True,False,False,False,False,False,False,False,False,True,True,False,False,False,False,False,True,False,False,True,False,False,False,False,False,False,False,True,True,False,False,True,False,True,False,0
0.16176470588235292,0.034334763948497854,4,1,0.0892857142857143,1,1,False,False,True,False,True,False,False,False,False,False,False,True,False,False,False,False,False,False,False,True,True,False,False,False,True,False,False,False,False,False,False,False,False,True,True,False,False,True,False,False,False,0
0.1176470588235294,0.18377902498074172,2,2,0.17857142857142855,1,2,False,False,False,False,True,False,False,False,False,True,False,False,False,False,False,False,False,False,False,False,False,True,False,False,False,True,False,True,False,True,False,False,False,True,True,False,True,False,False,False,False,0
0.10294117647058824,0.05898536370639375,4,4,0.37499999999999994,2,1,True,False,False,False,False,False,True,False,False,False,False,False,False,False,False,False,False,False,True,False,False,True,False,False,True,False,False,False,False,False,True,False,False,True,True,False,False,True,False,False,False,0
0.20588235294117646,0.09298998569384835,3,4,0.30357142857142855,1,1,False,False,False,True,False,False,False,False,False,False,True,False,False,False,False,False,False,False,False,False,True,False,False,False,False,True,False,True,False,False,False,True,False,False,False,True,False,False,True,True,False,0
0.47058823529411764,0.1840541432816111,4,2,0.16071428571428575,1,1,False,False,True,False,True,False,False,False,False,False,True,False,False,False,False,False,False,False,False,False,False,False,False,True,False,True,False,False,False,False,True,False,False,True,True,False,False,True,False,False,False,0
0.07352941176470588,0.06448772972378122,3,2,0.14285714285714285,1,1,False,False,False,False,True,False,False,False,False,False,False,False,False,False,False,False,False,False,False,False,True,False,False,False,False,True,False,False,False,False,False,True,False,True,False,True,False,False,True,True,False,1
0.38235294117647056,0.35721360184879497,2,3,0.30357142857142855,2,1,False,False,True,False,False,False,True,False,False,False,True,False,False,False,False,False,False,False,False,True,False,False,True,False,False,True,False,False,False,True,False,False,False,True,True,False,False,True,False,False,False,0
0.2941176470588235,0.41619896555518876,3,3,0.33928571428571425,1,1,False,False,True,False,True,False,False,True,False,False,False,False,False,False,False,False,False,False,False,False,False,False,True,False,False,True,False,False,False,False,True,False,False,True,True,False,False,False,True,True,False,0
0.2941176470588235,0.49669858038956755,2,4,0.5178571428571428,1,1,False,False,True,False,True,False,False,True,False,False,False,False,False,False,False,False,False,False,False,True,False,True,False,False,False,False,False,False,False,False,False,True,False,True,False,True,False,True,False,True,False,0
0.38235294117647056,0.10625068779575217,4,4,0.30357142857142855,2,1,True,False,False,False,False,False,True,False,False,False,False,False,False,False,False,False,False,False,False,True,False,False,False,True,False,True,False,False,False,False,False,False,False,True,True,False,False,True,False,False,False,0
0.20588235294117646,0.04666006382744581,4,4,0.8214285714285714,2,1,False,False,True,False,False,False,True,False,False,False,True,False,False,False,False,False,False,False,False,False,False,False,False,False,True,False,False,False,False,False,True,False,False,True,True,False,False,False,False,False,False,0
0.2941176470588235,0.20947507428194126,3,3,0.42857142857142855,1,1,True,False,False,False,True,False,False,False,False,True,False,False,False,False,False,False,False,False,False,False,False,False,True,False,False,False,False,False,False,False,True,False,False,True,True,False,False,True,False,True,False,1
0.1176470588235294,0.029987894794761747,4,4,0.6071428571428572,1,1,False,False,False,False,True,False,False,False,False,False,False,False,False,True,False,False,False,False,False,False,True,False,False,False,True,False,False,False,False,True,False,False,False,True,True,False,False,True,False,False,False,1
0.2941176470588235,0.14168592494772753,4,3,0.26785714285714285,2,2,True,False,False,False,False,False,True,False,False,False,False,False,False,False,False,True,False,False,False,True,False,False,True,False,False,True,False,False,False,False,False,True,False,True,True,False,False,True,False,True,False,0
0.6470588235294117,0.8485748872014967,2,2,0.07142857142857145,1,1,True,False,False,False,True,False,False,False,False,False,False,False,False,False,False,True,False,False,False,False,False,True,False,False,False,True,False,False,False,False,True,False,False,True,True,False,False,True,False,True,False,1
0.47058823529411764,0.350170573346539,4,4,0.26785714285714285,2,1,False,False,True,False,False,False,True,False,False,False,False,False,False,False,False,False,False,False,False,False,False,False,False,True,False,True,False,False,False,False,True,False,False,True,True,False,False,False,True,True,False,0
0.3529411764705882,0.4167492021569275,3,4,0.37499999999999994,2,2,False,False,True,True,False,False,False,True,False,False,False,False,False,False,False,False,False,False,False,True,True,False,False,False,False,True,False,False,True,False,False,False,False,False,False,False,False,True,False,True,False,0
0.338235294117647,0.12061186310113349,4,4,0.42857142857142855,4,2,False,False,False,False,False,False,True,False,False,False,False,False,False,False,False,True,False,False,False,False,False,False,False,True,False,True,False,False,False,False,True,False,True,False,True,False,False,False,True,True,False,0
0.16176470588235292,0.08688235941454825,4,4,0.48214285714285715,2,1,False,False,True,False,False,False,True,False,False,False,True,False,False,False,False,False,False,False,False,False,False,False,False,True,False,True,False,False,False,False,True,False,False,True,True,False,False,True,False,True,False,0
0.1176470588235294,0.10570045119401342,4,4,0.33928571428571425,2,1,False,False,False,False,False,False,True,False,False,False,False,False,False,False,False,False,False,False,False,False,False,True,False,False,False,True,False,False,False,True,False,False,False,False,True,False,True,False,False,False,True,0
0.47058823529411764,0.30538131396500495,3,4,0.26785714285714285,2,1,True,False,False,False,False,False,True,True,False,False,False,False,False,False,False,False,False,False,False,False,False,True,False,False,False,True,False,False,False,False,True,False,False,True,True,False,False,True,False,True,False,0
0.20588235294117646,0.0505667436997909,4,3,0.17857142857142855,2,1,False,False,True,False,False,False,True,False,False,False,True,False,False,False,False,False,False,False,False,True,False,True,False,False,False,True,False,False,False,True,False,False,False,True,True,False,False,True,False,True,False,0
0.47058823529411764,0.47854077253218885,3,2,0.21428571428571425,1,2,False,False,True,False,False,True,False,True,False,False,False,False,False,False,False,False,False,False,False,True,False,False,True,False,False,True,False,False,False,False,True,False,True,False,True,False,False,False,True,True,False,0
0.25,0.12963574336964895,4,4,0.16071428571428575,1,1,False,False,False,False,True,False,False,False,False,False,True,False,False,False,False,False,False,False,False,False,True,False,False,False,True,False,False,False,False,True,False,False,False,True,False,False,False,False,True,True,False,0
0.1176470588235294,0.07384175195333993,3,2,0.28571428571428575,1,1,False,False,True,False,False,False,True,False,False,True,False,False,False,False,False,False,False,False,True,False,False,False,True,False,True,False,False,False,False,True,False,False,False,True,True,False,False,True,False,False,True,0
0.16176470588235292,0.10652580609662154,1,4,0.25000000000000006,1,1,False,False,True,False,True,False,False,False,False,True,False,False,False,False,False,False,False,False,False,True,False,False,True,False,True,False,False,False,False,False,False,False,False,False,False,False,True,False,False,False,False,0
0.20588235294117646,0.21475734565863322,2,3,0.41071428571428575,1,1,False,False,False,False,True,False,False,False,False,True,False,False,False,False,False,False,False,False,False,False,False,True,False,False,False,True,False,True,False,False,True,False,False,True,True,False,False,True,False,False,False,1
0.1764705882352941,0.13068119291295258,2,4,0.42857142857142855,1,1,False,False,False,False,False,False,True,False,False,False,False,False,False,False,False,False,False,False,False,False,False,False,False,True,False,True,False,False,True,True,False,False,False,False,False,False,False,True,False,True,False,1
0.23529411764705882,0.1780015406624849,2,4,0.44642857142857145,2,1,False,False,True,False,False,False,True,False,False,False,False,False,False,False,False,False,False,False,False,True,True,False,False,False,False,False,False,False,False,False,False,False,False,True,True,False,False,True,False,True,False,0
0.47058823529411764,0.5627269725982172,2,4,0.41071428571428575,2,1,False,False,True,False,False,False,True,True,False,False,False,False,False,False,False,False,False,False,False,True,False,False,False,True,False,True,False,False,False,False,False,True,False,True,False,True,False,True,False,False,False,0
0.16176470588235292,0.06250687795752173,4,2,0.37499999999999994,1,1,False,False,True,False,True,False,False,False,False,False,True,False,False,False,False,False,False,False,False,True,False,True,False,False,False,False,True,False,False,False,False,False,False,True,False,False,False,True,False,True,False,0
0.2941176470588235,0.056564322658743255,4,1,0.30357142857142855,1,1,False,False,True,False,True,False,False,False,False,False,True,False,False,False,False,False,False,False,False,False,False,False,False,True,False,True,False,False,False,False,False,False,False,True,True,False,False,False,True,True,False,0
0.1176470588235294,0.04715527676901067,2,2,0.01785714285714285,1,2,False,False,False,False,True,False,False,False,False,False,True,False,False,False,False,False,False,False,False,False,False,True,False,False,False,True,False,False,False,False,False,False,False,True,False,False,False,False,True,True,False,0
0.25,0.19329811819082207,2,2,0.0892857142857143,1,1,False,False,False,False,True,False,False,False,False,False,False,False,False,False,False,False,False,False,False,True,False,False,True,False,False,True,False,True,False,False,False,False,False,True,True,False,True,False,False,False,True,0
0.47058823529411764,0.1904368878617806,2,2,0.14285714285714285,1,1,True,False,False,False,True,False,False,False,False,False,False,False,False,True,False,False,False,False,False,True,False,True,False,False,False,False,True,False,False,False,True,False,False,True,True,False,False,True,False,False,False,0
0.16176470588235292,0.18399911962143722,1,2,0.48214285714285715,2,1,False,False,True,False,False,True,False,True,False,False,False,False,False,False,False,False,False,False,False,False,True,False,False,False,True,False,False,False,False,True,False,False,False,True,True,False,True,False,False,False,False,0
0.07352941176470588,0.1620446792120612,1,2,0.25000000000000006,1,1,True,False,False,False,True,False,False,False,False,False,False,False,False,False,False,False,False,False,False,True,False,True,False,False,True,False,False,False,False,False,False,False,False,True,True,False,True,False,False,False,False,0
0.47058823529411764,0.23131946737096953,4,4,0.26785714285714285,2,1,False,False,True,False,False,True,False,False,False,False,True,False,False,False,False,False,False,False,False,False,False,True,False,False,True,False,False,False,False,False,False,False,False,True,True,False,False,True,False,False,False,0
0.2941176470588235,0.24683613954000222,2,4,0.10714285714285715,1,1,True,False,False,False,False,False,True,False,False,True,False,False,False,False,False,False,False,False,False,False,True,False,False,False,True,False,False,False,False,False,True,False,False,False,True,False,True,False,False,False,False,1
0.38235294117647056,0.15081985253659075,2,4,0.10714285714285715,1,1,True,False,False,False,True,False,False,False,False,False,True,False,False,False,False,False,False,False,False,True,False,False,False,True,True,False,False,False,False,False,True,False,False,True,True,False,False,True,False,False,False,0
0.10294117647058824,0.10410476504897105,1,2,0.16071428571428575,1,1,False,False,True,False,True,False,False,False,False,False,False,False,False,False,False,True,False,False,True,False,False,False,False,True,False,False,False,False,False,False,False,False,False,True,True,False,False,True,False,True,False,0
0.2941176470588235,0.16017387476614944,4,2,0.21428571428571425,1,1,False,False,False,True,False,False,False,False,False,False,False,False,False,False,False,True,False,False,False,False,False,True,False,False,False,True,False,False,False,True,False,False,False,True,False,False,False,True,False,True,False,1
0.6470588235294117,1.0,1,2,0.23214285714285715,1,1,True,False,False,False,False,False,False,False,True,False,False,False,False,False,False,False,False,False,False,False,False,True,False,False,True,False,False,False,False,True,False,False,False,False,True,False,False,False,True,True,True,1
0.08823529411764706,0.14295146913172666,1,2,0.23214285714285715,1,2,False,False,True,False,True,False,False,True,False,False,False,False,False,False,False,False,True,False,False,False,False,True,False,False,False,True,False,True,False,False,False,False,False,True,True,False,False,True,False,False,False,0
0.029411764705882346,0.8058765269065697,1,4,0.875,1,1,False,False,False,False,True,False,False,False,False,False,False,False,False,False,False,False,False,False,False,False,False,False,False,True,False,True,False,False,False,False,False,True,False,False,True,False,False,False,True,True,False,1
0.2941176470588235,0.11604489930670188,1,1,0.25000000000000006,1,1,False,False,False,False,True,False,False,False,False,True,False,False,False,False,False,False,True,False,False,False,False,False,False,False,False,False,False,False,False,True,False,False,False,True,True,False,False,True,False,False,False,1
0.2941176470588235,0.17029822823814242,4,2,0.35714285714285715,1,1,False,False,False,False,True,False,False,False,False,True,False,False,False,False,False,False,False,False,False,False,False,False,False,True,False,True,False,False,False,True,False,False,False,True,False,False,False,False,True,True,False,1
0.20588235294117646,0.08622207549246176,4,2,0.16071428571428575,2,1,False,False,True,False,False,False,True,False,False,True,False,False,False,False,False,False,False,False,False,False,False,True,False,False,True,False,False,False,False,False,False,True,False,True,True,False,False,True,False,False,False,0
0.6470588235294117,0.6877407285132606,4,1,0.32142857142857145,1,1,False,False,True,False,False,True,False,False,False,False,True,False,False,False,False,False,False,True,False,False,False,False,True,False,False,True,False,False,False,False,True,False,False,True,True,False,False,False,True,True,False,0
0.07352941176470588,0.06140640475404424,3,4,0.0535714285714286,1,1,False,False,False,False,True,False,False,False,False,False,True,False,False,False,False,False,False,False,False,False,True,False,False,False,True,False,False,False,False,True,False,False,False,True,False,False,False,True,False,False,False,1
0.1176470588235294,0.09640145262462858,3,4,0.19642857142857145,1,2,True,False,False,False,True,False,False,False,False,False,False,False,False,False,False,False,False,False,False,False,False,False,True,False,False,True,False,False,False,True,False,False,False,True,False,False,False,True,False,True,False,0
0.2941176470588235,0.36436667767139874,2,1,0.6428571428571428,1,1,False,False,False,True,False,False,False,False,False,True,False,False,False,False,False,False,False,False,False,False,True,False,False,False,False,False,False,False,False,True,False,False,False,False,True,False,False,True,False,True,False,1
0.1176470588235294,0.024595576097722022,4,2,0.48214285714285715,2,1,False,False,False,True,False,False,False,False,False,False,False,False,False,False,False,False,False,False,False,False,True,False,False,False,False,True,False,False,False,False,True,False,False,False,True,False,False,True,False,True,False,1
0.20588235294117646,0.04396390447892594,4,4,0.035714285714285754,1,1,False,False,False,False,False,False,True,False,False,True,False,False,False,False,False,False,False,False,False,False,True,False,False,False,True,False,False,False,False,True,False,False,False,True,False,False,False,True,False,False,False,0
0.6470588235294117,0.5528227137669197,4,4,0.35714285714285715,3,2,False,False,False,False,True,False,False,True,False,False,False,False,False,False,False,False,False,False,False,False,False,False,True,False,False,True,False,False,False,False,False,True,True,False,False,True,False,True,False,True,False,1
0.38235294117647056,0.08897325850115549,4,4,0.6964285714285714,1,1,False,False,True,False,True,False,False,False,False,False,True,False,False,False,False,False,False,False,False,True,False,False,False,True,False,True,False,False,False,False,True,False,False,True,True,False,False,True,False,True,False,0
0.1176470588235294,0.06019588423021899,4,2,0.42857142857142855,2,2,False,False,False,False,False,True,False,False,False,False,False,False,False,False,False,False,False,False,False,False,False,True,False,False,False,True,False,False,False,False,False,False,False,True,True,False,True,False,False,False,False,0
0.2941176470588235,0.08237041928029053,4,1,0.0892857142857143,1,1,False,False,False,False,True,False,False,False,False,True,False,False,False,False,False,False,False,False,False,False,True,False,False,False,False,True,False,True,False,True,False,False,False,True,True,False,True,False,False,False,True,0
0.07352941176470588,0.07813359744690217,4,2,0.0535714285714286,1,1,True,False,False,False,True,False,False,False,False,False,True,False,False,False,False,False,False,False,False,False,True,False,False,False,True,False,False,False,False,False,True,False,False,True,True,False,False,True,False,True,False,1
0.07352941176470588,0.05359304500935402,3,1,0.19642857142857145,2,1,False,False,True,False,False,False,True,False,False,False,False,False,False,False,False,False,False,False,False,False,False,True,False,False,False,True,False,False,False,False,False,False,False,True,True,False,False,True,False,False,False,0
0.1176470588235294,0.014966435567293938,4,4,0.41071428571428575,2,2,False,False,True,False,False,False,True,False,False,False,True,False,False,False,False,False,False,True,False,False,False,False,False,True,False,True,False,False,False,True,False,False,False,True,True,False,False,True,False,True,False,0
0.1176470588235294,0.06866952789699571,4,1,0.07142857142857145,1,1,False,False,False,False,True,False,False,False,False,False,True,False,False,False,False,False,False,False,False,False,False,True,False,False,True,False,False,False,False,False,True,False,False,False,True,False,False,True,False,False,False,0
0.38235294117647056,0.09183448883019699,4,3,0.19642857142857145,2,1,True,False,False,False,False,True,False,False,False,False,True,False,False,False,False,False,True,False,False,False,True,False,False,False,False,True,False,False,False,False,False,True,True,False,True,False,False,False,True,False,False,1
0.07352941176470588,0.02723671178606801,3,2,0.16071428571428575,1,1,False,True,False,False,True,False,False,False,False,False,True,False,False,False,False,False,False,False,False,False,False,True,False,False,True,False,False,False,False,False,False,False,False,True,True,False,True,False,False,False,False,1
0.029411764705882346,0.09975789589523495,4,3,0.19642857142857145,1,1,True,False,False,False,True,False,False,False,False,False,True,False,False,False,False,False,False,False,False,False,True,False,False,False,False,False,True,False,False,False,True,False,False,True,False,False,False,False,True,True,False,0
0.8235294117647058,0.33223286012985587,4,4,0.41071428571428575,1,1,True,False,False,False,True,False,False,False,False,False,False,False,False,True,False,False,False,False,False,False,False,True,False,False,False,True,False,False,False,False,False,True,False,True,False,True,False,True,False,False,False,1
0.2941176470588235,0.3627159678661825,2,4,0.48214285714285715,2,2,False,False,True,False,False,False,True,True,False,False,False,False,False,False,False,False,False,False,False,True,False,True,False,False,False,True,False,False,False,True,False,False,False,True,True,False,False,False,True,True,False,0
0.1176470588235294,0.18031253438978762,2,3,0.46428571428571425,1,2,False,False,True,False,True,False,False,False,False,False,False,False,False,False,False,False,False,False,False,True,True,False,False,False,False,True,False,False,False,True,False,False,False,True,True,False,False,False,True,True,False,0
0.08823529411764706,0.07131066358534169,3,2,0.21428571428571425,1,2,False,False,True,False,True,False,False,False,False,False,False,False,False,False,False,False,False,False,False,False,False,True,False,False,False,True,False,False,False,False,False,False,False,True,True,False,True,False,False,False,True,0
0.2941176470588235,0.03736106525806096,4,2,0.21428571428571425,1,1,False,False,True,False,True,False,False,False,False,True,False,False,False,False,False,False,False,False,False,True,False,False,True,False,False,True,False,False,False,False,True,False,True,False,True,False,False,True,False,True,False,0
0.0,0.06630351050951909,2,1,0.41071428571428575,3,2,False,False,True,False,False,False,True,False,False,False,False,False,False,False,False,False,False,False,False,False,False,False,True,False,False,True,False,False,False,False,False,False,False,True,True,False,True,False,False,False,False,0
0.16176470588235292,0.08776273797733025,4,1,0.48214285714285715,1,1,False,False,False,False,True,False,False,False,False,True,False,False,False,False,False,False,False,False,False,False,True,False,False,False,True,False,False,False,True,True,False,False,False,True,False,False,False,True,False,False,False,0
0.6470588235294117,0.44613183668977663,1,1,0.19642857142857145,2,1,True,False,False,False,False,False,False,False,False,False,False,False,False,False,False,False,False,True,False,False,True,False,False,False,True,False,False,False,False,False,True,False,False,True,True,False,False,True,False,False,False,0
0.2941176470588235,0.17051832287883792,4,4,0.19642857142857145,1,2,False,False,False,True,False,False,False,False,False,True,False,False,False,False,False,False,False,True,False,False,True,False,False,False,False,True,False,False,False,False,False,True,False,True,False,True,False,True,False,True,False,1
0.1176470588235294,0.14355672939363928,4,4,0.33928571428571425,1,1,False,False,True,False,True,False,False,False,False,False,False,False,False,False,False,False,False,False,False,True,False,False,False,False,False,True,False,False,False,False,False,True,False,True,True,False,False,False,True,True,False,0
0.20588235294117646,0.07059535600308132,4,1,0.42857142857142855,1,2,False,False,True,False,True,False,False,False,False,True,False,False,False,False,False,False,False,False,False,False,True,False,False,False,False,False,True,True,False,True,False,False,False,True,True,False,True,False,False,False,False,1
0.2941176470588235,0.18548475844613185,2,4,0.21428571428571425,2,1,False,False,True,False,True,False,False,False,False,False,True,False,False,False,False,False,True,False,False,False,False,False,False,True,False,True,False,False,False,False,True,False,False,True,True,False,False,True,False,False,False,1
0.20588235294117646,0.18377902498074172,3,3,0.37499999999999994,3,2,True,False,False,False,False,False,True,False,False,False,False,False,False,False,False,True,False,False,False,False,False,False,False,False,False,False,True,False,False,False,True,False,False,True,True,False,False,False,False,True,False,0
0.47058823529411764,0.10426983602949268,2,1,0.0892857142857143,2,1,False,False,False,False,False,True,False,False,False,False,False,False,False,False,False,True,False,False,False,False,False,False,True,False,False,True,False,False,False,False,True,False,False,True,True,False,False,True,False,True,False,1
0.2941176470588235,0.21255639925167824,3,4,0.16071428571428575,1,1,True,False,False,False,True,False,False,True,False,False,False,False,False,False,False,False,False,True,False,False,True,False,False,False,True,False,False,False,False,False,True,False,False,True,False,False,False,True,False,False,False,1
0.47058823529411764,0.590073731704633,4,2,0.125,2,1,False,False,True,False,True,False,False,False,False,True,False,False,False,False,False,False,False,False,False,False,False,False,False,False,True,False,False,False,False,False,True,False,False,True,True,False,False,False,True,True,False,1
0.1176470588235294,0.09040387366567623,4,4,0.17857142857142855,1,1,False,False,False,False,True,False,False,False,False,False,False,False,False,False,False,False,False,False,False,False,False,True,False,False,True,False,False,False,True,True,False,False,False,True,True,False,False,True,False,True,False,0
0.2941176470588235,0.05397821063057115,4,4,0.6785714285714286,2,1,False,False,False,False,False,False,True,False,False,False,True,False,False,False,False,False,False,False,True,False,False,False,False,True,True,False,False,False,False,True,False,False,False,True,False,False,False,False,True,True,False,0
0.38235294117647056,0.18741058655221746,4,4,0.5357142857142858,2,1,False,True,False,False,False,False,True,False,False,False,True,False,False,False,False,False,False,False,False,True,False,False,False,True,False,True,False,False,False,True,False,False,True,False,True,False,True,False,False,False,False,0
0.07352941176470588,0.04974138879718279,2,4,0.32142857142857145,3,1,True,False,False,False,False,False,True,False,False,False,True,False,False,False,False,False,False,False,False,False,False,False,False,True,False,True,False,False,False,False,False,False,False,True,True,False,True,False,False,False,False,0
0.3529411764705882,0.20666886761307363,3,2,0.46428571428571425,1,1,False,False,False,False,True,False,False,False,False,False,False,False,False,False,False,False,False,False,False,False,False,True,False,False,False,True,False,False,False,False,True,False,False,True,True,False,True,False,False,False,False,1
0.2941176470588235,0.15511169803015298,4,4,0.19642857142857145,1,1,True,False,False,False,True,False,False,False,False,True,False,False,False,False,False,False,True,False,False,False,False,False,False,True,False,True,False,False,False,False,False,True,False,True,False,True,False,True,False,False,False,0
0.029411764705882346,0.0819852536590734,2,2,0.19642857142857145,2,1,False,False,True,False,False,False,True,False,False,False,True,False,False,False,False,False,False,False,False,False,False,False,False,True,False,False,True,False,False,False,False,False,False,True,False,False,False,True,False,False,False,0
0.25,0.11571475734565863,1,4,0.49999999999999994,2,1,True,False,False,False,False,True,False,False,False,False,False,False,False,False,False,False,False,False,False,False,False,True,False,False,False,False,False,False,False,True,False,False,False,True,True,False,False,True,False,False,False,0
0.16176470588235292,0.18190822053483,3,2,0.17857142857142855,1,1,False,False,True,False,True,False,False,False,False,False,False,False,False,False,False,False,False,False,False,True,False,True,False,False,False,True,False,False,False,False,False,True,False,True,True,False,False,True,False,False,False,0
0.2941176470588235,0.11813579839330911,3,2,0.28571428571428575,2,1,False,False,True,False,True,False,False,False,False,False,True,False,False,False,False,False,False,True,False,False,False,False,False,True,False,True,False,False,False,False,True,False,False,False,True,False,False,True,False,True,False,1
0.029411764705882346,0.011224826675470454,3,1,0.0535714285714286,1,1,True,False,False,False,True,False,False,False,False,False,False,False,True,False,False,False,False,False,False,False,True,False,False,False,False,False,True,False,False,True,False,False,False,True,True,False,True,False,False,False,False,0
0.38235294117647056,0.08060966215472654,4,1,0.125,1,1,True,False,False,False,True,False,False,False,False,False,True,False,False,False,False,False,False,False,False,True,False,True,False,False,True,False,False,False,False,False,True,False,False,True,True,False,False,True,False,False,False,0
0.338235294117647,0.12490370859469573,4,2,0.07142857142857145,2,1,True,False,False,False,False,False,True,False,False,False,True,False,False,False,False,False,False,True,False,False,False,True,False,False,False,True,False,False,False,True,False,False,False,True,True,False,True,False,False,False,False,1
0.16176470588235292,0.1825685044569165,4,2,0.625,1,1,False,False,True,False,True,False,False,False,False,False,True,False,False,False,False,False,False,False,False,False,False,False,False,True,True,False,False,False,False,False,True,False,False,False,False,False,False,False,True,True,False,0
0.5588235294117647,0.3805436337625179,2,4,0.17857142857142855,1,1,False,False,True,False,True,False,False,False,False,False,True,False,False,False,False,False,False,False,False,True,False,False,True,False,False,False,True,False,False,True,False,False,False,True,False,False,False,True,False,True,False,0
0.10294117647058824,0.20298228238142402,1,2,0.37499999999999994,2,2,False,False,False,False,False,False,True,False,False,False,False,False,False,False,False,False,False,False,False,False,False,True,False,False,False,True,False,False,False,False,False,False,False,True,True,False,True,False,False,False,False,0
0.16176470588235292,0.0695499064597777,4,2,0.0535714285714286,1,1,True,False,False,False,True,False,False,False,False,False,False,False,True,False,False,False,True,False,False,False,False,True,False,False,False,True,False,False,True,False,False,False,False,True,True,False,False,True,False,False,False,0
0.2941176470588235,0.39303400462198745,1,4,0.42857142857142855,1,2,False,False,True,False,True,False,False,False,False,False,False,False,False,False,False,False,False,False,False,False,False,True,False,False,False,True,False,False,False,True,False,False,False,True,True,False,True,False,False,False,False,0
0.2941176470588235,0.05188731154396391,1,4,0.17857142857142855,2,1,False,False,False,True,False,False,False,False,False,False,False,False,False,False,False,False,False,False,False,False,False,False,False,False,True,False,False,True,False,False,False,True,False,True,False,False,False,False,False,False,False,1
0.8235294117647058,0.3877517332452955,4,4,0.30357142857142855,1,1,False,False,False,False,True,False,False,False,False,False,False,False,False,False,False,True,False,False,False,False,False,False,False,True,False,True,False,True,False,False,False,True,False,True,False,False,False,True,False,False,False,1
0.38235294117647056,0.14201606690877078,4,2,0.25000000000000006,1,1,False,False,True,False,False,False,True,False,False,False,True,False,False,False,False,False,False,False,False,False,False,True,False,False,True,False,False,False,False,False,True,False,False,True,True,False,False,True,False,True,False,0
0.2941176470588235,0.055463849455265765,3,3,0.6785714285714286,1,1,False,True,False,False,True,False,False,False,False,False,True,False,False,False,False,False,False,True,False,False,False,True,False,False,True,False,False,False,False,False,True,False,False,True,True,False,True,False,False,False,False,0
0.029411764705882346,0.02767690106745901,2,3,0.8035714285714286,1,1,True,False,False,False,True,False,False,False,False,False,True,False,False,False,False,False,False,False,False,False,False,True,False,False,True,False,False,False,True,False,False,False,False,True,True,False,False,True,False,False,False,0
0.20588235294117646,0.11978650819852536,4,2,0.41071428571428575,2,1,True,False,False,False,False,True,False,False,False,False,False,False,False,False,False,True,False,False,False,True,False,False,False,True,False,True,False,False,False,True,False,False,False,True,True,False,False,True,False,False,False,0
0.2941176470588235,0.12589413447782546,4,4,0.49999999999999994,2,2,False,False,True,False,False,True,False,False,False,False,False,False,False,False,False,False,False,False,False,False,False,False,False,True,False,True,False,False,False,False,True,False,False,True,True,False,True,False,False,False,False,1
0.16176470588235292,0.055793991416309016,2,2,0.10714285714285715,1,1,True,False,False,True,False,False,False,False,False,False,False,False,False,False,False,False,True,False,False,False,False,True,False,False,False,False,True,False,False,True,False,False,False,True,False,False,False,True,False,False,False,1
0.38235294117647056,0.44767249917464513,2,2,0.5357142857142858,1,1,True,False,False,False,False,False,True,False,False,True,False,False,False,False,False,False,False,False,False,False,False,False,True,False,False,True,False,False,False,True,False,False,False,True,True,False,False,True,False,False,False,1
0.6470588235294117,0.2527786948387807,3,2,0.25000000000000006,1,1,False,False,True,False,True,False,False,False,False,False,False,False,False,False,False,True,False,False,False,False,False,False,False,False,False,True,False,False,False,False,True,False,False,False,False,False,False,False,True,True,False,1
0.25,0.14707824364476726,1,1,0.16071428571428575,1,1,False,True,False,False,True,False,False,False,False,False,False,False,False,False,False,False,True,False,False,False,False,True,False,False,True,False,False,False,False,False,True,False,False,False,True,False,False,False,True,True,False,0
0.47058823529411764,0.43903378452734676,2,2,0.125,1,2,False,False,False,False,True,False,False,True,False,False,False,False,False,False,False,False,False,False,False,False,False,True,False,False,False,True,False,False,False,True,False,False,False,True,True,False,False,True,False,False,False,1
0.2941176470588235,0.09783206778914934,2,2,0.19642857142857145,2,1,False,False,True,False,False,False,True,False,False,True,False,False,False,False,False,False,False,False,False,False,False,False,True,False,False,True,False,False,False,True,False,False,False,True,True,False,True,False,False,False,False,0
0.16176470588235292,0.06509298998569385,4,3,0.10714285714285715,2,1,False,False,False,False,False,False,True,False,False,True,False,False,False,False,False,False,False,False,False,False,False,True,False,False,True,False,False,False,False,True,False,False,False,True,False,False,False,True,False,False,False,0
0.5588235294117647,0.3322878837900297,2,1,0.25000000000000006,2,1,False,True,False,False,False,False,False,False,False,False,False,False,False,False,False,True,False,False,False,False,True,False,False,False,False,False,False,False,False,True,False,False,False,True,True,False,False,True,False,False,False,0
0.13235294117647056,0.06377242214152085,2,4,0.8035714285714286,1,1,False,False,True,False,True,False,False,False,False,False,True,False,False,False,False,False,True,False,False,False,False,False,False,False,True,False,False,False,False,False,False,False,False,True,True,False,False,True,False,False,False,0
0.2941176470588235,0.3482447452404534,4,2,0.17857142857142855,1,1,False,False,False,False,True,False,False,True,False,False,False,False,False,False,False,False,False,False,False,False,False,False,False,False,False,True,False,False,False,False,False,True,False,True,False,True,False,False,True,True,False,0
0.2941176470588235,0.08215032463959503,4,2,0.5178571428571428,2,1,True,False,False,False,False,False,True,False,False,False,True,False,False,False,False,False,False,False,False,False,False,False,False,True,False,True,False,False,False,True,False,False,False,True,True,False,True,False,False,False,False,0
0.1176470588235294,0.18240343347639487,2,1,0.32142857142857145,2,2,False,False,True,False,False,False,True,False,False,False,False,False,False,True,False,False,False,False,False,True,True,False,False,False,False,True,False,False,False,True,False,False,False,True,True,False,True,False,False,False,False,0
0.16176470588235292,0.07257620776934082,4,4,0.26785714285714285,1,2,False,False,True,True,False,False,False,False,False,False,True,False,False,False,False,False,True,False,False,False,False,False,False,True,False,True,False,False,False,False,True,False,False,False,True,False,True,False,False,False,False,0
0.20588235294117646,0.09276989105315285,2,4,0.07142857142857145,2,1,False,False,False,False,True,False,False,False,False,False,True,False,False,False,False,False,False,False,False,True,False,False,True,False,False,False,True,False,False,False,True,False,False,True,False,False,True,False,False,False,False,0
0.47058823529411764,0.20408275558490152,4,3,0.19642857142857145,1,1,False,False,False,False,True,False,False,False,False,True,False,False,False,False,False,False,False,False,False,False,False,False,False,False,False,True,False,False,False,True,False,False,False,True,True,False,False,False,True,True,False,0
0.1176470588235294,0.11775063277209201,4,3,0.5535714285714286,1,1,False,False,True,False,True,False,False,False,False,False,False,False,False,False,False,False,False,False,False,True,False,False,False,True,False,True,False,False,False,False,True,False,False,True,True,False,False,True,False,True,False,0
0.1176470588235294,0.0817651590183779,3,4,0.21428571428571425,1,1,False,False,True,False,True,False,False,False,False,True,False,False,False,False,False,False,False,False,False,False,False,False,True,False,True,False,False,False,False,False,False,False,False,True,True,False,True,False,False,False,False,0
0.38235294117647056,0.19847034224716628,4,4,0.37499999999999994,1,1,False,False,False,False,True,False,False,True,False,False,False,False,False,False,False,False,False,False,False,False,False,True,False,False,False,False,False,False,False,True,False,False,False,True,True,False,False,False,True,True,False,0
0.1176470588235294,0.030483107736326624,4,4,0.33928571428571425,1,1,False,False,True,False,True,False,False,False,False,False,True,False,False,False,False,False,False,False,False,False,False,False,False,True,False,True,False,False,False,False,True,False,False,True,True,False,False,True,False,False,False,0
0.6029411764705882,0.08776273797733025,4,4,0.07142857142857145,1,1,False,False,False,False,True,False,False,False,False,False,True,False,False,False,False,False,False,False,False,False,False,True,False,False,False,True,False,False,False,False,False,True,False,True,False,True,False,True,False,True,False,1
0.6029411764705882,0.23803235391218225,3,4,0.14285714285714285,1,1,True,False,False,False,False,False,True,True,False,False,False,False,False,False,False,False,True,False,False,False,False,False,False,False,False,True,False,False,False,False,True,False,False,True,True,False,False,True,False,False,False,0
